bus0,bus1,voltage,s_nom,length,type,geometry,bus0_name,bus1_name,link_name
way/273601208-220,RS5-220,220.0,491.5560191880474,48711.71,Al/St 240/40 2-bundle 220.0,"LINESTRING (20.394382948186543 45.41332240974072, 20.401907857184074 45.41388458286103, 20.4077772 45.4107522, 20.4115752 45.4087436, 20.4155377 45.4066245, 20.4187421 45.4049473, 20.4219822 45.4032349, 20.4243631 45.3998396, 20.4268888 45.396264, 20.4291498 45.3929785, 20.4329291 45.3877813, 20.4366907 45.3856232, 20.4396069 45.3838457, 20.4437218 45.3814639, 20.4484492 45.3807345, 20.4533881 45.3799075, 20.4581419 45.3791378, 20.4631104 45.3783472, 20.467605 45.3776086, 20.4719589 45.376896, 20.4760685 45.3762199, 20.4801706 45.3755801, 20.4815293 45.3734672, 20.4839744 45.370852, 20.486792 45.3678614, 20.489628 45.3648597, 20.4923825 45.3618838, 20.4951504 45.3589248, 20.4978821 45.356019, 20.5006731 45.3530523, 20.5033454 45.350188, 20.5058828 45.347479, 20.5084201 45.3447585, 20.5108657 45.3421593, 20.5133004 45.3395676, 20.5170849 45.3375981, 20.5211608 45.3354426, 20.5252637 45.3332795, 20.5293504 45.3311162, 20.5333508 45.3290478, 20.5374051 45.3268844, 20.5414649 45.3247474, 20.5455786 45.3225839, 20.5497409 45.3204088, 20.5533418 45.3185032, 20.5566511 45.3167684, 20.5609214 45.3152574, 20.5654022 45.3136554, 20.56991 45.3120684, 20.5743693 45.3104739, 20.5788879 45.3088679, 20.5831959 45.3073568, 20.5874068 45.3058646, 20.5916899 45.3043235, 20.596017 45.3027949, 20.6003968 45.3012292, 20.6049331 45.2996338, 20.6090903 45.29814, 20.6121346 45.2961975, 20.6155939 45.2940222, 20.6192097 45.2917452, 20.6223381 45.2897644, 20.6257827 45.2875724, 20.629632 45.2851448, 20.6335423 45.2826877, 20.6370647 45.2804487, 20.6408168 45.2780539, 20.6431566 45.2746712, 20.6453007 45.2715277, 20.6473342 45.2685398, 20.6494272 45.2654918, 20.6514607 45.2626473, 20.6535963 45.2594792, 20.6557914 45.2562571, 20.6579185 45.2531606, 20.6601646 45.2499381, 20.6623768 45.2467753, 20.6646485 45.2434805, 20.6668266 45.2403833, 20.6674137 45.2370582, 20.6680348 45.2339246, 20.6686474 45.2306831, 20.6694046 45.226872, 20.6700342 45.2235642, 20.6706468 45.220298, 20.6713275 45.2168339, 20.6719826 45.2134175, 20.6726037 45.2102228, 20.6731993 45.2071237, 20.6737949 45.2039405, 20.6744415 45.2006673, 20.6751392 45.197124, 20.6758199 45.1936405, 20.676458 45.1902827, 20.6771557 45.1867808, 20.6778448 45.1832007, 20.6784915 45.1796684, 20.6792997 45.1754761, 20.6799974 45.1719613, 20.6806526 45.1685662, 20.6813077 45.1651649, 20.6820139 45.1615175, 20.6825924 45.1584938, 20.6832986 45.1548099, 20.6839963 45.1512818, 20.684677 45.1476935, 20.6854002 45.1440149, 20.6861149 45.1403001, 20.6867445 45.1370892, 20.6874193 45.1335176, 20.688111 45.1299906, 20.6887905 45.1263435, 20.6894883 45.1229915, 20.6901435 45.1196394, 20.6905743 45.1173574, 20.6897492 45.1143218, 20.6889543 45.1110677, 20.6878475 45.1072913, 20.6868926 45.1035959, 20.6860021 45.1000366, 20.6851438 45.0966741, 20.684307 45.0933113, 20.6834165 45.0897513, 20.6824938 45.086426, 20.6816462 45.0828657, 20.680745 45.0793733, 20.680544271184065 45.07857447899656, 20.680936499999998 45.074081190693846)",Zrenjanin,Kaluderica,Kaluderica-Zrenjanin
way/52564762-220,RS7-220,220.0,491.5560191880474,23873.39,Al/St 240/40 2-bundle 220.0,"LINESTRING (20.166458177704666 44.66241157637701, 20.17242028359338 44.67137416296828, 20.1736636 44.6747776, 20.1746809 44.6777521, 20.174643 44.6794664, 20.1748146 44.6825712, 20.1750998 44.6885514, 20.1759304 44.6910228, 20.1769711 44.6939134, 20.1781406 44.6973835, 20.1793422 44.7008382, 20.1804795 44.704224, 20.1817455 44.7078994, 20.1830115 44.711544, 20.1842453 44.7151732, 20.1853933 44.7184743, 20.1882579 44.720769, 20.1917769 44.723559, 20.1951137 44.7261437, 20.1989116 44.7290854, 20.2021946 44.7316921, 20.2057029 44.7344893, 20.2092113 44.7372482, 20.2127732 44.7400223, 20.2162708 44.7427352, 20.2194573 44.745227, 20.2222897 44.748214, 20.2252402 44.751338, 20.2280082 44.7541266, 20.2307762 44.7569912, 20.2337696 44.7601071, 20.2367415 44.7632, 20.2397563 44.7663156, 20.2424153 44.769143, 20.2446099 44.7698961, 20.2513971 44.7721501, 20.2556993 44.7736201, 20.2603234 44.7751967, 20.2646364 44.7766437, 20.2671041 44.7774967, 20.2713205 44.7789742, 20.276245 44.7806191, 20.2807297 44.782165, 20.2845921 44.7834368, 20.2887012 44.7848455, 20.2929177 44.7862466, 20.2969517 44.787663, 20.3006317 44.7889346, 20.3052987 44.7893762, 20.3101589 44.7899016, 20.3150083 44.7903204, 20.3202011 44.7908305, 20.3252436 44.791333, 20.3296639 44.7917899, 20.3335799 44.792102, 20.3374423 44.7932822, 20.3420021 44.7945841, 20.3460683 44.795848, 20.3501006 44.7970549, 20.3541044 44.7985534, 20.355331342143046 44.79902945761549, 20.3609207 44.801088490487324)",StaraPazova,Indija,StaraPazova-Indija
way/52564762-220,RS7-220,220.0,491.5560191880474,23893.13,Al/St 240/40 2-bundle 220.0,"LINESTRING (20.166458177704666 44.66241157637701, 20.17348009303479 44.67104648596794, 20.1753947 44.6745514, 20.176572 44.676776, 20.1764132 44.6793214, 20.1762737 44.6826856, 20.175906 44.688908, 20.1769604 44.691938, 20.178044 44.6951871, 20.1791169 44.6983368, 20.1802434 44.7015855, 20.1813485 44.7047959, 20.1824857 44.708212, 20.1837517 44.7117728, 20.1849641 44.7153104, 20.1859619 44.7183066, 20.1887836 44.720525, 20.1921953 44.7232084, 20.1954891 44.7256858, 20.1992764 44.7287576, 20.2025058 44.7312806, 20.2057351 44.7338338, 20.2092649 44.736608, 20.2128376 44.7394278, 20.2163674 44.7421941, 20.2199187 44.7449755, 20.222633 44.7477721, 20.225723 44.7510104, 20.2280404 44.7533647, 20.2310659 44.7564884, 20.2339949 44.7595815, 20.2368917 44.7625601, 20.2399494 44.7657062, 20.2428456 44.7687674, 20.2461721 44.769888, 20.2507104 44.7714418, 20.2555062 44.7730794, 20.2602698 44.7746864, 20.2648617 44.7762782, 20.2670719 44.7770017, 20.2692713 44.7777861, 20.2714171 44.7785172, 20.2761056 44.7800708, 20.2809335 44.7817233, 20.2851178 44.7831474, 20.288669 44.7843506, 20.2925851 44.7856984, 20.297059 44.7872289, 20.3007819 44.7885158, 20.3052129 44.7889193, 20.3101696 44.7894676, 20.315062 44.7898635, 20.3204049 44.7903965, 20.3254153 44.790899, 20.3298141 44.7913406, 20.3336443 44.7916528, 20.3373887 44.7927797, 20.341766 44.7940207, 20.3459396 44.7952846, 20.3505413 44.7966434, 20.3549735 44.7979519, 20.35593790042669 44.79835023069154, 20.3609207 44.801088490487324)",StaraPazova,Indija,StaraPazova-Indija2
way/52456886-400,RS6-400,400.0,1787.4764334110816,17393.49,Al/St 240/40 4-bundle 380.0,"LINESTRING (20.69914702538835 44.868700822881486, 20.70529187330245 44.86450014948779, 20.7077163 44.8623645, 20.7090547 44.8611856, 20.7122696 44.8583535, 20.7154158 44.8555818, 20.7184916 44.8528719, 20.7212086 44.8504781, 20.7244456 44.8483655, 20.7277821 44.8461878, 20.7308831 44.8441638, 20.7335694 44.8424104, 20.7370458 44.8414209, 20.7411661 44.8402481, 20.7453921 44.8390451, 20.7500172 44.8377286, 20.7547429 44.8363833, 20.7589973 44.8351722, 20.7630795 44.8340102, 20.7667367 44.832969, 20.7704607 44.8319089, 20.7749301 44.8306365, 20.7795333 44.8293259, 20.7827312 44.8284155, 20.7857207 44.8276394, 20.78926 44.8267206, 20.7931933 44.8256994, 20.7971603 44.8246695, 20.8009326 44.8236902, 20.8046378 44.8227282, 20.8083718 44.8217587, 20.8124194 44.8207078, 20.816692 44.8195985, 20.8209263 44.818499, 20.8252331 44.8173808, 20.8295194 44.8162678, 20.8332708 44.8177238, 20.8372673 44.8192748, 20.8419414 44.8210887, 20.8462245 44.8227509, 20.8502982 44.8243318, 20.8540328 44.825781, 20.8581434 44.8273761, 20.8621984 44.8289495, 20.86649 44.8306148, 20.8714255 44.8325298, 20.8762861 44.8344157, 20.8812565 44.8363442, 20.88260626481322 44.83686784135809, 20.886728 44.84025409051721)",Smederevo,Zemun,Zemun-Smederevo
way/238954545-400,way/89109496-400,400.0,1787.4764334110816,55646.51,Al/St 240/40 4-bundle 380.0,"LINESTRING (19.167171179557204 45.767396277185206, 19.16931662208733 45.77264877748937, 19.16989 45.774194, 19.1711719 45.7778972, 19.1724587 45.7814685, 19.1736998 45.7849777, 19.1748811 45.7884571, 19.1760542 45.7915964, 19.176743 45.7934503, 19.1777354 45.7962517, 19.1787594 45.7990418, 19.1798887 45.8023158, 19.1812652 45.806065, 19.1825176 45.8097021, 19.1838844 45.8134409, 19.1877816 45.815896, 19.1916447 45.8182916, 19.1954037 45.8205122, 19.1986428 45.8225149, 19.2022282 45.8247168, 19.2059988 45.8270303, 19.2103124 45.8296276, 19.2136695 45.8316486, 19.2175419 45.8331679, 19.2219944 45.8349336, 19.2260364 45.8365287, 19.2306586 45.838343, 19.2345896 45.8398349, 19.2380763 45.8412278, 19.2417728 45.8426809, 19.2454817 45.8441167, 19.2495423 45.8457417, 19.2535782 45.8472978, 19.2569538 45.8499457, 19.2605528 45.8527179, 19.2641479 45.8555287, 19.2676544 45.8582891, 19.2710111 45.860919, 19.2743126 45.8634813, 19.2774078 45.8659019, 19.2807364 45.8684896, 19.2841905 45.8711502, 19.2876071 45.8738525, 19.2913759 45.876779, 19.2946426 45.8793297, 19.2984339 45.8810823, 19.3025401 45.883045, 19.3068156 45.8850876, 19.3109464 45.8870438, 19.3150224 45.8889526, 19.3192407 45.8909656, 19.3237072 45.8930766, 19.3274831 45.8948567, 19.3310951 45.8966112, 19.3344339 45.8986194, 19.3381584 45.900898, 19.3417929 45.9031285, 19.3455333 45.9053958, 19.3494522 45.9077991, 19.3529718 45.9099302, 19.356147 45.9118488, 19.359446 45.9138633, 19.362344 45.9156289, 19.3659263 45.9177979, 19.3697672 45.9201341, 19.3735047 45.9224277, 19.3773686 45.9247166, 19.3812115 45.927072, 19.3849915 45.9293845, 19.3887984 45.9317464, 19.3926031 45.9339563, 19.3958705 45.9359958, 19.3994056 45.9381745, 19.4034129 45.9405657, 19.4075991 45.9430599, 19.4114434 45.9454785, 19.41522 45.9477837, 19.419513 45.949439, 19.4237736 45.951041, 19.428435 45.9528463, 19.4327297 45.9545003, 19.4365241 45.9559959, 19.4403428 45.9574512, 19.444262 45.9589823, 19.4479683 45.9604001, 19.4521413 45.9619656, 19.4567979 45.9636991, 19.4614392 45.9654457, 19.4659462 45.9671368, 19.470288 45.9687791, 19.4740657 45.9701824, 19.4773098 45.9713874, 19.4816722 45.9738408, 19.4851569 45.975799, 19.4885879 45.9777477, 19.4919553 45.9795975, 19.495463 45.9815442, 19.4990436 45.9835584, 19.5021006 45.9856664, 19.505493 45.9879575, 19.5087864 45.9902223, 19.5093022 45.9905738, 19.5124655 45.9927296, 19.5159284 45.995082, 19.5196538 45.9975739, 19.5231274 46.0000184, 19.5262699 46.0021457, 19.5295652 46.0044014, 19.5334945 46.0070992, 19.5370185 46.0094407, 19.5403911 46.0112695, 19.5439759 46.0131878, 19.5483257 46.0155088, 19.5519147 46.0173802, 19.5560937 46.0195927, 19.5597866 46.0215305, 19.5632735 46.0233706, 19.567477 46.0255898, 19.5712772 46.0275274, 19.5741814 46.0290668, 19.5784001 46.0300571, 19.582866 46.0310923, 19.5868855 46.0320556, 19.5910382 46.0330066, 19.5955569 46.0340768, 19.6007778 46.0352218, 19.6046406 46.036265, 19.6084697 46.0371735, 19.6127515 46.0381591, 19.6162352 46.0389879, 19.6189062 46.0391694, 19.6234389 46.0394274, 19.6260987 46.0390689, 19.6304886 46.0385182, 19.6355154 46.0378497, 19.640625 46.0371805, 19.6457406 46.036499, 19.6499379 46.0359196, 19.6543376 46.0353749, 19.6595597 46.0346698, 19.6646052 46.0340219, 19.6697557 46.03333, 19.674983 46.0326408, 19.6795612 46.0320556, 19.6811869 46.0318256, 19.6840729 46.0314315, 19.6862696 46.0325577, 19.6882945 46.0336714, 19.6909788 46.0342983, 19.6937147 46.0349016, 19.6966973 46.0356315, 19.6996477 46.0363242, 19.7029093 46.0361901, 19.706203 46.0360486, 19.708505425747713 46.0359522600258, 19.7144894884492 46.03935091295225)",Sombor,Subotica,Subotica-Sombor
RS9-400,way/174921474-400,400.0,1787.4764334110816,3299.29,Al/St 240/40 4-bundle 380.0,"LINESTRING (21.201739415910573 44.758194503309184, 21.202795259720716 44.75376526890632, 21.2032337 44.7519392, 21.2039333 44.7490254, 21.204732 44.7456984, 21.2052737 44.743442, 21.2048679 44.7412189, 21.204352 44.7383919, 21.2036801 44.7347104, 21.20359316636321 44.7342339668547, 21.207236357879328 44.7294150945953)",VelikoGradiste,Pozarevac,Pozarevac-VelikoGradiste
RS8-400,RS9-400,400.0,1787.4764334110816,2641.76,Al/St 240/40 4-bundle 380.0,"LINESTRING (21.187602007360272 44.779795642785835, 21.190546672907494 44.775682490342824, 21.1932752 44.7718331, 21.195852044417954 44.76819718937149, 21.201739415910573 44.758194503309184)",Kovin,VelikoGradiste,VelikoGradiste-Kovin
way/152481174-400,way/238249884-400,400.0,1787.4764334110816,98721.75,Al/St 240/40 4-bundle 380.0,"LINESTRING (21.971151297861017 43.30212750627423, 21.97431288877972 43.307608423620806, 21.9745096 43.3083312, 21.9751891 43.3113185, 21.9760842 43.3146172, 21.9790456 43.3159623, 21.9830929 43.3177252, 21.9870923 43.3195136, 21.9898914 43.3207652, 21.9944494 43.3208532, 21.9994518 43.3209317, 22.0047628 43.3210109, 22.0093805 43.3210845, 22.0135937 43.3211357, 22.0184049 43.3212221, 22.023093 43.3212925, 22.0246543 43.322368, 22.0281603 43.3247803, 22.0310475 43.3267654, 22.0351889 43.3295889, 22.0397353 43.3327272, 22.0441015 43.335554, 22.0469987 43.337669, 22.0499839 43.3397238, 22.050834 43.3428924, 22.0518025 43.3468089, 22.0525556 43.3496615, 22.0533623 43.352917, 22.0547216 43.357528, 22.0565182 43.3596059, 22.0589919 43.3622725, 22.0610491 43.3644792, 22.0648771 43.3687206, 22.0696267 43.3723014, 22.0731419 43.375043, 22.07481 43.3762954, 22.0787618 43.3792363, 22.0807321 43.3807093, 22.0845542 43.3814622, 22.0876977 43.3821004, 22.0905524 43.3826668, 22.094039 43.3833803, 22.0968825 43.3839746, 22.0983589 43.3842486, 22.1024685 43.3850582, 22.1092868 43.3864452, 22.1115468 43.3868895, 22.1150711 43.3876091, 22.1172325 43.3880284, 22.1215566 43.3904424, 22.1246833 43.3922239, 22.131817 43.3927986, 22.1351146 43.3947401, 22.1408265 43.3981455, 22.1426283 43.4004511, 22.1446477 43.403005, 22.1474112 43.406561, 22.1500654 43.4099719, 22.1525572 43.4131453, 22.1542895 43.4153748, 22.1529306 43.4188853, 22.1522748 43.4205675, 22.1511544 43.4234394, 22.1535583 43.4279545, 22.155413 43.4314141, 22.1570041 43.4344086, 22.1581244 43.4369632, 22.1589466 43.4388363, 22.1604593 43.4422497, 22.1614855 43.4446226, 22.1623345 43.4465442, 22.1633741 43.4488513, 22.1648223 43.4521273, 22.1663067 43.4555185, 22.1671292 43.457397, 22.1678718 43.4590869, 22.1693565 43.4624476, 22.1704458 43.4649154, 22.1712036 43.466642, 22.1715717 43.4693315, 22.1717829 43.4709337, 22.1720082 43.4725225, 22.1722537 43.4744591, 22.1727094 43.4778131, 22.1730116 43.4800034, 22.1734101 43.4829601, 22.173873 43.486366, 22.174355 43.4899568, 22.1746813 43.4924964, 22.1754 43.4976826, 22.1760222 43.5023001, 22.1765538 43.5062286, 22.176838 43.5083068, 22.1771021 43.5102806, 22.1773897 43.5124168, 22.1778243 43.5155276, 22.1784361 43.520105, 22.1787316 43.5221929, 22.1796435 43.5292911, 22.1835852 43.5328845, 22.1864544 43.5352044, 22.1847924 43.5387521, 22.1831284 43.5420523, 22.1824774 43.546246, 22.1821844 43.5479446, 22.1794341 43.5545338, 22.1780914 43.5575413, 22.1770997 43.5599279, 22.1759489 43.562734, 22.1773335 43.5645141, 22.1795523 43.5672648, 22.1828304 43.5713845, 22.184596 43.5735979, 22.1871416 43.5766355, 22.1892014 43.5791782, 22.1924812 43.5831962, 22.1941383 43.5853093, 22.1959968 43.5875766, 22.2029234 43.5962533, 22.2063381 43.5991691, 22.2085229 43.6010399, 22.2121231 43.6042191, 22.2159982 43.6075325, 22.2200289 43.6109928, 22.2221132 43.6127785, 22.2272229 43.617111, 22.2276121 43.6206406, 22.2280775 43.6247599, 22.2284547 43.6280365, 22.228925 43.6322277, 22.2294345 43.6366596, 22.2300272 43.6415167, 22.2305661 43.6461075, 22.2308307 43.6483692, 22.2312618 43.6521761, 22.2314969 43.6542106, 22.2318447 43.657078, 22.232217 43.6603315, 22.2326432 43.6640527, 22.2343039 43.6691804, 22.2372149 43.6781067, 22.2388482 43.6829552, 22.2398059 43.68601, 22.2406769 43.6884627, 22.2420829 43.6929224, 22.2433419 43.696723, 22.2439676 43.6985484, 22.245011 43.701743, 22.2458879 43.7036413, 22.2468187 43.7056847, 22.2479748 43.708245, 22.2500471 43.7127139, 22.252183 43.7173382, 22.2538682 43.7210311, 22.2553672 43.7243201, 22.2568369 43.7274992, 22.2576893 43.729294, 22.2587523 43.7316409, 22.259497 43.7332905, 22.2610156 43.7358178, 22.2635356 43.7399261, 22.2658618 43.7437815, 22.267542 43.7465295, 22.2695726 43.7498388, 22.2711161 43.7524245, 22.272862 43.7553263, 22.2741917 43.7575089, 22.2766769 43.7616038, 22.2781492 43.7640624, 22.280935 43.7686356, 22.2797692 43.7720662, 22.2788826 43.7746469, 22.2770448 43.7801198, 22.2763206 43.7821839, 22.274755 43.7867442, 22.2739047 43.7892339, 22.2724597 43.7934618, 22.2714727 43.7963676, 22.2693872 43.8024873, 22.2685226 43.8050207, 22.2667982 43.8101014, 22.2655079 43.8138302, 22.2656923 43.8179534, 22.2658825 43.8220206, 22.2660252 43.825474, 22.2661501 43.8285198, 22.2662512 43.8305916, 22.2665009 43.8362321, 22.2666853 43.8403624, 22.2668458 43.8439992, 22.2669588 43.8465208, 22.2649133 43.8487979, 22.2611494 43.8529187, 22.2572903 43.8572365, 22.2558573 43.8588186, 22.2526285 43.8623856, 22.250803 43.8643963, 22.2475326 43.8680231, 22.2455763 43.8702008, 22.2434714 43.8737329, 22.2424189 43.8754345, 22.2398264 43.8797764, 22.2387561 43.8815379, 22.2370614 43.8843751, 22.235337 43.8872421, 22.23611 43.8912703, 22.2366155 43.8937856, 22.2370555 43.8963694, 22.2375312 43.8987388, 22.237995 43.9010996, 22.2355689 43.9036831, 22.2336959 43.9056838, 22.2301995 43.9093894, 22.227607 43.9121268, 22.2253653 43.9145213, 22.2236944 43.9162989, 22.2212446 43.9189245, 22.2187829 43.9215243, 22.2159466 43.9245395, 22.2128189 43.9278757, 22.2108566 43.9299398, 22.2091798 43.9347358, 22.2065219 43.9422889, 22.2054099 43.9455341, 22.2034001 43.9512022, 22.2015984 43.9563861, 22.200873 43.9584193, 22.1999276 43.9610901, 22.1989048 43.9639963, 22.197894 43.9668852, 22.1964966 43.9708865, 22.1923164 43.9826923, 22.1905564 43.9877322, 22.1806094 43.9943176, 22.177885 43.9961068, 22.1720757 43.9998768, 22.1697775 44.001956, 22.1669742 44.0044195, 22.1639844 44.0070573, 22.1615478 44.0092524, 22.1588813 44.0116217, 22.155848 44.0143262, 22.1528769 44.0169814, 22.1500238 44.0194801, 22.1469035 44.0221351, 22.1470351 44.0241937, 22.1471281 44.0260518, 22.1421589 44.0315973, 22.1362029 44.0381217, 22.1342327 44.0402943, 22.131171 44.0436655, 22.128341 44.0467932, 22.1264609 44.0488321, 22.126231868208578 44.04908144861478, 22.123138861642577 44.0545705220359)",Nis,Zajecar,Nis-Zajecar
way/240179355-400,way/152481174-400,400.0,1787.4764334110816,100042.04,Al/St 240/40 4-bundle 380.0,"LINESTRING (21.293971290973968 43.954704535378475, 21.3015007741021 43.9534495317239, 21.3019617 43.95349, 21.3063482 43.9538627, 21.3098461 43.954185, 21.313582 43.9554894, 21.3159116 43.9563103, 21.3197804 43.9577053, 21.3235512 43.9590298, 21.327371 43.9603844, 21.3309599 43.9616736, 21.3343529 43.9628872, 21.3358781 43.9634109, 21.3397958 43.9623937, 21.3444481 43.9612355, 21.3492123 43.960042, 21.354914 43.9585967, 21.3596293 43.957378, 21.3643236 43.9561844, 21.368731 43.9550764, 21.3730615 43.9539987, 21.3775809 43.9528403, 21.3816875 43.9518028, 21.3835205 43.9490779, 21.385302 43.9464302, 21.3869913 43.9439356, 21.3887868 43.9412917, 21.3905453 43.9386632, 21.3925598 43.935696, 21.393868 43.9336634, 21.3946172 43.931263, 21.3954429 43.9285376, 21.3962894 43.9256955, 21.3972006 43.9226434, 21.3978378 43.920631, 21.4013653 43.9184814, 21.406026 43.9156339, 21.4097099 43.9135246, 21.413841 43.9123911, 21.4184202 43.9111117, 21.4229408 43.909901, 21.4277147 43.908595, 21.4321471 43.9074001, 21.4362641 43.9063374, 21.4402489 43.9052482, 21.4423037 43.9017321, 21.443995 43.8987975, 21.4433492 43.8959367, 21.4425199 43.8924781, 21.4415659 43.8884112, 21.4407073 43.8845978, 21.4399955 43.8814983, 21.4406128 43.8788683, 21.4412871 43.8760288, 21.4420455 43.8730728, 21.4432685 43.8681304, 21.4440339 43.8648562, 21.4442324 43.8641123, 21.4444532 43.8632845, 21.4451403 43.8602575, 21.4457505 43.8578426, 21.4466684 43.8540346, 21.447479 43.8507507, 21.4508169 43.8476687, 21.4532011 43.8453001, 21.4564912 43.8420931, 21.4590309 43.8396035, 21.4616273 43.8371942, 21.4639423 43.834996, 21.4671068 43.8318779, 21.46995 43.8291647, 21.4722805 43.826933, 21.4745276 43.8247313, 21.4784291 43.8209481, 21.4804404 43.8190074, 21.485167 43.8145087, 21.487736 43.8119797, 21.4890127 43.8095215, 21.4903956 43.8069965, 21.491509 43.8048436, 21.494221 43.7997545, 21.4961713 43.7961127, 21.5050226 43.7930364, 21.5081215 43.7919298, 21.5121042 43.7905319, 21.5152606 43.7879737, 21.518501 43.7853455, 21.5217725 43.7827285, 21.526144 43.7792521, 21.5288903 43.777008, 21.5318155 43.7746796, 21.5342584 43.7726882, 21.537168 43.7703427, 21.5402099 43.7678736, 21.5432674 43.7654268, 21.5454496 43.7636851, 21.5487521 43.7596312, 21.5515529 43.7562232, 21.5533772 43.7540232, 21.5577223 43.7488418, 21.5598656 43.74733, 21.5622888 43.7455652, 21.5628614 43.7429491, 21.5632979 43.7410567, 21.5642068 43.7367857, 21.5646863 43.7345105, 21.5655165 43.7307406, 21.5668262 43.7247415, 21.5675991 43.7211831, 21.5682289 43.7182193, 21.5693382 43.7132122, 21.5704761 43.7079304, 21.5709055 43.7059955, 21.571657 43.7024878, 21.5726216 43.698231, 21.5733671 43.6957922, 21.5742838 43.6929468, 21.5760437 43.6875561, 21.576722 43.6853599, 21.5793863 43.683221, 21.5841772 43.6794116, 21.5859799 43.6779576, 21.5885892 43.6758627, 21.5939728 43.6715356, 21.5971627 43.6689631, 21.6042933 43.6645182, 21.6076736 43.6623966, 21.6097569 43.6610715, 21.6133364 43.6588031, 21.6162692 43.6569823, 21.6193558 43.6550476, 21.6232429 43.6525968, 21.625543 43.6511451, 21.6289966 43.6489724, 21.6329711 43.6464632, 21.6360542 43.6445383, 21.6383613 43.6430838, 21.6419722 43.6418139, 21.6459397 43.6404302, 21.6490058 43.6393582, 21.6520424 43.6383005, 21.6555114 43.6370854, 21.6592071 43.6357731, 21.6641378 43.6340491, 21.6678936 43.6327334, 21.6717975 43.6313809, 21.6764691 43.6297271, 21.6801279 43.6284395, 21.6846515 43.6268444, 21.6867365 43.6255967, 21.6917579 43.622554, 21.6960973 43.6199498, 21.7001163 43.6175794, 21.7036792 43.6153827, 21.7069758 43.6133987, 21.7070759 43.6109205, 21.7072189 43.6047997, 21.7072954 43.6004691, 21.7073972 43.5977987, 21.707515 43.5937061, 21.7075343 43.5918022, 21.7075667 43.5895551, 21.7077336 43.5862779, 21.7078022 43.5822078, 21.7078386 43.5792481, 21.7078589 43.5766001, 21.7079421 43.574058, 21.7095283 43.5727052, 21.7131766 43.5696426, 21.7167828 43.5666359, 21.7208761 43.5631904, 21.7235664 43.5609322, 21.7255155 43.5592888, 21.7287949 43.5565551, 21.7304698 43.5551318, 21.7319224 43.5495807, 21.7313436 43.5438235, 21.7310995 43.5415645, 21.7307705 43.538482, 21.7320388 43.5371005, 21.736342 43.5369505, 21.7403774 43.5372111, 21.7440328 43.5363217, 21.7494244 43.5349497, 21.7535092 43.5339393, 21.7559946 43.5333062, 21.7567838 43.5318331, 21.7588326 43.5280375, 21.7601172 43.525718, 21.761532 43.5237911, 21.763035 43.5217881, 21.7670863 43.5163296, 21.7692652 43.5133886, 21.7732115 43.5118176, 21.7778002 43.5100181, 21.7813855 43.507162, 21.7841899 43.5049148, 21.7873595 43.5023691, 21.790038 43.5001918, 21.7933126 43.4975759, 21.7982749 43.4936045, 21.8008317 43.4915365, 21.8038301 43.4891243, 21.8067587 43.4867831, 21.810264 43.4839837, 21.8157582 43.4795714, 21.8188757 43.4770711, 21.8204249 43.4721969, 21.8209148 43.4706194, 21.8219041 43.4675024, 21.8230753 43.463811, 21.8243033 43.4598395, 21.8252573 43.4569073, 21.8273363 43.4503117, 21.8286916 43.446973, 21.8300886 43.4435305, 21.8314054 43.4402851, 21.8337982 43.4344197, 21.8360625 43.4288648, 21.8369671 43.4266605, 21.83883 43.4219446, 21.8399327 43.419433, 21.8419062 43.4145383, 21.844057 43.4125701, 21.8467334 43.4101113, 21.8518442 43.4054475, 21.8532939 43.4041289, 21.8574145 43.4003481, 21.8595373 43.3984001, 21.8620908 43.3960764, 21.864453 43.3938839, 21.8671921 43.3914646, 21.8687332 43.3901103, 21.8731426 43.3861038, 21.8755343 43.3840174, 21.8780823 43.3816954, 21.8819297 43.3782639, 21.8845465 43.3759175, 21.8873594 43.3733879, 21.8898851 43.3711529, 21.8938427 43.3690183, 21.8970517 43.3672882, 21.897354 43.3671276, 21.9001992 43.3656167, 21.9044984 43.3633005, 21.9095614 43.3605739, 21.9128241 43.358799, 21.9174688 43.3563178, 21.9201289 43.3548888, 21.9248909 43.3523522, 21.9287689 43.3502822, 21.9316269 43.3487298, 21.9357304 43.3465209, 21.9382967 43.3450176, 21.9425718 43.3425176, 21.9459218 43.3405665, 21.949106 43.3386802, 21.9530929 43.3363311, 21.9555526 43.3348743, 21.9589138 43.3329095, 21.9629402 43.3305261, 21.9647868 43.3286109, 21.9664788 43.3270102, 21.9696499 43.3236196, 21.9720198 43.3211641, 21.9741312 43.3189534, 21.9760451 43.3169689, 21.9754512 43.3147554, 21.9745196 43.3114196, 21.973735 43.3084807, 21.973543617266223 43.30776656094465, 21.971151297861017 43.30212750627423)",Paracin,Nis,Nis-Paracin
way/1302365574-220,way/196695540-220,220.0,491.5560191880474,56759.19,Al/St 240/40 2-bundle 220.0,"LINESTRING (20.668419861582375 42.231757496717705, 20.66793745595414 42.23703412476731, 20.6675416 42.2385861, 20.6666703 42.241992, 20.6660665 42.2444829, 20.665313 42.2474406, 20.6664916 42.2491818, 20.6684051 42.2519408, 20.6736856 42.256595, 20.676766 42.2593549, 20.6795212 42.2617345, 20.6835134 42.2652981, 20.689543 42.2706278, 20.6923924 42.2731588, 20.6962206 42.2762302, 20.6987158 42.2782521, 20.7002096 42.2794125, 20.7022379 42.2823278, 20.7044987 42.2854454, 20.7070183 42.2890714, 20.709346 42.2923567, 20.7113121 42.2951304, 20.7136439 42.2984402, 20.7165724 42.3009333, 20.719609 42.3034956, 20.7225714 42.3059905, 20.725586 42.3085068, 20.7284119 42.3109231, 20.7311549 42.3132598, 20.7343747 42.3159506, 20.7372173 42.3183738, 20.7405485 42.3211808, 20.7438103 42.3239302, 20.7440969 42.3280825, 20.7443871 42.3317634, 20.7446846 42.3357269, 20.7449529 42.3393477, 20.7452564 42.3434257, 20.7456544 42.3479925, 20.7470536 42.3512623, 20.749119 42.3558399, 20.7501759 42.3583095, 20.7516686 42.3617193, 20.7532821 42.3653462, 20.7546953 42.3684772, 20.7544583 42.3720758, 20.7542988 42.3744971, 20.7539692 42.3790368, 20.753656 42.3836802, 20.7534838 42.3868702, 20.7532494 42.3900616, 20.7531084 42.3940315, 20.7531687 42.3974781, 20.7532975 42.4008339, 20.753368 42.4036356, 20.7534978 42.4069791, 20.7535622 42.4099209, 20.753666 42.4123557, 20.7537411 42.4157008, 20.7537373 42.4182471, 20.7538492 42.4199952, 20.7539148 42.4217279, 20.7540229 42.4248125, 20.7521836 42.4283887, 20.7504497 42.4316523, 20.7488482 42.4347365, 20.7470352 42.4381862, 20.7452366 42.4415757, 20.7434234 42.4450338, 20.7416594 42.4484258, 20.7402538 42.4511205, 20.7387748 42.4539639, 20.7369137 42.457554, 20.7356423 42.4600352, 20.7341043 42.462964, 20.732416 42.466226, 20.7304266 42.4700225, 20.7284549 42.4738797, 20.7268485 42.4769932, 20.7285154 42.4808845, 20.7298257 42.4839504, 20.7315109 42.4879766, 20.7329375 42.4912815, 20.7362716 42.4949501, 20.738634 42.4975579, 20.7419517 42.5012385, 20.7438694 42.5033852, 20.7470775 42.5069543, 20.7493361 42.5094678, 20.7523032 42.5127401, 20.7536228 42.5141563, 20.7552247 42.515927, 20.7581896 42.5167674, 20.7615943 42.5176983, 20.7658779 42.5188913, 20.7699952 42.5200242, 20.7745434 42.5213444, 20.7784482 42.5224537, 20.782917 42.5236809, 20.7871157 42.5248676, 20.7910074 42.5259301, 20.7955677 42.5272027, 20.8003701 42.5285543, 20.8048999 42.5297931, 20.8086921 42.5308395, 20.8102732 42.5332807, 20.8123585 42.5364059, 20.8139807 42.5388272, 20.8160363 42.5418619, 20.8187634 42.545897, 20.8205929 42.5486295, 20.8223811 42.5513382, 20.8239207 42.5535809, 20.8260864 42.5568078, 20.8283328 42.5602069, 20.8303023 42.5631664, 20.831551 42.5652523, 20.8324109 42.5666285, 20.833083 42.567735, 20.8350508 42.5708587, 20.8369238 42.5738411, 20.8389785 42.5758993, 20.840561 42.5775584, 20.8433414 42.5803743, 20.8466313 42.5837086, 20.8490791 42.5862583, 20.8510672 42.5882742, 20.8533332 42.5906071, 20.8561476 42.5934482, 20.8587459 42.5960916, 20.8595399 42.5991444, 20.860442 42.6024993, 20.8613591 42.6060575, 20.8617417 42.6073558, 20.8623456 42.6097673, 20.8632231 42.6129018, 20.86471 42.6150461, 20.8668055 42.6182851, 20.8688475 42.6214066, 20.871274 42.6252401, 20.8725759 42.6280423, 20.8740218 42.6311964, 20.8757131 42.6348547, 20.8772662 42.6381576, 20.8788728 42.6416382, 20.8802461 42.644651, 20.8816353 42.647642, 20.883862 42.6503916, 20.8863428 42.6535029, 20.8885246 42.6562098, 20.8917299 42.6602398, 20.895323181923693 42.66232333812586, 20.900602204610045 42.66546310107873)",Bojnik,Tutin,Tutin-Bojnik
way/616241694-220,way/196695540-220,220.0,491.5560191880474,2396.26,Al/St 240/40 2-bundle 220.0,"LINESTRING (20.897354322751983 42.64454013336954, 20.89674333208428 42.64961826736397, 20.8968113 42.6508793, 20.8972121 42.6589829, 20.897315197850485 42.66112886937647, 20.900602204610045 42.66546310107873)",NoviPazar,Tutin,Tutin-NoviPazar
way/317499556-400,RS28-400,400.0,1787.4764334110816,81561.58,Al/St 240/40 4-bundle 380.0,"LINESTRING (21.06662440521797 42.700110252727924, 21.078090769938015 42.7005429126769, 21.0781988 42.7004545, 21.0809132 42.6982665, 21.0820931 42.6957511, 21.0833538 42.6930503, 21.0842338 42.6911656, 21.0853815 42.6886776, 21.0884017 42.6870254, 21.0914111 42.6853653, 21.0945388 42.6836065, 21.096631 42.6824472, 21.0998067 42.6806686, 21.1015233 42.6797497, 21.1050475 42.677766, 21.1060294 42.6772415, 21.1097148 42.6751513, 21.1104692 42.6734491, 21.1110399 42.6708375, 21.1103461 42.6686258, 21.1112803 42.6657731, 21.1120884 42.663312, 21.1129145 42.6606534, 21.1149812 42.6577105, 21.1170033 42.6548309, 21.1190155 42.6519344, 21.1199847 42.6498654, 21.1207247 42.647957, 21.1214695 42.6453588, 21.1214115 42.6421681, 21.1214412 42.6398154, 21.1214252 42.6374476, 21.1214523 42.6332505, 21.1214198 42.6304306, 21.121412 42.6265133, 21.1213983 42.6239891, 21.1222459 42.6208667, 21.1229822 42.6180839, 21.123866 42.6148743, 21.1248315 42.6111948, 21.1256259 42.608216, 21.126296 42.6057897, 21.1269934 42.6032509, 21.1277444 42.600321, 21.1280974 42.5990003, 21.1285169 42.5974305, 21.1294879 42.5939809, 21.1305288 42.5934353, 21.1329611 42.5921605, 21.1364481 42.5903694, 21.1388781 42.5890779, 21.1418152 42.587587, 21.1453291 42.5857799, 21.1491754 42.5837735, 21.1511654 42.5798512, 21.152496 42.5772758, 21.1537888 42.5746488, 21.1555105 42.5711922, 21.1571416 42.5679882, 21.1588689 42.5646221, 21.1604944 42.5613624, 21.1621895 42.5580552, 21.1636647 42.5550718, 21.1648395 42.5526653, 21.1662557 42.5498714, 21.1669424 42.5484605, 21.1685195 42.5454055, 21.1694368 42.5424018, 21.1706275 42.5386153, 21.1716955 42.5351725, 21.1727091 42.5319153, 21.1738786 42.5282428, 21.1749944 42.5246531, 21.1762977 42.520395, 21.1775315 42.5171014, 21.1787924 42.5138789, 21.1801067 42.5103912, 21.1814853 42.5067847, 21.1827889 42.5033796, 21.1841514 42.499749, 21.1853477 42.4965809, 21.1867744 42.4928153, 21.1871284 42.48937, 21.1874827 42.4859244, 21.187869 42.4822532, 21.1882016 42.4791, 21.1884644 42.4763542, 21.1887756 42.4735529, 21.1893922 42.4709533, 21.1901542 42.4677521, 21.1899236 42.4657379, 21.1897194 42.4633556, 21.1894137 42.4601738, 21.1890542 42.4572491, 21.1888024 42.4545577, 21.1884752 42.4512765, 21.1881047 42.4478051, 21.1878797 42.4453192, 21.187671 42.4430624, 21.1873701 42.4401808, 21.186383 42.4371958, 21.1851814 42.4333435, 21.1842209 42.4301444, 21.1830997 42.426751, 21.1822146 42.4237772, 21.1808684 42.4198608, 21.1798277 42.4163322, 21.1830678 42.4140074, 21.1862865 42.4118172, 21.1898324 42.4092863, 21.1939576 42.4063632, 21.197235 42.4040816, 21.1975625 42.4008374, 21.1979219 42.3973038, 21.1982757 42.393976, 21.1985764 42.3910125, 21.1989465 42.3877755, 21.1993006 42.3844115, 21.1996597 42.3809087, 21.2000033 42.3777901, 21.2003627 42.3747624, 21.2008233 42.3734466, 21.2012478 42.372234, 21.202031 42.3698838, 21.2033236 42.3661424, 21.2044825 42.3628922, 21.2055324 42.3599341, 21.2065372 42.3568671, 21.2076745 42.3536521, 21.2086454 42.3509523, 21.2098578 42.3472177, 21.2109038 42.3442361, 21.2140149 42.341885, 21.2171104 42.3395099, 21.2197817 42.3375589, 21.222083 42.335715, 21.2255001 42.3330541, 21.2288153 42.3305518, 21.233091 42.3272125, 21.2366584 42.3244918, 21.2398234 42.3220883, 21.2426343 42.3198869, 21.2439647 42.3179553, 21.2468398 42.3137506, 21.2496829 42.3094781, 21.2512228 42.3076136, 21.253449 42.3049555, 21.2544146 42.3038566, 21.2561098 42.3006587, 21.2571451 42.298524, 21.2584167 42.2962264, 21.2593177 42.2944768, 21.2613937 42.2905404, 21.2626973 42.2882507, 21.2643173 42.2850122, 21.2658995 42.2819563, 21.2668761 42.2786741, 21.2679004 42.2750979, 21.2688234 42.2718271, 21.2697783 42.2686237, 21.2712213 42.2637765, 21.2724012 42.2595642, 21.2744614 42.252731, 21.2753195 42.2490303, 21.2763367 42.2440654, 21.2774545 42.2389831, 21.2779505 42.236564, 21.2791336 42.2309999, 21.2796059 42.2287239, 21.2809037 42.2232745, 21.281569 42.2199566, 21.2828192 42.2174816, 21.2844875 42.2143389, 21.285761 42.2116739, 21.2878079 42.2090942, 21.2888271 42.20311, 21.2892028 42.200988, 21.2899497 42.1977487, 21.29046 42.1951466, 21.2917282 42.1927287, 21.2927942 42.1908912, 21.2949374 42.1869664, 21.297213 42.1827677, 21.3002502 42.1791243, 21.3013461 42.1777512, 21.3041369 42.1728782, 21.3057799 42.1700675, 21.3074804 42.1671472, 21.3082197 42.1659046, 21.3119426 42.1599877, 21.314726 42.1555919, 21.3156157 42.1540916, 21.319096 42.1488693, 21.3461706 42.1153052, 21.3513902 42.108747, 21.3760165 42.0984099, 21.3918107 42.0917792, 21.4031726 42.0895918, 21.4345858 42.0835439, 21.442029619774644 42.08212257871647, 21.447887900000012 42.08100398824368)",Medveda,Trgoviste,Medveda-Trgoviste
way/254397982-220,way/52456886-220,220.0,491.5560191880474,22721.84,Al/St 240/40 2-bundle 220.0,"LINESTRING (20.66691430053239 44.830142087655716, 20.679963874144534 44.824424293659156, 20.6798172 44.8243522, 20.677939 44.8234291, 20.6752503 44.822809, 20.6725571 44.8221879, 20.6713035 44.8212975, 20.6722417 44.8185373, 20.6721451 44.8148564, 20.6720367 44.8113165, 20.6719635 44.8081525, 20.6718874 44.8049031, 20.6717907 44.8013751, 20.6717029 44.7982479, 20.6716297 44.7952036, 20.671331 44.7926538, 20.6709737 44.7896301, 20.6705491 44.7862424, 20.670186 44.783104, 20.669817 44.7801837, 20.6688243 44.7771323, 20.6678346 44.7740703, 20.6670363 44.7714083, 20.668224 44.7701475, 20.6698785 44.7700602, 20.6733486 44.7712576, 20.6779783 44.7729186, 20.6823386 44.7744486, 20.686655 44.775962, 20.6910504 44.7775251, 20.6953258 44.7790093, 20.7000375 44.7802274, 20.7046438 44.7814308, 20.7093935 44.7826488, 20.714519 44.7839748, 20.719417 44.7852215, 20.7226735 44.7869043, 20.7261719 44.7887299, 20.7297223 44.7905796, 20.7332508 44.7924078, 20.7330156 44.795835, 20.7327952 44.7989906, 20.7325902 44.8020969, 20.7323377 44.8058029, 20.7321378 44.8088914, 20.7319186 44.8120718, 20.7316888 44.8153975, 20.730967 44.8184298, 20.7301698 44.8218036, 20.7293336 44.8253208, 20.7285183 44.8286667, 20.7277067 44.8321577, 20.7268984 44.8355673, 20.7260494 44.8390957, 20.7250936 44.8430904, 20.724581 44.8453428, 20.7220163 44.8476149, 20.7185941 44.850659, 20.7152357 44.8535597, 20.7124772 44.8560014, 20.7089768 44.8590144, 20.7063551 44.8613679, 20.703788923658443 44.86360920861344, 20.698844751420218 44.868539152042665)",Ugrinovci,PadinskaSkela,Ugrinovci-PadinskaSkela
way/89109496-400,RS2-400,400.0,1787.4764334110816,61421.28,Al/St 240/40 4-bundle 380.0,"LINESTRING (19.7144894884492 46.03935091295225, 19.716955576825814 46.0338377673445, 19.7177834 46.0319273, 19.7196492 46.0298325, 19.7204955 46.0288127, 19.7228979 46.0259187, 19.7250598 46.0232952, 19.7274836 46.0204241, 19.7299942 46.0175176, 19.7333356 46.0161932, 19.7341799 46.0125183, 19.7350545 46.0092518, 19.7359813 46.0058077, 19.7369798 46.0020971, 19.7378552 45.9988436, 19.7386066 45.9960379, 19.7394788 45.9927809, 19.7404349 45.9891517, 19.7418978 45.9855643, 19.7432282 45.9822368, 19.7446818 45.9786006, 19.7459836 45.9753443, 19.7470883 45.9725805, 19.7481951 45.9698396, 19.7495058 45.9665427, 19.7509453 45.9629395, 19.7521839 45.9598392, 19.7534588 45.9566638, 19.7548886 45.9531025, 19.7561187 45.9500384, 19.7534286 45.9477752, 19.7507883 45.9455538, 19.7484214 45.9435623, 19.7455297 45.9412, 19.741742 45.9380503, 19.7386575 45.9354797, 19.7359971 45.9332709, 19.7321718 45.9300914, 19.7321513 45.9281422, 19.7321222 45.9253781, 19.7320933 45.9226213, 19.7320629 45.9197345, 19.7320473 45.916605, 19.7320334 45.9138121, 19.7325793 45.9104707, 19.7331837 45.9067616, 19.7337369 45.9033666, 19.7343008 45.9000237, 19.7348348 45.8967087, 19.7353243 45.8936702, 19.7358535 45.890385, 19.7364542 45.8866959, 19.7366063 45.8857621, 19.7370173 45.8832381, 19.7375804 45.8797798, 19.7381617 45.8762101, 19.7386344 45.8732558, 19.7391491 45.8700395, 19.7397557 45.8662877, 19.7394905 45.8630322, 19.738676 45.8529183, 19.7383875 45.849254, 19.7381288 45.846063, 19.737912 45.8434516, 19.7376742 45.8406549, 19.7374059 45.8375875, 19.7403298 45.8348109, 19.7460405 45.8295946, 19.749189 45.8266945, 19.7521613 45.8239057, 19.755189 45.8211094, 19.7581472 45.8183549, 19.7604911 45.8161721, 19.7634889 45.8133804, 19.7665847 45.8105159, 19.7690399 45.808214, 19.7705641 45.8050871, 19.7720562 45.8019113, 19.7733934 45.7991287, 19.7749619 45.7958685, 19.7765055 45.7926599, 19.7778523 45.7898157, 19.7791495 45.7870763, 19.7805283 45.7841802, 19.78202 45.7810668, 19.7837893 45.7773923, 19.7852488 45.7742757, 19.7867699 45.7711479, 19.7884431 45.7676274, 19.7899452 45.7644668, 19.7914122 45.7614219, 19.792905 45.7582966, 19.7930387 45.758017, 19.7945178 45.7549228, 19.7961634 45.7514629, 19.7977155 45.7482131, 19.7993854 45.7447134, 19.8007656 45.7418313, 19.8022221 45.738756, 19.8024075 45.7383642, 19.8037493 45.7355285, 19.8049809 45.7327347, 19.8064503 45.7296475, 19.8079362 45.7264974, 19.8093983 45.7234021, 19.8111303 45.7198253, 19.8126386 45.7166051, 19.8124785 45.7137596, 19.8123329 45.710731, 19.8121583 45.7077937, 19.811961 45.7040785, 19.8118531 45.7026721, 19.8117212 45.6990303, 19.8115055 45.6956729, 19.8113586 45.6926938, 19.8111697 45.6897114, 19.8109873 45.6862897, 19.8108082 45.6825471, 19.8106106 45.6791879, 19.8104442 45.6758471, 19.810257 45.6723982, 19.8100742 45.6694284, 19.8099179 45.6660146, 19.8097225 45.6624663, 19.8095531 45.6592866, 19.8093897 45.6559812, 19.8091786 45.6521076, 19.8089655 45.6485511, 19.808787 45.6449518, 19.8086044 45.6414762, 19.8084225 45.6379816, 19.8082598 45.6344308, 19.8080099 45.6307561, 19.8078675 45.6274165, 19.8075425 45.6241919, 19.8071225 45.6204279, 19.8067666 45.6171787, 19.8063988 45.6138733, 19.8060246 45.6106332, 19.8056844 45.6074502, 19.8053 45.6039068, 19.8049833 45.6005997, 19.8046149 45.5972777, 19.8042137 45.5936598, 19.8038444 45.5903296, 19.8034975 45.587201, 19.8031612 45.5833545, 19.8028689 45.5803626, 19.8056478 45.5767958, 19.8077102 45.5741414, 19.8101623 45.571034, 19.8125339 45.5679851, 19.8148723 45.5649803, 19.8168306 45.5622424, 19.8187347 45.5597823, 19.820811 45.557153, 19.8231338 45.554118, 19.8227422 45.5516876, 19.8223184 45.5487574, 19.821889 45.5458985, 19.8215298 45.5432686, 19.8211007 45.5405709, 19.8208485 45.5387599, 19.8206184 45.5373039, 19.8222565 45.5338945, 19.8237644 45.5307556, 19.8251691 45.5278316, 19.8267166 45.5246102, 19.8282187 45.5214831, 19.82876970818832 45.52033584932123, 19.82813359999999 45.51586529102053)",Subotica,NoviSad,NoviSad-Subotica
way/236110952-400,way/52564762-400,400.0,1787.4764334110816,5506.12,Al/St 240/40 4-bundle 380.0,"LINESTRING (20.10961403562086 44.68369742803834, 20.116469301170138 44.67945851500175, 20.1185998 44.6773182, 20.1213383 44.6745847, 20.12414 44.6717742, 20.1267986 44.6691339, 20.1304742 44.6691352, 20.1342476 44.6693827, 20.138802 44.6694642, 20.1432079 44.6695759, 20.1466842 44.6679307, 20.1497105 44.6664998, 20.1534967 44.6647036, 20.1567316 44.663183, 20.158875836364626 44.663114484366034, 20.16675767919097 44.66257486484598)",Belgrade,Sabac,Belgrade-Sabac
way/236110952-400,way/52564762-400,400.0,1787.4764334110816,5471.23,Al/St 240/40 4-bundle 380.0,"LINESTRING (20.10961403562086 44.68369742803834, 20.117178589943997 44.68001603205687, 20.1195593 44.6777124, 20.1223145 44.6750147, 20.1250397 44.6723767, 20.127819 44.669683, 20.1312766 44.6698325, 20.1342659 44.6699221, 20.1387139 44.6700587, 20.1438762 44.6702465, 20.1472558 44.6685304, 20.1501611 44.6670618, 20.1536546 44.6652773, 20.1563356 44.6638961, 20.15918608800786 44.66378514280235, 20.16675767919097 44.66257486484598)",Belgrade,Sabac,Belgrade-Sabac2
way/144936638-400,way/236110952-400,400.0,1787.4764334110816,90356.66,Al/St 240/40 4-bundle 380.0,"LINESTRING (19.845607353226224 45.33985883927314, 19.853215930089533 45.33718493683618, 19.8555335 45.3366669, 19.8603097 45.3356411, 19.8650859 45.3345685, 19.8694028 45.3336323, 19.8734696 45.3327463, 19.8774294 45.3318674, 19.8811594 45.3317455, 19.885558 45.3315553, 19.8899463 45.331376, 19.8945286 45.3312433, 19.8993354 45.3310424, 19.9039482 45.3308738, 19.9087244 45.3307016, 19.9140618 45.3304899, 19.9174603 45.3303895, 19.9216241 45.3302496, 19.9254307 45.3301599, 19.9296048 45.3300236, 19.9351667 45.3298586, 19.9401623 45.3297115, 19.9440812 45.3295465, 19.9480154 45.3294675, 19.9520568 45.3293348, 19.9568074 45.3291985, 19.9598844 45.3290873, 19.9636093 45.3289653, 19.9678242 45.3281151, 19.9726616 45.3271608, 19.9773408 45.3261958, 19.9821476 45.3252343, 19.9870309 45.324201, 19.9919091 45.3232037, 19.9967465 45.3222852, 20.0016451 45.3212878, 20.0061355 45.3203728, 20.0106463 45.3194687, 20.0136569 45.3168458, 20.0163409 45.3145062, 20.0194536 45.3117826, 20.0225969 45.3090625, 20.0257147 45.3063315, 20.0287763 45.303647, 20.0318737 45.3009731, 20.0349659 45.2982309, 20.0377163 45.2958224, 20.0404105 45.2934784, 20.0432783 45.2909656, 20.0464624 45.2881906, 20.049643 45.2854205, 20.0528594 45.282595, 20.0559634 45.2798622, 20.0556814 45.2768318, 20.0554729 45.2741104, 20.0552136 45.2713823, 20.0545526 45.268908, 20.0536756 45.2654282, 20.0528804 45.262448, 20.0532867 45.2610196, 20.0560686 45.259351, 20.0597922 45.257088, 20.0633282 45.2549189, 20.0665431 45.2529428, 20.0698735 45.2509005, 20.0730703 45.2489522, 20.076029 45.2471409, 20.079464 45.2449867, 20.0831371 45.2427485, 20.0868066 45.240523, 20.0907792 45.2380788, 20.0944307 45.2358455, 20.0979487 45.2336908, 20.1010625 45.2319375, 20.1044217 45.2300749, 20.1075825 45.2282834, 20.1107324 45.2265351, 20.1141494 45.2246317, 20.118122 45.2223901, 20.121741 45.2203824, 20.1255764 45.2182373, 20.1292532 45.2161963, 20.1327387 45.2142341, 20.1359572 45.2124395, 20.139136 45.2106297, 20.1430653 45.2084562, 20.1441261 45.205904, 20.1451869 45.2033948, 20.1461863 45.2009109, 20.1473085 45.19831, 20.1484667 45.1955208, 20.1494157 45.1932044, 20.1505558 45.1904302, 20.1518295 45.1874142, 20.1528687 45.184978, 20.1541028 45.1819988, 20.1566218 45.1760053, 20.1576046 45.1736059, 20.1581877 45.1702635, 20.1590229 45.1653949, 20.1594507 45.1629533, 20.1598492 45.1606202, 20.1604529 45.1571732, 20.1608943 45.1545972, 20.1613363 45.1520333, 20.1617777 45.1495824, 20.1611783 45.1467702, 20.1606153 45.143963, 20.1600935 45.1414433, 20.1594268 45.1382621, 20.1584953 45.1337982, 20.1577413 45.1301139, 20.157047 45.1267916, 20.1564753 45.1241246, 20.155697 45.1202822, 20.1551262 45.1176015, 20.1545171 45.1147971, 20.1539033 45.1117826, 20.1533808 45.1092059, 20.1527793 45.1061565, 20.1517053 45.1031502, 20.1506251 45.1000745, 20.1495633 45.0971112, 20.148385 45.0938359, 20.1471514 45.0903307, 20.1458564 45.0867169, 20.1445553 45.0830943, 20.1432481 45.0793978, 20.142082 45.076091, 20.1408729 45.0726324, 20.1398234 45.0696244, 20.1390501 45.0675698, 20.1391361 45.0640023, 20.139179 45.0604129, 20.1392465 45.0569794, 20.1393079 45.053641, 20.1393509 45.0499426, 20.1394061 45.0463913, 20.139492 45.0429179, 20.1395288 45.0394226, 20.1396025 45.0358707, 20.1396469 45.0323615, 20.1396894 45.0293094, 20.1397518 45.0259103, 20.1397957 45.0220898, 20.1398265 45.0190266, 20.1398876 45.0163551, 20.1376608 45.0144285, 20.1348564 45.011984, 20.1315875 45.0091137, 20.1284976 45.006415, 20.1255557 45.0038529, 20.1231949 45.0018215, 20.1201954 44.9991303, 20.1170699 44.9964205, 20.1148717 44.9944933, 20.1145372 44.9910601, 20.1141874 44.9874141, 20.1138682 44.9837634, 20.1135675 44.9806509, 20.1132606 44.9773254, 20.1129231 44.9736655, 20.1125487 44.969684, 20.1121866 44.9655762, 20.1118613 44.9620284, 20.1115483 44.9587323, 20.1112844 44.9557965, 20.110996 44.9528735, 20.110775 44.9503239, 20.1105357 44.9475614, 20.1102288 44.9442557, 20.1098851 44.940724, 20.1095782 44.9372746, 20.1092284 44.933573, 20.1089215 44.9301796, 20.1086208 44.9266905, 20.1082955 44.9231924, 20.1079457 44.9195246, 20.1076511 44.9162913, 20.1073565 44.9134054, 20.1070435 44.909737, 20.1067673 44.906803, 20.1065096 44.9042383, 20.1062825 44.9014475, 20.1060168 44.8982957, 20.1057027 44.8950398, 20.1053764 44.8920484, 20.1051475 44.8891279, 20.1049095 44.8864934, 20.104694 44.884474, 20.1047676 44.8815039, 20.1048229 44.8793078, 20.1048658 44.8770724, 20.1049395 44.8744511, 20.1050351 44.8711852, 20.1050681 44.86862, 20.1045852 44.8658947, 20.1040701 44.8629013, 20.1036318 44.8604805, 20.1031089 44.8576537, 20.10253 44.8544058, 20.10191 44.8510628, 20.1015074 44.8487106, 20.101055 44.8462305, 20.1006032 44.8435302, 20.1001171 44.8409985, 20.0995378 44.8378068, 20.0990691 44.8350433, 20.098505 44.8320827, 20.0980335 44.8293572, 20.0975164 44.8265498, 20.0967106 44.8235484, 20.0958146 44.8202966, 20.0949308 44.816988, 20.0940593 44.813849, 20.0932492 44.8108012, 20.0923777 44.807627, 20.0917087 44.8052016, 20.0909354 44.8022188, 20.0903058 44.7999543, 20.0896119 44.7974603, 20.0889122 44.7949387, 20.0880995 44.7919057, 20.0872831 44.788928, 20.0864461 44.7859068, 20.0874332 44.783174, 20.088587 44.7798676, 20.0895935 44.7770184, 20.0907043 44.7737858, 20.0918275 44.7705878, 20.0927726 44.7678558, 20.0938405 44.7648274, 20.0949514 44.7615766, 20.0937362 44.7579944, 20.0927481 44.7550178, 20.0918029 44.7522328, 20.0907964 44.7491818, 20.0897715 44.746305, 20.0886668 44.7429442, 20.0903729 44.7398666, 20.0921282 44.7366754, 20.0938589 44.7335408, 20.0955467 44.7304277, 20.0970012 44.727829, 20.0982103 44.7256227, 20.0998612 44.7225267, 20.1015735 44.7193912, 20.1034761 44.7158806, 20.1054093 44.7124439, 20.1070541 44.70943, 20.1082632 44.7072535, 20.1108777 44.7044182, 20.1147626 44.7000865, 20.1160698 44.698551, 20.1153149 44.6963391, 20.1143146 44.6933637, 20.1133633 44.6905408, 20.11272476423553 44.688734401767555, 20.10961403562086 44.68369742803834)",Ruma,Belgrade,Belgrade-Ruma
way/236134509-220,RS7-220,220.0,983.1120383760948,4401.01,Al/St 240/40 2-bundle 220.0,"LINESTRING (20.3609207 44.801088490487324, 20.361519850822237 44.80556154793155, 20.3615352 44.8056667, 20.3615889 44.8076381, 20.3600023 44.8090126, 20.3587205 44.8104043, 20.3577459 44.8115013, 20.3581111 44.8131913, 20.358592 44.8154118, 20.3591335 44.8178787, 20.3595867 44.8199812, 20.36003 44.8220568, 20.3629949 44.8230707, 20.3659292 44.8226373, 20.3688829 44.8222205, 20.3712724 44.8218672, 20.371652949685668 44.821804910121436, 20.38413707750433 44.823069622331744)",Sremcica,Indija,Sremcica-Indija
way/236134509-220,way/52564762-220,220.0,983.1120383760948,28282.67,Al/St 240/40 2-bundle 220.0,"LINESTRING (20.166458177704666 44.66241157637701, 20.171094727987278 44.6715722342985, 20.1723392 44.6749025, 20.1733036 44.6774539, 20.1734885 44.6795636, 20.173821 44.6823581, 20.1741751 44.6855405, 20.1743994 44.6884, 20.1753511 44.6911601, 20.1763144 44.6941278, 20.1773681 44.6970403, 20.1782908 44.6998163, 20.1792456 44.7027218, 20.1802112 44.7056271, 20.1811125 44.708212, 20.1819708 44.7108502, 20.1829578 44.7136636, 20.1838698 44.7163168, 20.1846208 44.7185658, 20.1876678 44.7212187, 20.1904787 44.7236658, 20.1923885 44.7253047, 20.1942963 44.7269536, 20.1979889 44.7301449, 20.2000488 44.7319513, 20.2030559 44.7341443, 20.2060999 44.7363642, 20.2093615 44.7386657, 20.2125587 44.7409748, 20.2158846 44.7433905, 20.2188887 44.7455242, 20.2209486 44.7476806, 20.2232446 44.7500122, 20.225723 44.7525875, 20.2283086 44.7552237, 20.2309908 44.757974, 20.2333833 44.760389, 20.2355613 44.7626287, 20.2376534 44.7647692, 20.2398743 44.7670164, 20.2419636 44.76921, 20.2443697 44.7702993, 20.2490796 44.7718607, 20.2531888 44.7732317, 20.2570512 44.7745569, 20.2608813 44.7758669, 20.2646043 44.7771388, 20.2667178 44.7778775, 20.2701725 44.7790427, 20.2738632 44.7803145, 20.2776398 44.781571, 20.2812983 44.7828352, 20.2849676 44.7840612, 20.2889373 44.7854471, 20.2890501 44.7854849, 20.2929606 44.7867949, 20.29678 44.7881122, 20.3004708 44.7893153, 20.3040113 44.7896884, 20.307305 44.7900234, 20.310867 44.7903889, 20.3144719 44.7907544, 20.3170146 44.7910132, 20.3197827 44.7912873, 20.3227009 44.7915919, 20.3250992 44.7918551, 20.3287919 44.7922394, 20.3327431 44.792635, 20.3364982 44.7936476, 20.3400923 44.7946755, 20.343193 44.7955282, 20.3464599 44.7964761, 20.349877 44.7974163, 20.3535678 44.7987029, 20.3570868 44.8000961, 20.3605583 44.8013928, 20.3607429 44.8035316, 20.3609624 44.806074, 20.3601284 44.8083032, 20.3585443 44.8099474, 20.357134 44.8114962, 20.3575151 44.8132495, 20.3579852 44.8153287, 20.3585621 44.8178272, 20.3590749 44.8200705, 20.359094 44.8201558, 20.3595877 44.8223667, 20.3629977 44.8233177, 20.3658953 44.8228883, 20.3689581 44.8224198, 20.3712916 44.8220548, 20.37166724367753 44.82199714993205, 20.38413707750433 44.823069622331744)",Sremcica,StaraPazova,StaraPazova-Sremcica
way/237532249-220,way/52564762-220,220.0,491.5560191880474,46103.01,Al/St 240/40 2-bundle 220.0,"LINESTRING (19.739358857610757 44.7151520895708, 19.74500828204229 44.711248776550086, 19.7461065 44.7101026, 19.7485765 44.7075304, 19.7512623 44.7047253, 19.7553957 44.7033175, 19.7596434 44.7018588, 19.7635218 44.7005088, 19.7675017 44.6991491, 19.7710092 44.6979535, 19.7756375 44.6963505, 19.7760068 44.692753, 19.7763997 44.6890794, 19.7767243 44.6857709, 19.7765298 44.6787207, 19.7763595 44.6728055, 19.7782945 44.671298, 19.7818325 44.6685949, 19.7854489 44.6658177, 19.7885106 44.6634621, 19.7893975 44.6610087, 19.7901959 44.6588234, 19.7916223 44.6549161, 19.7927959 44.6517357, 19.7950047 44.645653, 19.7985923 44.6432565, 19.8018808 44.6410735, 19.8030654 44.6394026, 19.8056398 44.6357934, 19.8069069 44.633766, 19.8091964 44.6308134, 19.811108 44.6281182, 19.8130775 44.6253389, 19.8150348 44.6225924, 19.8178242 44.6207281, 19.8216847 44.6180903, 19.8248995 44.6159056, 19.8292943 44.6146618, 19.8352982 44.6129799, 19.8388194 44.6128022, 19.8428383 44.6126148, 19.8455396 44.6124947, 19.8482354 44.612361, 19.8539689 44.6120972, 19.857092 44.6119554, 19.8602633 44.6117975, 19.8703298 44.6107892, 19.8737805 44.61044, 19.8763099 44.6087367, 19.8815061 44.6052332, 19.8836368 44.6038122, 19.8884911 44.6005248, 19.890635 44.5991094, 19.8948742 44.5994, 19.9002469 44.5997942, 19.9047629 44.6001075, 19.907916 44.6003388, 19.9134073 44.5977927, 19.9154343 44.5968587, 19.9182784 44.5955569, 19.9227674 44.5961147, 19.92809 44.5967918, 19.9330884 44.5974151, 19.9379009 44.5980241, 19.9431912 44.5986862, 19.9475487 44.5992283, 19.9508112 44.5989245, 19.9567787 44.5983609, 19.9593503 44.5981302, 19.9622521 44.5978418, 19.9659178 44.598435, 19.9708586 44.5992415, 19.9750872 44.5999239, 19.9795825 44.6006784, 19.9840643 44.6014089, 19.9891934 44.6022733, 19.9938489 44.6030341, 19.9968723 44.6059797, 19.999925 44.6089517, 20.0027133 44.6117021, 20.0050948 44.6140191, 20.0080638 44.6168874, 20.0106529 44.6194529, 20.0138006 44.6225091, 20.016454 44.6251195, 20.0171356 44.6274278, 20.0179865 44.6303744, 20.0187774 44.6335102, 20.020299 44.6358545, 20.0223836 44.6393482, 20.0242812 44.6424987, 20.0259497 44.6453349, 20.0276419 44.648203, 20.02907 44.6506067, 20.0306423 44.6532458, 20.0342239 44.6543226, 20.038894 44.6557287, 20.0435831 44.6571367, 20.0475993 44.6583321, 20.052141 44.6590257, 20.0566285 44.6597029, 20.0605609 44.6602909, 20.0641383 44.6607984, 20.0678629 44.6621392, 20.0715353 44.6634043, 20.0755412 44.6648395, 20.0803774 44.6665474, 20.0855401 44.6677687, 20.0881312 44.6686229, 20.0916958 44.6695588, 20.0955942 44.6706186, 20.0999135 44.6707265, 20.1048586 44.6708533, 20.1099363 44.6709665, 20.1151316 44.6711041, 20.120198 44.6712389, 20.1240348 44.6713414, 20.1260378 44.6726553, 20.128419 44.6721252, 20.1312105 44.6702516, 20.1358929 44.6703931, 20.1401136 44.6705266, 20.1442377 44.67066, 20.1472892 44.6690925, 20.1505338 44.667441, 20.1536377 44.6658599, 20.1563128 44.6643821, 20.1598778 44.6650429, 20.159933212509067 44.665051352863024, 20.166458177704666 44.66241157637701)",Vladimirci,StaraPazova,StaraPazova-Vladimirci
RS12-400,way/236110952-400,400.0,3574.952866822164,8920.28,Al/St 240/40 4-bundle 380.0,"LINESTRING (20.007962234208932 44.65647801619547, 20.01446397288558 44.65809261082311, 20.0200943 44.6587888, 20.0247121 44.659364, 20.0288996 44.6598626, 20.032898 44.660414, 20.036952 44.6606461, 20.041299 44.6609073, 20.0455422 44.6611659, 20.0493625 44.6613927, 20.0526784 44.6615853, 20.0567584 44.6618439, 20.0604267 44.6620496, 20.0636758 44.6622343, 20.0680339 44.6638594, 20.0717016 44.6652308, 20.0742866 44.6662053, 20.0791439 44.6678319, 20.0832983 44.6691748, 20.0870277 44.670432, 20.0907572 44.6716928, 20.0945916 44.6729574, 20.0977913 44.6756169, 20.1011746 44.6784032, 20.102169364025716 44.67923485355509, 20.10961403562086 44.68369742803834)",Lazarevac,Belgrade,Belgrade-Lazarevac
RS12-220,way/52564762-220,220.0,491.5560191880474,13654.14,Al/St 240/40 2-bundle 220.0,"LINESTRING (20.007663244522753 44.65631425995586, 20.01405401220153 44.65237983531565, 20.0167775 44.6507006, 20.0202158 44.6514474, 20.0251897 44.6525002, 20.029826 44.6534764, 20.0343993 44.6548511, 20.0393212 44.6563655, 20.0437869 44.657661, 20.0478372 44.6588957, 20.0518504 44.6594576, 20.0560417 44.6600539, 20.0593836 44.6605367, 20.0635354 44.6610719, 20.0678381 44.6626087, 20.0715286 44.6638988, 20.0753675 44.66526, 20.0798443 44.666848, 20.0841134 44.6679612, 20.0867172 44.6687745, 20.0912897 44.6698928, 20.0957677 44.6710803, 20.1004591 44.6711959, 20.105196 44.6713108, 20.1098802 44.6714115, 20.1149945 44.6715346, 20.1200615 44.6716838, 20.1236546 44.6717659, 20.1256322 44.6731461, 20.1285329 44.6727843, 20.1316865 44.672427, 20.1358567 44.670845, 20.1395247 44.6709532, 20.1442981 44.6711285, 20.1476971 44.6693678, 20.1510174 44.6676741, 20.1538267 44.6661948, 20.1565476 44.6658536, 20.15828872743192 44.665635292651785, 20.166458177704666 44.66241157637701)",Pecinci,StaraPazova,StaraPazova-Pecinci
way/52564762-220,way/330729178-220,220.0,491.5560191880474,33131.83,Al/St 240/40 2-bundle 220.0,"LINESTRING (20.166458177704666 44.66241157637701, 20.173297373650392 44.660122526649246, 20.1744147 44.6581674, 20.1756503 44.6530877, 20.1761211 44.6511076, 20.1763478 44.6502176, 20.1769559 44.6477784, 20.1774863 44.6456343, 20.1783876 44.6418069, 20.1814465 44.6388785, 20.1824548 44.6378905, 20.1825683 44.6377793, 20.1837492 44.6366222, 20.1868041 44.633717, 20.1922916 44.6283521, 20.1949531 44.625783, 20.1976476 44.6231504, 20.2001683 44.6206947, 20.2097913 44.6180685, 20.2162504 44.6162407, 20.2214304 44.6148523, 20.2258612 44.6160029, 20.2294613 44.616989, 20.2359501 44.6187187, 20.239751 44.6197847, 20.2443751 44.621002, 20.2485457 44.6221435, 20.2520864 44.621482, 20.2601049 44.6197474, 20.2664043 44.6200122, 20.2731874 44.6201551, 20.2799516 44.6204903, 20.2845704 44.6206812, 20.2925476 44.6225796, 20.2988237 44.624041, 20.307702 44.6261686, 20.3103947 44.6267823, 20.3169074 44.6282874, 20.3233927 44.6297907, 20.3265148 44.630558, 20.332196 44.6318646, 20.3462451 44.6346541, 20.3498825 44.6352888, 20.3532081 44.6358871, 20.3603965 44.6371392, 20.3634008 44.6376783, 20.3709054 44.6390363, 20.3716996 44.6405106, 20.3737217 44.6445593, 20.3760286 44.6491019, 20.3803437 44.6508827, 20.3869105 44.6535926, 20.3919779 44.6556837, 20.3969846 44.6577497, 20.4015035 44.6596143, 20.4078396 44.6622287, 20.40787 44.6646803, 20.4079206 44.6687589, 20.4079537 44.6714306, 20.4079974 44.6749538, 20.4080359 44.6780597, 20.4080918 44.6825618, 20.4097548 44.6851097, 20.4190027 44.6868707, 20.4227956 44.6876039, 20.4287823 44.6887214, 20.4315289 44.6892286, 20.438567 44.6917838, 20.4432874 44.6935294, 20.4510447 44.6963675, 20.4568942 44.6984357, 20.4574206 44.7017762, 20.4593178 44.7042693, 20.4627096 44.7088172, 20.4651959 44.7121326, 20.4660103 44.7132771, 20.466021380221807 44.71478131262477, 20.46546090536794 44.72051605574757)",StaraPazova,NovaPazova,StaraPazova-NovaPazova
way/152481174-400,way/232243950-400,400.0,1787.4764334110816,40770.31,Al/St 240/40 4-bundle 380.0,"LINESTRING (21.971151297861017 43.30212750627423, 21.97316181973364 43.295846776431645, 21.9739556 43.2948269, 21.9749839 43.2934911, 21.9766695 43.2912778, 21.9776341 43.2900011, 21.9791431 43.2848577, 21.9798348 43.2824525, 21.9804078 43.2805455, 21.9815601 43.2765775, 21.9844316 43.2728529, 21.9860856 43.270686, 21.9872169 43.2694369, 21.9887172 43.2677669, 21.9900063 43.2664965, 21.9940762 43.266572, 21.9961673 43.266594, 22.0017701 43.2653979, 22.0044349 43.2627202, 22.0060342 43.2610916, 22.0092329 43.2578678, 22.012049 43.2549919, 22.0119024 43.2535467, 22.0114395 43.2494046, 22.0110225 43.2454758, 22.0104222 43.2412129, 22.009996 43.2381683, 22.0096156 43.2354975, 22.0089558 43.2307998, 22.0081115 43.2274494, 22.0072821 43.2241436, 22.0066176 43.2214855, 22.0057882 43.2181861, 22.005 43.2149833, 22.0042713 43.2121311, 22.0036802 43.2097364, 22.0029561 43.2068806, 22.0020075 43.2029457, 22.001201 43.1995852, 22.0007611 43.1977645, 22.0003303 43.1951988, 21.9998675 43.1923958, 21.9994092 43.1895793, 21.9987218 43.1854161, 21.9982131 43.1823219, 21.9978099 43.1799226, 21.9970996 43.1755449, 21.9963709 43.1719021, 21.9960227 43.1701642, 21.9954086 43.1670491, 21.9948587 43.1642849, 21.9939101 43.1594481, 21.9933831 43.1565565, 21.993099 43.1549151, 21.9925855 43.1521007, 21.9919763 43.1487059, 21.99173 43.1473205, 21.9909349 43.1448208, 21.9899138 43.1416402, 21.9889935 43.1387413, 21.9875742 43.1342912, 21.9864466 43.1308434, 21.9857661 43.1288285, 21.9845283 43.1251108, 21.9835043 43.1220504, 21.9828303 43.1200021, 21.9812101 43.1150728, 21.9805134 43.1129783, 21.9814244 43.1107598, 21.9823138 43.1085859, 21.9833744 43.1059309, 21.984368 43.1034912, 21.9861642 43.0990867, 21.9872523 43.0963722, 21.9882958 43.0938006, 21.9893346 43.091222, 21.9909837 43.087177, 21.992181 43.0842256, 21.993077 43.0819647, 21.994085 43.0795203, 21.9953367 43.0763972, 21.9967992 43.0728121, 21.9976096 43.0707956, 21.9996321 43.0680427, 22.0015031 43.0654919, 22.0037035 43.0624524, 22.0061872 43.0590373, 22.0083184 43.0560793, 22.009972 43.0538144, 22.0119517 43.0510848, 22.0139775 43.0482732, 22.0157003 43.0458997, 22.0188329 43.0416146, 22.0204568 43.0393588, 22.022868 43.0366358, 22.0253517 43.0338212, 22.0277399 43.0311581, 22.029993 43.028613, 22.0322032 43.0261062, 22.0346441 43.0233586, 22.0364756 43.0212899, 22.0360276 43.0197245, 22.0348448 43.015679, 22.034308 43.0137706, 22.031871 43.0131737, 22.0247493 43.0113817, 22.0212058 43.0104959, 22.0189465 43.0080603, 22.0164589 43.0053589, 22.0141622 43.0028788, 22.0119588 43.000477, 22.0098718 42.9982113, 22.0077662 42.9959387, 22.0054044 42.9939694, 22.0024323 42.9914854, 21.999791 42.9892671, 21.9969633 42.986909, 21.9942474 42.9846429, 21.9914151 42.9822744, 21.989013902336882 42.980270801439374, 21.984312923051302 42.9760297092975)",Nis,Vlasotince,Nis-Vlasotince
way/152481174-400,RS19-400,400.0,1787.4764334110816,85586.58,Al/St 240/40 4-bundle 380.0,"LINESTRING (21.971151297861017 43.30212750627423, 21.97464891310886 43.29598749074629, 21.9751872 43.2951143, 21.9769792 43.2922072, 21.9784732 43.2897835, 21.9863981 43.2890542, 21.9896064 43.2887589, 21.9931376 43.2884339, 21.9964251 43.2868527, 22.0017535 43.2842897, 22.0039201 43.2832475, 22.0100244 43.2834215, 22.0143246 43.2835441, 22.0200697 43.2837079, 22.0228988 43.2837885, 22.0252945 43.2838568, 22.0318114 43.2840426, 22.0367771 43.2835472, 22.0418722 43.2830388, 22.0447073 43.282756, 22.0488176 43.2823459, 22.0527424 43.2819543, 22.0554967 43.2816795, 22.0624219 43.2849214, 22.0648215 43.2852481, 22.0695958 43.285898, 22.0761691 43.2867929, 22.0789767 43.2871751, 22.0827226 43.287685, 22.0910869 43.2888236, 22.0961587 43.2874865, 22.1010512 43.2861965, 22.1049297 43.285174, 22.1086068 43.2842044, 22.1120751 43.28329, 22.1181587 43.2816859, 22.1216238 43.2807723, 22.1255484 43.2797374, 22.129697 43.2786435, 22.1347005 43.2773241, 22.1414929 43.275533, 22.1454876 43.2744796, 22.1503472 43.2731981, 22.1547533 43.2731742, 22.1614727 43.2731378, 22.1654148 43.2731164, 22.1691412 43.2730963, 22.1741618 43.2724122, 22.1801852 43.2715915, 22.1872538 43.2706284, 22.1895417 43.2691741, 22.1912717 43.2680744, 22.194535 43.266, 22.1976682 43.2640081, 22.2011669 43.2617839, 22.2041307 43.2598996, 22.2105224 43.2558359, 22.2121648 43.2547916, 22.2158169 43.2524695, 22.2176745 43.2512883, 22.220644 43.2494001, 22.2235181 43.2475725, 22.2253414 43.2464131, 22.2309461 43.2417714, 22.2353137 43.238154, 22.2376105 43.2362516, 22.239386 43.234781, 22.242534 43.2321734, 22.2447017 43.2303778, 22.2475294 43.2280353, 22.2503932 43.2256629, 22.2557542 43.2221429, 22.2581359 43.2205789, 22.2621873 43.2179185, 22.2652746 43.2158911, 22.2697757 43.2129351, 22.272495 43.2111493, 22.2746401 43.2097405, 22.2781794 43.2074159, 22.2844188 43.2033178, 22.2865093 43.2019447, 22.2914201 43.198719, 22.294769 43.1988891, 22.2977616 43.1990411, 22.304663 43.1993916, 22.3082192 43.1995723, 22.312234 43.1997762, 22.3157771 43.1999562, 22.3213382 43.2002386, 22.3239276 43.2003702, 22.3270849 43.2005306, 22.330311 43.2006944, 22.334662 43.2009154, 22.3395726 43.2011649, 22.3427434 43.2002102, 22.3500402 43.1980134, 22.3551088 43.1964874, 22.3586564 43.1954193, 22.3619306 43.1944335, 22.365557 43.1933416, 22.3682762 43.1925229, 22.3739168 43.1908245, 22.3788501 43.189339, 22.3832715 43.1880077, 22.3880988 43.1865541, 22.3911477 43.185636, 22.3941248 43.1847395, 22.3991029 43.1832404, 22.4025554 43.1822007, 22.4065685 43.1809921, 22.4109699 43.1796666, 22.4152454 43.178379, 22.4191558 43.1772013, 22.4230248 43.174836, 22.425486 43.1733313, 22.4283614 43.1715734, 22.4327001 43.1689207, 22.4377882 43.1658097, 22.4409423 43.1638811, 22.444047 43.1623281, 22.4470142 43.1608438, 22.452378 43.1581606, 22.4567973 43.155987, 22.4609532 43.153943, 22.4652643 43.1518225, 22.4689014 43.1500335, 22.4731987 43.1479197, 22.4768284 43.1461342, 22.4791725 43.1449811, 22.4844342 43.1424851, 22.4875608 43.1410018, 22.491244 43.1392545, 22.4955908 43.1371923, 22.4992513 43.1354556, 22.5030887 43.1336349, 22.5075226 43.1315312, 22.5116488 43.1295734, 22.5156902 43.1276558, 22.5189247 43.126121, 22.5228297 43.124268, 22.526793 43.1239114, 22.5295851 43.1236601, 22.5364977 43.1230381, 22.541081 43.1226256, 22.545218 43.1222533, 22.5492453 43.1218909, 22.553963 43.1214664, 22.5579207 43.1211102, 22.561879 43.120754, 22.566234 43.1203621, 22.5705034 43.1199779, 22.5752793 43.1195481, 22.5810697 43.119027, 22.5852819 43.1171358, 22.5897141 43.1151459, 22.5946517 43.1129289, 22.5986959 43.111113, 22.6029915 43.1091842, 22.6077302 43.109947, 22.6125212 43.1107183, 22.6168084 43.1114084, 22.6212756 43.1121275, 22.6244974 43.1126461, 22.6260882 43.1132468, 22.6298446 43.1146651, 22.633936 43.1162098, 22.6378406 43.117684, 22.6414758 43.1190564, 22.644902 43.1184177, 22.648836 43.1176843, 22.6529614 43.1169153, 22.6565292 43.1164002, 22.6610446 43.1157482, 22.6651906 43.1151496, 22.6689781 43.1146028, 22.6719983 43.1141667, 22.6758767 43.1136067, 22.6814682 43.1127993, 22.6853973 43.112232, 22.6902396 43.1115328, 22.6949563 43.1108518, 22.7000679 43.1101137, 22.7051031 43.1093866, 22.7104904 43.1086087, 22.7142173 43.1080705, 22.7191453 43.1073589, 22.7219348 43.1069561, 22.7241369 43.1066381, 22.72704 43.1059978, 22.7314904 43.1050161, 22.7351156 43.1042164, 22.7395714 43.1032336, 22.7452446 43.1019821, 22.747522 43.1014798, 22.7516411 43.1005711, 22.7550127 43.0998274, 22.7602287 43.0986767, 22.7658631 43.0974337, 22.7696986 43.0965876, 22.7720688 43.0960647, 22.7759124 43.0952168, 22.7800238 43.0943097, 22.7852502 43.0931567, 22.7869969 43.0927713, 22.7896687 43.0921818, 22.7926151 43.0915318, 22.7970866 43.0913992, 22.8005197 43.0912974, 22.804833 43.0911695, 22.8092738 43.0910378, 22.8138666 43.0909016, 22.8177961 43.090785, 22.8219028 43.0906633, 22.8260216 43.0905411, 22.8296858 43.0904324, 22.833458 43.0903206, 22.8375592 43.090199, 22.8419739 43.090068, 22.846398 43.0899368, 22.8502404 43.0898229, 22.8538273 43.0897165, 22.8564055 43.0879248, 22.859592 43.0857103, 22.862906 43.0834071, 22.8661672 43.0811405, 22.8699837 43.0784878, 22.8739366 43.0757402, 22.8768273 43.0737308, 22.8792299 43.0720607, 22.8826354 43.0696934, 22.88649 43.0670137, 22.8915123 43.0635222, 22.8951544 43.06099, 22.8985175 43.0586517, 22.9006608 43.0568286, 22.901537868860963 43.0560825338282, 22.905567400000002 43.05265488908256)",Nis,Pirot,Nis-Pirot
way/267325562-400,way/232243950-400,400.0,1787.4764334110816,73983.02,Al/St 240/40 4-bundle 380.0,"LINESTRING (21.91749436405842 42.49199964761043, 21.924845339672952 42.492083540151334, 21.9253133 42.4920826, 21.9299053 42.4921459, 21.9353072 42.4922359, 21.9384347 42.4922646, 21.9431124 42.4923358, 21.9484661 42.4946853, 21.9506226 42.495603, 21.9543419 42.4971793, 21.9544158 42.4996963, 21.9544623 42.5015345, 21.9545184 42.5061548, 21.9546211 42.5081172, 21.9582824 42.510162, 21.960608 42.5115046, 21.964344 42.5135838, 21.9666884 42.5149263, 21.9711249 42.5174529, 21.9737868 42.5189467, 21.9775975 42.5210877, 21.9812154 42.523177, 21.9862714 42.5260205, 21.9887868 42.527448, 21.9919224 42.5292562, 21.995082 42.5310203, 21.9985525 42.5330126, 22.0022114 42.5350796, 22.0065289 42.5374761, 22.0098018 42.5393754, 22.010757 42.5407173, 22.0134164 42.5445916, 22.0145379 42.5481335, 22.0157843 42.5498727, 22.0166533 42.5510701, 22.0176765 42.5528224, 22.0199177 42.5566082, 22.0217885 42.5598152, 22.0227708 42.5615028, 22.0238184 42.5641929, 22.0246552 42.566233, 22.0263737 42.5705008, 22.0275583 42.573435, 22.0289053 42.5768564, 22.0322906 42.5801709, 22.0348612 42.582721, 22.0376163 42.5854542, 22.0405689 42.5883421, 22.0430408 42.5907686, 22.0457102 42.5934162, 22.0475684 42.5952359, 22.0512248 42.5988595, 22.0534779 42.6011024, 22.0559155 42.6052309, 22.0570527 42.6071356, 22.0587607 42.6101615, 22.060649 42.6132852, 22.061812 42.6152906, 22.0634471 42.6180414, 22.0657688 42.6220741, 22.066713 42.6236404, 22.0681463 42.6261571, 22.0674554 42.6289579, 22.066537 42.6325289, 22.0658718 42.6355662, 22.0651251 42.6386381, 22.0644256 42.6414699, 22.0660006 42.6439164, 22.0687214 42.6483389, 22.0702277 42.650722, 22.0736223 42.6530009, 22.0761758 42.6546706, 22.0796691 42.6569556, 22.0816518 42.6582654, 22.0854541 42.6607239, 22.0876041 42.6621977, 22.0895053 42.6634347, 22.0901834 42.6671647, 22.0904366 42.6690928, 22.0909258 42.6718727, 22.0916639 42.6761827, 22.0920888 42.6783944, 22.0941273 42.6817891, 22.0951701 42.683458, 22.096243 42.6852373, 22.0986463 42.6891142, 22.100041 42.6913444, 22.102161 42.6949024, 22.1044441 42.6952462, 22.1089717 42.6959527, 22.1132461 42.6966151, 22.1174088 42.6972522, 22.1215545 42.6978862, 22.1253181 42.6984697, 22.1294123 42.6990878, 22.1315752 42.7008446, 22.1305667 42.7030838, 22.1292964 42.7060703, 22.1279102 42.7092364, 22.1263009 42.7129921, 22.1251079 42.7156471, 22.1238118 42.7185226, 22.1222454 42.7221768, 22.1209107 42.7251877, 22.1223227 42.7280975, 22.1233355 42.7304807, 22.1240178 42.7333524, 22.1250092 42.737923, 22.12564 42.7406872, 22.1240779 42.7420173, 22.1222197 42.7435868, 22.1202627 42.7452572, 22.1171728 42.7478415, 22.113555 42.7509299, 22.1121002 42.75214, 22.1096927 42.7541914, 22.1077314 42.7558741, 22.1053754 42.7578372, 22.1030107 42.7599199, 22.1039763 42.7614953, 22.1065513 42.7655912, 22.1085769 42.7686661, 22.1104651 42.7716432, 22.1124779 42.775666, 22.1137353 42.7781608, 22.1145206 42.7797546, 22.1156579 42.7820225, 22.11722 42.7850556, 22.1189152 42.7885358, 22.1195975 42.7899215, 22.1211339 42.7928787, 22.1232582 42.7969536, 22.1257559 42.798654, 22.1279145 42.8001151, 22.1307684 42.8020925, 22.1333476 42.8038999, 22.1370769 42.8064061, 22.1390425 42.8078544, 22.1442052 42.8113144, 22.1464153 42.8128571, 22.1483079 42.8141226, 22.1507927 42.8157942, 22.1516295 42.8191814, 22.152093 42.8209221, 22.1523934 42.8224866, 22.1530372 42.8249008, 22.1542749 42.830084, 22.1550062 42.8331183, 22.1558978 42.836749, 22.1565431 42.839456, 22.1573683 42.8428368, 22.1578999 42.8449363, 22.1590089 42.8495426, 22.1569694 42.8550886, 22.1561235 42.8573986, 22.1544786 42.861858, 22.1535322 42.8645364, 22.1485772 42.8681904, 22.1449332 42.8708277, 22.1429846 42.8722892, 22.1400896 42.8744183, 22.1378475 42.8756163, 22.1333885 42.8797183, 22.1318702 42.8810794, 22.1306909 42.8821364, 22.1289903 42.8836717, 22.1247389 42.8874506, 22.1219148 42.8898461, 22.118544 42.8912182, 22.1156439 42.8924196, 22.1101778 42.8946184, 22.1066653 42.8960422, 22.1026316 42.8976773, 22.1003186 42.8985968, 22.0982182 42.8994903, 22.0981303 42.900836, 22.0978941 42.9041077, 22.0977295 42.9063464, 22.0975577 42.908619, 22.0971641 42.9138142, 22.0970281 42.9155572, 22.0952995 42.9182855, 22.094369 42.9197401, 22.093052 42.9218131, 22.0918925 42.9236423, 22.0890759 42.9280789, 22.0880703 42.929659, 22.0868863 42.9315161, 22.084786 42.9348381, 22.0829495 42.9377432, 22.0811269 42.9405516, 22.077992 42.9416698, 22.0752807 42.9426152, 22.0711425 42.9440815, 22.067841 42.9452505, 22.0633244 42.9468667, 22.0595299 42.9481957, 22.0554195 42.9496543, 22.051559 42.9510316, 22.0475042 42.9524571, 22.0439492 42.9537097, 22.040311 42.9550056, 22.036756 42.9562658, 22.0347972 42.9569893, 22.0342278 42.959774, 22.0335266 42.9631987, 22.0328739 42.9660592, 22.0299577 42.9689907, 22.0271072 42.9719301, 22.0242498 42.9747967, 22.0215642 42.9775159, 22.0192665 42.979804, 22.0154926 42.9804402, 22.0111604 42.9811439, 22.0067071 42.9818992, 22.0026555 42.982586, 21.9982349 42.9833209, 21.9943381 42.9839643, 21.9916601 42.98181, 21.989454013693965 42.980049014491335, 21.984312923051302 42.9760297092975)",Vranje,Vlasotince,Vranje-Vlasotince
way/174921474-400,way/238952272-400,400.0,1787.4764334110816,153866.71,Al/St 240/40 4-bundle 380.0,"LINESTRING (21.207236357879328 44.7294150945953, 21.205917463297062 44.723979436876675, 21.2071084 44.7193241, 21.2076745 44.7171062, 21.2084804 44.7141827, 21.2094533 44.7107415, 21.2092313 44.7088701, 21.2090574 44.70595, 21.2091582 44.7043484, 21.2093712 44.7024631, 21.2117307 44.7000709, 21.213812 44.6976939, 21.2150596 44.6962741, 21.2177588 44.6962698, 21.2207387 44.696205, 21.2238325 44.6966537, 21.2251728 44.697932, 21.2284937 44.6984284, 21.2318512 44.699053, 21.2345087 44.6975317, 21.2367016 44.6963528, 21.239234 44.6934683, 21.2416777 44.6907175, 21.2440471 44.6881291, 21.2467052 44.6851387, 21.2512181 44.6839566, 21.2556978 44.6828996, 21.2603626 44.6817974, 21.2622627 44.6787574, 21.2642816 44.6757052, 21.2660909 44.6727615, 21.2681268 44.6696065, 21.2701378 44.6664819, 21.2719497 44.6635285, 21.2738274 44.6606339, 21.275569 44.6579334, 21.2775362 44.6548942, 21.2786889 44.6529778, 21.2798667 44.6509812, 21.2817721 44.6480026, 21.2837301 44.6449455, 21.2857147 44.6418503, 21.2878001 44.6384816, 21.289783 44.6354405, 21.2916821 44.6324388, 21.2936676 44.6292546, 21.2956604 44.626052, 21.2966227 44.6228314, 21.2976214 44.6194761, 21.2986385 44.6158892, 21.2995719 44.6124181, 21.3004999 44.6091109, 21.3013293 44.6060955, 21.3022434 44.6029352, 21.3030427 44.6000744, 21.3037776 44.5974694, 21.3045876 44.5944975, 21.3057195 44.5921673, 21.3093298 44.5916745, 21.3144796 44.5909258, 21.319034 44.590284, 21.3225887 44.5897401, 21.3241677 44.5876861, 21.3262062 44.5850385, 21.3285344 44.5820087, 21.3308732 44.5789214, 21.3332711 44.5758263, 21.3378416 44.5742749, 21.3423209 44.5727769, 21.3468841 44.5712011, 21.3513527 44.5696993, 21.3556998 44.5681911, 21.3608067 44.5664713, 21.3660692 44.5647056, 21.3703285 44.5632112, 21.3737779 44.5620378, 21.3771521 44.5609026, 21.3838664 44.5585965, 21.3872855 44.5574358, 21.3908152 44.5562203, 21.3955394 44.5553589, 21.4002727 44.5545078, 21.4050631 44.5536209, 21.4100467 44.5527035, 21.4148264 44.5517707, 21.4183293 44.5510788, 21.4214622 44.5505054, 21.4257553 44.5498022, 21.4323352 44.5486792, 21.437032 44.5479625, 21.4420658 44.5472539, 21.446548 44.5465943, 21.4516491 44.545826, 21.4561238 44.5452124, 21.46326 44.5441552, 21.4674565 44.5435204, 21.4712106 44.5429623, 21.4780011 44.5419836, 21.4827856 44.5412854, 21.4866113 44.5407151, 21.4893081 44.5395251, 21.4929402 44.5379134, 21.5016419 44.534122, 21.5057619 44.5323442, 21.5099464 44.5304947, 21.5140365 44.5287156, 21.5198171 44.5261969, 21.5236669 44.5244751, 21.530436 44.5214958, 21.5398833 44.5172151, 21.5424615 44.5161354, 21.5484104 44.5136441, 21.5500096 44.5133863, 21.5549414 44.5125911, 21.5574671 44.5121839, 21.5613134 44.5115637, 21.5717325 44.5098837, 21.5744002 44.5094536, 21.5770017 44.5090341, 21.5849703 44.5077492, 21.5880037 44.507734, 21.5914804 44.507704, 21.5951698 44.5076467, 21.6019648 44.5076731, 21.6073161 44.5076936, 21.6094337 44.5076351, 21.6132278 44.5074742, 21.6181909 44.5072183, 21.6208468 44.5070793, 21.6252562 44.5068453, 21.629317 44.5066552, 21.6340032 44.5064138, 21.6368591 44.5058141, 21.6448319 44.5041394, 21.6499283 44.503046, 21.653302 44.5023585, 21.6579729 44.5013858, 21.6616696 44.5006069, 21.6653714 44.4998133, 21.6683684 44.4991738, 21.671298 44.4985441, 21.6748585 44.4978375, 21.6798776 44.4947188, 21.6828945 44.4928826, 21.6856186 44.4912065, 21.6881997 44.4896276, 21.6912574 44.4877426, 21.6934844 44.486081, 21.6960382 44.4841181, 21.7009279 44.4803914, 21.7024057 44.4792544, 21.7061922 44.476402, 21.7103793 44.4756411, 21.7141017 44.4749573, 21.721036 44.4737375, 21.7254519 44.4729197, 21.7314819 44.471877, 21.7367905 44.4708691, 21.7409767 44.4684559, 21.7429397 44.467293, 21.7459462 44.4655658, 21.7495765 44.4634508, 21.7526152 44.4616621, 21.756138 44.4595892, 21.7590422 44.4579078, 21.7621509 44.4560728, 21.765363 44.4550482, 21.7682533 44.4541262, 21.7702268 44.4534966, 21.7754121 44.4518425, 21.7775277 44.4511526, 21.7799909 44.4503493, 21.7881182 44.4477194, 21.7913451 44.4466765, 21.8004326 44.4438099, 21.8059745 44.4420108, 21.8098688 44.4407509, 21.817163 44.4384266, 21.8191177 44.4378129, 21.819749 44.4370689, 21.8208823 44.4357709, 21.822335 44.4342285, 21.8237472 44.4326521, 21.8244855 44.4318279, 21.8250986 44.4311501, 21.825606 44.4305978, 21.8266279 44.4294648, 21.8272894 44.4287773, 21.8278888 44.4280996, 21.8286753 44.4272496, 21.8291158 44.4267566, 21.8294111 44.4264574, 21.8315261 44.4241443, 21.8326729 44.4228859, 21.8341045 44.4212776, 21.8348412 44.4204423, 21.835388 44.4198429, 21.8363487 44.4187987, 21.8382816 44.416675, 21.8396145 44.4152265, 21.8405221 44.4141823, 21.8427224 44.4124791, 21.8447561 44.410995, 21.8482839 44.4082661, 21.8503421 44.4066818, 21.8514281 44.4058273, 21.8526851 44.4048696, 21.8575533 44.4011284, 21.8585178 44.4004339, 21.860333 44.3990583, 21.861495 44.3981494, 21.8630899 44.3969013, 21.8669404 44.3939709, 21.8685277 44.3927905, 21.8742884 44.3883783, 21.8776058 44.3846097, 21.8798463 44.3820098, 21.8812133 44.3805063, 21.8826943 44.3787139, 21.8836223 44.377646, 21.8848722 44.3762076, 21.8879624 44.372674, 21.8894537 44.3709233, 21.8911106 44.3691041, 21.8959466 44.3665517, 21.8984997 44.3652364, 21.9052211 44.3618133, 21.9088312 44.3598725, 21.91591 44.3589095, 21.9198344 44.357784, 21.9214192 44.3573394, 21.9241485 44.3566442, 21.926549 44.3575158, 21.9289549 44.3583299, 21.9306089 44.3589557, 21.9330578 44.3597812, 21.9344004 44.3602228, 21.9406192 44.3623268, 21.9450819 44.3625149, 21.9530461 44.3626877, 21.9566603 44.362776, 21.9611982 44.3628221, 21.9647963 44.3629142, 21.9718851 44.3609369, 21.9761921 44.3597083, 21.9813368 44.3581763, 21.9830016 44.3576886, 21.9894428 44.3558114, 21.9916997 44.3551868, 21.9965416 44.3537283, 22.0014694 44.3545442, 22.0066546 44.3554106, 22.0150179 44.3567848, 22.017592 44.3571984, 22.0194739 44.3575405, 22.0255358 44.359284, 22.0278136 44.3599833, 22.0299886 44.36069, 22.032896 44.3615889, 22.0391164 44.3634955, 22.0461979 44.3617388, 22.0504885 44.3606744, 22.0551572 44.3595161, 22.0619831 44.3578227, 22.0657493 44.3568883, 22.0673674 44.3557957, 22.0721682 44.352662, 22.0751339 44.3507458, 22.0777493 44.3490246, 22.0811311 44.346833, 22.0876498 44.3425705, 22.0892564 44.3415184, 22.0912144 44.3402514, 22.0962225 44.3369822, 22.0994017 44.3349143, 22.1042685 44.3317944, 22.1060639 44.3306455, 22.1127724 44.3262539, 22.1179468 44.3236049, 22.1205075 44.3222764, 22.1245092 44.3201894, 22.1272341 44.3187704, 22.1309035 44.3168593, 22.1346833 44.3165386, 22.1377757 44.3162163, 22.1397371 44.3160387, 22.1419957 44.3158233, 22.1460952 44.3154428, 22.1537017 44.3147745, 22.1558516 44.314599, 22.1599578 44.3142044, 22.1623254 44.3140178, 22.1674134 44.3135254, 22.1758578 44.3136899, 22.1840952 44.3138626, 22.1898073 44.3139488, 22.1934164 44.3139588, 22.1947828 44.3139908, 22.1994534 44.3140716, 22.2026031 44.3141621, 22.2046136 44.3141867, 22.2064086 44.3142248, 22.2097287 44.3142496, 22.2115465 44.3142742, 22.2125762 44.314442, 22.2134039 44.314591, 22.21666 44.3143484, 22.2185291 44.3143753, 22.2217948 44.3144629, 22.2243648 44.3142568, 22.2299502 44.313871, 22.234305 44.3135671, 22.2396325 44.3132161, 22.2423869 44.3130494, 22.2477538 44.3126493, 22.2502952 44.312489, 22.2563522 44.3120487, 22.259548 44.3118184, 22.2647017 44.3120105, 22.2676551 44.3121223, 22.2705673 44.3122635, 22.2775968 44.3125268, 22.2807989 44.3126616, 22.2846428 44.3127825, 22.2886055 44.3129152, 22.2918556 44.3130793, 22.2959451 44.3132574, 22.2995027 44.3134215, 22.3039876 44.313631, 22.3089311 44.3137462, 22.3110871 44.3165513, 22.3130799 44.3193231, 22.3153572 44.3224905, 22.3170148 44.3247403, 22.3194962 44.3283709, 22.3221292 44.331762, 22.3240106 44.3341849, 22.3262177 44.3372136, 22.3277607 44.3393851, 22.3319382 44.3425512, 22.3355538 44.3450814, 22.3392345 44.3478436, 22.3415964 44.3496397, 22.3433491 44.3509966, 22.346465 44.3531782, 22.3492634 44.3552527, 22.3527339 44.3577662, 22.3547962 44.3593585, 22.3565988 44.3619575, 22.3580569 44.3642137, 22.3589357 44.3655452, 22.3626841 44.3711903, 22.3647704 44.3743832, 22.3667881 44.3773818, 22.3692589 44.3812241, 22.371663 44.3848281, 22.3728207 44.386605, 22.3753621 44.3913482, 22.3770044 44.3942316, 22.3810779 44.4018439, 22.3821971 44.4039235, 22.3841193 44.4074986, 22.3854809 44.4099718, 22.3869419 44.4123977, 22.3873112 44.4139334, 22.3892025 44.4179919, 22.3897485 44.419204, 22.391509 44.4229363, 22.3941099 44.428482, 22.3962072 44.4329676, 22.3995284 44.4399847, 22.4011125 44.4434701, 22.4036597 44.4489842, 22.4067072 44.4516299, 22.409567 44.4541126, 22.4118595 44.4559923, 22.4140334 44.4580477, 22.4154255 44.4592691, 22.4174094 44.4609727, 22.4209594 44.4640564, 22.422872 44.4657134, 22.4260333 44.4684017, 22.429202 44.4738398, 22.4311732 44.4772224, 22.4338526 44.4818198, 22.4359902 44.4854876, 22.4373169 44.4877638, 22.4402674 44.4928257, 22.4414085 44.4947832, 22.4429815 44.4967545, 22.4461735 44.5007545, 22.4509945 44.5067953, 22.4531868 44.5095422, 22.4555117 44.5124549, 22.4573086 44.5147062, 22.4596832 44.517681, 22.4615222 44.5199847, 22.4644797 44.5236894, 22.466865 44.5266771, 22.4691501 44.5295392, 22.4717582 44.5328056, 22.4742237 44.5358934, 22.4768253 44.5391514, 22.4795882 44.5426111, 22.4814617 44.544957, 22.4857111 44.5502777, 22.4882225 44.5534219, 22.4911506 44.5586558, 22.4924464 44.5609641, 22.4942656 44.5641778, 22.4957982 44.5669652, 22.4973744 44.5697348, 22.4985456 44.571803, 22.4999474 44.5741373, 22.5010439 44.5762586, 22.5048346 44.5809774, 22.5071709 44.5838971, 22.5094822 44.5867768, 22.5122982 44.5902819, 22.514784 44.5933431, 22.5169707 44.596067, 22.5193381 44.5989904, 22.5213772 44.6014851, 22.5211698 44.605964, 22.5209489 44.6107344, 22.5207621 44.6147675, 22.5205939 44.6184006, 22.5203935 44.6227263, 22.5202503 44.6258191, 22.520075 44.6296018, 22.5199494 44.6323144, 22.519762 44.636358, 22.5196065 44.6397137, 22.5193855 44.6444833, 22.5192438 44.6475411, 22.5191408 44.6497638, 22.5189791 44.653254, 22.5188117 44.6568655, 22.5186646 44.6600398, 22.519841297547245 44.66127866640099, 22.524276231626207 44.665142432247684)",Pozarevac,Kladovo,Pozarevac-Kladovo
way/238952272-400,RS11-400,400.0,1787.4764334110816,1699.64,Al/St 240/40 4-bundle 380.0,"LINESTRING (22.524276231626207 44.665142432247684, 22.532183927837515 44.66458859937537, 22.5339059 44.6661306, 22.536730959062876 44.6685388037546, 22.5407698 44.67196069038839)",Kladovo,Negotin,Kladovo-Negotin
way/238249884-400,way/238952272-400,400.0,1787.4764334110816,83086.53,Al/St 240/40 4-bundle 380.0,"LINESTRING (22.123138861642577 44.0545705220359, 22.130706745912022 44.0564854392405, 22.1331788 44.056096, 22.1368045 44.0554706, 22.1422267 44.0558511, 22.1440144 44.0560145, 22.147549 44.0560342, 22.1494054 44.0560111, 22.1546376 44.0560498, 22.1576533 44.0560962, 22.164274 44.057325, 22.1691297 44.0582064, 22.1716589 44.0586745, 22.174716 44.0591975, 22.1824088 44.0605873, 22.1862697 44.0613004, 22.1902247 44.0620083, 22.1938103 44.0626798, 22.1963311 44.0631795, 22.2013697 44.0640833, 22.2096712 44.066587, 22.212977 44.0676495, 22.2147809 44.0683393, 22.2184739 44.0697411, 22.2209019 44.0707295, 22.2240349 44.0720141, 22.2275089 44.0733936, 22.2320767 44.0752286, 22.2351757 44.0765017, 22.2379093 44.0776056, 22.2447927 44.0803489, 22.2488016 44.0819861, 22.2526329 44.0838509, 22.2564177 44.0856765, 22.2614741 44.0881167, 22.2640493 44.0894163, 22.2681537 44.0913725, 22.2710298 44.0927865, 22.2738678 44.0941425, 22.2774641 44.0958859, 22.2810534 44.0976422, 22.2837352 44.1002666, 22.2860079 44.102536, 22.2886953 44.1053485, 22.2938031 44.1100685, 22.2965516 44.1126998, 22.2986894 44.1147334, 22.300392 44.1163943, 22.3023159 44.1183072, 22.3058356 44.1217273, 22.3088208 44.1246923, 22.3117562 44.1273717, 22.3136883 44.129226, 22.3158889 44.1313994, 22.3174541 44.1329667, 22.3204699 44.1360024, 22.3232337 44.1385448, 22.3263793 44.1415802, 22.329792 44.1448948, 22.3316855 44.1467082, 22.3340141 44.1490037, 22.3364649 44.1513374, 22.3386103 44.153408, 22.3403663 44.1565084, 22.3416566 44.1589623, 22.3440653 44.1631765, 22.3457194 44.1661253, 22.3474582 44.1693393, 22.3493753 44.1727386, 22.3506638 44.1750825, 22.35193 44.1773144, 22.3533879 44.1799555, 22.3547566 44.1837826, 22.3558757 44.1868966, 22.3569947 44.1899816, 22.3583501 44.1937505, 22.359322 44.1964196, 22.360294 44.1991302, 22.3621219 44.2020036, 22.3641193 44.2051901, 22.3662326 44.2085171, 22.3682299 44.2117224, 22.3698123 44.2142382, 22.3715565 44.2170094, 22.3735296 44.2200401, 22.3738512 44.2219814, 22.3745722 44.2262617, 22.3751909 44.2299064, 22.3758389 44.2337218, 22.376253 44.236064, 22.3767012 44.2387029, 22.3771982 44.2417813, 22.3780776 44.2469348, 22.3786409 44.2507497, 22.3794261 44.2549272, 22.379796 44.2571197, 22.3805186 44.2613456, 22.3810649 44.2645321, 22.3816737 44.2682767, 22.3824248 44.2726199, 22.3815826 44.2744614, 22.3804617 44.2768936, 22.3782995 44.2816924, 22.377042 44.2845194, 22.3757333 44.2874114, 22.3746181 44.2899204, 22.3732411 44.2929913, 22.3723243 44.2962712, 22.3712051 44.3001784, 22.3704341 44.302746, 22.3692652 44.3069331, 22.3686061 44.3091489, 22.3676983 44.3122811, 22.3707139 44.3150751, 22.3730829 44.3172727, 22.3758538 44.3198687, 22.378784 44.3226005, 22.3817293 44.3253104, 22.3842572 44.3276564, 22.3883122 44.3314395, 22.3917923 44.3346273, 22.3935762 44.3363648, 22.3978424 44.3402305, 22.4022604 44.3444054, 22.404515 44.3465335, 22.4069138 44.3487537, 22.4111269 44.3526458, 22.4153627 44.3576556, 22.4168809 44.3594413, 22.4192722 44.3622146, 22.4215343 44.364901, 22.4228248 44.3665074, 22.4256259 44.370116, 22.4282449 44.3732741, 22.431213 44.3771537, 22.4340277 44.3819576, 22.4361603 44.3859165, 22.4376847 44.3884367, 22.4390428 44.3907535, 22.440349 44.3929702, 22.4396376 44.394596, 22.4377614 44.3988836, 22.4366747 44.4013669, 22.4358686 44.4032089, 22.4341248 44.4071934, 22.4334994 44.4107234, 22.4329032 44.4140878, 22.4325474 44.4160959, 22.4322891 44.4175534, 22.4319526 44.4194525, 22.4308875 44.4254625, 22.4306474 44.4268175, 22.4297491 44.4318859, 22.4294626 44.433502, 22.4289483 44.4364037, 22.4290952 44.4394384, 22.429175 44.4410878, 22.4293203 44.4440907, 22.4294562 44.4468978, 22.4295859 44.4495767, 22.4297587 44.4531463, 22.4299057 44.4561819, 22.430117 44.4605456, 22.4302263 44.4628045, 22.4314917 44.4662575, 22.4325604 44.4691735, 22.4341148 44.4734149, 22.435029 44.4759092, 22.4358179 44.4780615, 22.4370118 44.4813186, 22.4386831 44.4858781, 22.4393724 44.4877583, 22.4408045 44.4916646, 22.4427103 44.4941488, 22.4439231 44.49568, 22.4455877 44.4977816, 22.4475775 44.5002935, 22.4498941 44.5032181, 22.4522194 44.5061532, 22.4547411 44.5093363, 22.4578101 44.51321, 22.4601342 44.5161433, 22.462394 44.5189953, 22.4657548 44.5232365, 22.467996 44.5260646, 22.4704677 44.5291835, 22.4723019 44.5314978, 22.4744708 44.5342344, 22.4766693 44.5370081, 22.478883 44.5398009, 22.4821922 44.5439755, 22.4853817 44.5479988, 22.4870548 44.5501091, 22.4892338 44.5528576, 22.490789 44.5552487, 22.4929494 44.5585704, 22.4950254 44.561762, 22.4969419 44.5647083, 22.4990451 44.5679413, 22.5003972 44.5700198, 22.5023793 44.5730664, 22.5054219 44.5777429, 22.5078446 44.5814663, 22.5095874 44.5835541, 22.5118771 44.5863388, 22.5143956 44.5893817, 22.5170159 44.5925474, 22.5191106 44.595078, 22.5213683 44.5978054, 22.5234925 44.6003714, 22.5232873 44.6037273, 22.5231615 44.6057849, 22.5228554 44.6107917, 22.5226325 44.6144368, 22.5223871 44.6184506, 22.5221265 44.6227119, 22.5219551 44.6255147, 22.5217343 44.629125, 22.521558 44.6320075, 22.5213202 44.6358956, 22.5210895 44.639666, 22.5207807 44.6447148, 22.5206297 44.6471824, 22.5204793 44.6496396, 22.520262 44.653192, 22.5200644 44.6564217, 22.5199556 44.6581986, 22.5210238 44.6603421, 22.521129469532173 44.66054919788496, 22.524276231626207 44.665142432247684)",Zajecar,Kladovo,Kladovo-Zajecar
way/144936638-220,way/273601208-220,220.0,491.5560191880474,45164.71,Al/St 240/40 2-bundle 220.0,"LINESTRING (19.845304948697546 45.33969475589437, 19.853876490527863 45.339305891338796, 19.8563063 45.3389778, 19.8610606 45.3383463, 19.865815 45.3377083, 19.8705061 45.3370609, 19.8752424 45.3364388, 19.8800554 45.3357755, 19.8845976 45.3351725, 19.8880561 45.3346964, 19.8916591 45.3345821, 19.8959529 45.3344583, 19.9005131 45.3343314, 19.9055203 45.3341854, 19.9105726 45.334033, 19.9151238 45.3338997, 19.9196614 45.3337632, 19.924768 45.3336014, 19.9288857 45.3334744, 19.9322675 45.3333697, 19.936647 45.3332395, 19.9412569 45.3331221, 19.9467743 45.3329316, 19.9511991 45.3328079, 19.954942 45.3336934, 19.9590281 45.3346678, 19.9633174 45.3356739, 19.9677377 45.3367403, 19.9725868 45.3378797, 19.9770342 45.3389461, 19.9813054 45.339968, 19.9852696 45.340882, 19.9895092 45.341888, 19.9942094 45.3430051, 19.9991805 45.3441951, 20.0034382 45.3451979, 20.0074475 45.3461404, 20.0121613 45.3472351, 20.0166357 45.3482886, 20.0208843 45.3493135, 20.0257561 45.3504717, 20.0303885 45.3515569, 20.0348087 45.3525913, 20.0392606 45.3536447, 20.0428049 45.3544823, 20.0465704 45.3530989, 20.0510103 45.3514441, 20.0549307 45.3499536, 20.0579055 45.3488913, 20.0615419 45.3475541, 20.0650996 45.34624, 20.0680679 45.347148, 20.0716904 45.348266, 20.0757928 45.3494755, 20.0801109 45.350775, 20.0849249 45.3522088, 20.0894807 45.3535991, 20.0940312 45.3549602, 20.0979051 45.3561435, 20.1019392 45.357363, 20.1063038 45.3586732, 20.1109009 45.3600524, 20.1155124 45.3614436, 20.1201329 45.3628324, 20.1247066 45.3641794, 20.1284387 45.3653053, 20.1322856 45.3656188, 20.1360006 45.3659115, 20.1395542 45.3661713, 20.1435371 45.3664759, 20.1483829 45.3668074, 20.1529014 45.36713, 20.1578194 45.3675242, 20.16312 45.3679034, 20.1676994 45.3682509, 20.1720378 45.3685696, 20.1750214 45.3695534, 20.1773658 45.3703156, 20.1808915 45.3714875, 20.1840294 45.3724905, 20.1873868 45.3735927, 20.1910687 45.3747941, 20.1949821 45.3760884, 20.1983274 45.3771377, 20.2017239 45.3782292, 20.2053547 45.3794622, 20.2104614 45.381073, 20.2151412 45.3826374, 20.2196498 45.3840919, 20.2241884 45.3855675, 20.2281258 45.3868531, 20.2313299 45.3879001, 20.2354627 45.389251, 20.2391597 45.3904289, 20.2415281 45.3912542, 20.2445879 45.3922294, 20.248844 45.3936225, 20.2531121 45.395026, 20.257867 45.3965816, 20.2624146 45.3980822, 20.2655481 45.3990612, 20.268361 45.3999871, 20.2725772 45.4003629, 20.2777351 45.400829, 20.2830559 45.401298, 20.2886322 45.401795, 20.2938171 45.4022029, 20.29888 45.4026777, 20.3034214 45.4030798, 20.3076631 45.4034892, 20.3119249 45.4038875, 20.3163213 45.4042876, 20.3212458 45.4047095, 20.3254864 45.4050833, 20.33055 45.4055265, 20.3357187 45.4059693, 20.3399306 45.4063474, 20.3432261 45.4066408, 20.344965 45.4084862, 20.349808 45.4090091, 20.3546066 45.4095114, 20.3602082 45.4100526, 20.3654012 45.4105516, 20.3702644 45.4110638, 20.3750631 45.4115378, 20.3796768 45.412023, 20.3839532 45.4124322, 20.38685914332731 45.41273712474138, 20.394382948186543 45.41332240974072)",Petrovaradin,Zrenjanin,Petrovaradin-Zrenjanin
way/239998425-220,way/239947121-220,220.0,491.5560191880474,36901.37,Al/St 240/40 2-bundle 220.0,"LINESTRING (20.587381835624797 44.73594730458313, 20.59098210905744 44.730337376086005, 20.5917678 44.7296146, 20.5919196 44.7258894, 20.5919797 44.7235035, 20.592128 44.7204478, 20.5922974 44.7163229, 20.5924563 44.7119444, 20.5926647 44.7077462, 20.5932578 44.7072572, 20.5962133 44.7048201, 20.6026997 44.6995974, 20.6065343 44.6965202, 20.6091225 44.6945173, 20.6163658 44.6885669, 20.6225708 44.6836704, 20.6259649 44.67975, 20.6278917 44.677631, 20.6314644 44.6757996, 20.6336629 44.6747052, 20.6427515 44.6728347, 20.6493354 44.6712377, 20.6544156 44.6701349, 20.6617493 44.6685183, 20.6658244 44.6675997, 20.6716309 44.6663516, 20.6741749 44.6657876, 20.6778967 44.664975, 20.6854032 44.6633387, 20.6913078 44.6620207, 20.6959326 44.6609987, 20.6988849 44.6603788, 20.7035647 44.6573349, 20.7080756 44.6543495, 20.7131754 44.6510092, 20.7162573 44.649043, 20.7181379 44.6478001, 20.7202068 44.6464287, 20.7260683 44.6425377, 20.7289657 44.6406326, 20.7303932 44.6396842, 20.735557 44.636253, 20.7412492 44.6335155, 20.7433209 44.6324464, 20.7464191 44.6309162, 20.7477265 44.6305989, 20.752945 44.6292232, 20.757272 44.6280954, 20.7609096 44.627165, 20.7639291 44.6263838, 20.7693537 44.6249813, 20.7722158 44.6236615, 20.7753889 44.6222163, 20.7783522 44.6208484, 20.7840877 44.6182245, 20.7881449 44.6163552, 20.7914716 44.6148112, 20.7956739 44.6128334, 20.7991893 44.6112418, 20.8015934 44.6117937, 20.8047917 44.6110224, 20.8083616 44.6101227, 20.8139825 44.6087475, 20.8191736 44.607451, 20.8311429 44.6042459, 20.8383892 44.6022979, 20.8421379 44.6012951, 20.8545114 44.5979746, 20.8593366 44.5967293, 20.8635661 44.5960173, 20.867068 44.5954689, 20.8721059 44.594666, 20.877263 44.5938327, 20.8813861 44.5932176, 20.8854836 44.5925722, 20.8910492 44.5916753, 20.9008527 44.590139, 20.9037334 44.5906754, 20.9098594 44.59196, 20.9144033 44.5930289, 20.9191382 44.5939831, 20.9287839 44.5959901, 20.930988 44.5965282, 20.9333008 44.5970928, 20.9379141 44.5980921, 20.9419476 44.5989703, 20.9456741 44.597962, 20.9501468 44.5967683, 20.9528103 44.5961019, 20.9542805 44.595304, 20.95624411324453 44.5950413933651, 20.963040623901122 44.59655798728472)",Surcin,SmederevskaPalanka,Surcin-SmederevskaPalanka
way/330729171-400,way/239998425-400,400.0,1787.4764334110816,10677.01,Al/St 240/40 4-bundle 380.0,"LINESTRING (20.54382653587462 44.7995033186593, 20.550554393211495 44.79593807506823, 20.5522982 44.7944895, 20.554893 44.7923339, 20.5577844 44.7899318, 20.560233 44.7878975, 20.5630682 44.7855419, 20.565482 44.7835364, 20.5684556 44.7810656, 20.5710732 44.7788905, 20.572882 44.7773875, 20.5746666 44.7733552, 20.5755196 44.7714279, 20.5762853 44.7696977, 20.5774654 44.7670309, 20.5790541 44.7634406, 20.5796121 44.7621796, 20.5811419 44.7608564, 20.5839388 44.758437, 20.5874714 44.755381, 20.5897508 44.7534091, 20.5921943 44.7512952, 20.5941219 44.7496275, 20.5972731 44.7469011, 20.602652 44.7450277, 20.6051205 44.744168, 20.6071437 44.7434633, 20.6090246 44.7428082, 20.609282 44.7417442, 20.6073082 44.7402863, 20.6049687 44.7385581, 20.6031291 44.7371993, 20.6004459 44.7352172, 20.5975636 44.7330879, 20.595083615489248 44.73338493450844, 20.58768301648432 44.736109335469536)",Batajnica,Pancevo,Pancevo-Batajnica
way/52564762-400,way/239998425-400,400.0,1787.4764334110816,48844.32,Al/St 240/40 4-bundle 380.0,"LINESTRING (20.16675767919097 44.66257486484598, 20.169014932228308 44.65705127810161, 20.1688678 44.6559692, 20.1694543 44.6540558, 20.1700885 44.6510847, 20.1704967 44.6495201, 20.1716302 44.6452294, 20.1720459 44.6434823, 20.1728223 44.640356, 20.1735999 44.6376302, 20.1743687 44.6345697, 20.1770661 44.6324469, 20.1794171 44.6305314, 20.1819602 44.6285576, 20.1837351 44.625309, 20.1856022 44.6220384, 20.1870212 44.6195493, 20.188326 44.6172634, 20.1895781 44.6151181, 20.1910102 44.6127163, 20.1927719 44.6094668, 20.1941514 44.607071, 20.1957989 44.6050349, 20.1966527 44.6040244, 20.198959 44.6012649, 20.2010863 44.6003161, 20.2016058 44.5979902, 20.2035516 44.595574, 20.2056744 44.5944346, 20.2094868 44.5924243, 20.2125305 44.5907976, 20.2165204 44.5886687, 20.2238795 44.5884841, 20.2291953 44.5883253, 20.2321848 44.5882309, 20.2394113 44.5891966, 20.2440815 44.5900091, 20.2478256 44.592581, 20.2510978 44.5947834, 20.2549705 44.59743, 20.2588277 44.6000098, 20.261901 44.6021009, 20.2649119 44.6041474, 20.2687947 44.6052394, 20.2728762 44.6065844, 20.2771313 44.6079136, 20.2818614 44.6093774, 20.2863716 44.6107765, 20.2908992 44.6121707, 20.2949521 44.6134306, 20.298607 44.6145637, 20.3017836 44.6155328, 20.305463 44.6166734, 20.309083 44.6178214, 20.3115929 44.618383, 20.3146276 44.619084, 20.3183915 44.6206269, 20.3217115 44.6223479, 20.324597 44.6238538, 20.3282476 44.6257629, 20.3303397 44.6278401, 20.3322389 44.6296837, 20.3353429 44.6301012, 20.3402668 44.6307783, 20.3426594 44.6311005, 20.3456249 44.6321589, 20.3528023 44.6331484, 20.3623657 44.6357433, 20.3657829 44.6366692, 20.3673966 44.6369197, 20.3725857 44.6377105, 20.374897 44.6395128, 20.3783641 44.6422162, 20.3785778 44.6450545, 20.3787343 44.6471328, 20.3817253 44.6484728, 20.3852086 44.6500487, 20.3907428 44.6525952, 20.3976237 44.6557611, 20.4005223 44.6570853, 20.4039952 44.6586871, 20.4094901 44.6612732, 20.411676 44.6622341, 20.4116253 44.6635655, 20.4114424 44.6683689, 20.4113844 44.6698917, 20.4112412 44.6736503, 20.4111546 44.6759252, 20.4074145 44.6773976, 20.4071712 44.681828, 20.4067895 44.6850526, 20.4063942 44.6883925, 20.4060889 44.6909725, 20.4058468 44.6930177, 20.4105519 44.6963906, 20.4132092 44.6982954, 20.4156544 44.7000481, 20.4222965 44.7012028, 20.4252312 44.7017114, 20.4313058 44.6993534, 20.4346565 44.6980758, 20.4421286 44.695202, 20.445926 44.6937655, 20.4508527 44.6943746, 20.4548913 44.6949188, 20.457532 44.6952146, 20.4618378 44.6961573, 20.4665667 44.6972989, 20.4686884 44.6977433, 20.4706911 44.6988277, 20.476738 44.7020769, 20.4823244 44.7050815, 20.4861578 44.7066389, 20.4914169 44.7088586, 20.4983144 44.7117623, 20.5007536 44.7110437, 20.5034032 44.710276, 20.5131148 44.7102797, 20.516716 44.7100233, 20.51974 44.7106813, 20.5218704 44.7111185, 20.5236117 44.7115614, 20.5290165 44.7114503, 20.5310787 44.7113948, 20.5365645 44.7112278, 20.5437298 44.7118897, 20.5461776 44.7114468, 20.5524121 44.7103386, 20.5561632 44.7096343, 20.5607752 44.7088845, 20.5628485 44.7084686, 20.5647352 44.7098812, 20.566843 44.7114385, 20.5723304 44.7156392, 20.5766235 44.718709, 20.5793035 44.7205431, 20.583636 44.7241182, 20.5844163 44.7254829, 20.5855533 44.7274422, 20.586941980622907 44.7298798903654, 20.58768301648432 44.736109335469536)",Sabac,Pancevo,Sabac-Pancevo
way/239998425-220,way/254397982-220,220.0,491.5560191880474,14504.09,Al/St 240/40 2-bundle 220.0,"LINESTRING (20.587381835624797 44.73594730458313, 20.596223649901344 44.73541294038498, 20.5996514 44.7352215, 20.6026953 44.7374887, 20.6054945 44.7395558, 20.6080211 44.7413734, 20.6099215 44.7427768, 20.6110622 44.7436191, 20.6137864 44.7456384, 20.6171911 44.7480748, 20.6200873 44.7496494, 20.6221205 44.7506815, 20.6268893 44.7529181, 20.6390515 44.7587002, 20.642776 44.760516, 20.645392 44.7614161, 20.650485 44.7631818, 20.6555187 44.7649757, 20.6601214 44.7665977, 20.6645938 44.768166, 20.6670757 44.7690515, 20.6675419 44.7698595, 20.6662873 44.7709921, 20.6671135 44.7737173, 20.668197 44.7770144, 20.6692721 44.7802129, 20.6696244 44.783204, 20.6700284 44.7866951, 20.6704139 44.7898204, 20.6707512 44.7925877, 20.6710514 44.7952365, 20.6711552 44.7983666, 20.6712108 44.801528, 20.6712812 44.8049365, 20.6713665 44.8084315, 20.6714332 44.811808, 20.6715148 44.8148188, 20.6716074 44.8185499, 20.6703471 44.8221785, 20.669347830108045 44.82505248840661, 20.66691430053239 44.830142087655716)",Surcin,Ugrinovci,Surcin-Ugrinovci
way/52564762-400,way/498961839-400,400.0,1787.4764334110816,100683.92,Al/St 240/40 4-bundle 380.0,"LINESTRING (20.16675767919097 44.66257486484598, 20.166975405331428 44.656850334827745, 20.1663738 44.6560895, 20.1669768 44.6539162, 20.1685228 44.6515176, 20.1696684 44.6498388, 20.1705595 44.6466525, 20.1715642 44.6428039, 20.1721893 44.6405558, 20.1722906 44.6401913, 20.1729979 44.6375185, 20.1738019 44.6343955, 20.1746059 44.6311472, 20.1753791 44.6278081, 20.1764906 44.6269452, 20.180853 44.6229992, 20.1831683 44.6202225, 20.1851233 44.6178772, 20.1870695 44.6153598, 20.1892529 44.6125108, 20.1915813 44.6095053, 20.1936198 44.6068905, 20.1955221 44.6040818, 20.1964476 44.6027649, 20.1982556 44.6001457, 20.1997085 44.5980988, 20.2017807 44.5949758, 20.2038731 44.5919635, 20.2057095 44.5892709, 20.2073951 44.5868532, 20.2103575 44.5835219, 20.2130841 44.5804798, 20.21549 44.577776, 20.2180681 44.5748944, 20.2208245 44.5718095, 20.2232898 44.5690503, 20.2255174 44.5664899, 20.2283154 44.5639506, 20.2308282 44.5616058, 20.2332578 44.5593244, 20.2360557 44.5567551, 20.2389784 44.5540375, 20.2415091 44.5516797, 20.2438733 44.5494656, 20.2464752 44.5470483, 20.2485663 44.5444615, 20.2507345 44.5417984, 20.2529147 44.5391267, 20.255077 44.5364591, 20.2563126 44.5349009, 20.2574947 44.5334654, 20.2596571 44.5308441, 20.2618669 44.5281634, 20.2642431 44.5252497, 20.2666489 44.5222765, 20.2683776 44.5194345, 20.2700706 44.5166262, 20.2719359 44.5135171, 20.2737893 44.5105264, 20.2752388 44.5081117, 20.2766585 44.5055486, 20.2785357 44.5025363, 20.2801634 44.50221, 20.2854207 44.5009813, 20.288676 44.50035, 20.2919017 44.4997484, 20.2948778 44.4991891, 20.2956026 44.4978162, 20.2970164 44.4952357, 20.3001589 44.4937823, 20.3016024 44.4931128, 20.3058142 44.4911593, 20.3093131 44.4895744, 20.3137803 44.4875063, 20.3177663 44.4856628, 20.3218414 44.483781, 20.3262314 44.4817424, 20.3295164 44.4802293, 20.3329678 44.4786399, 20.3355876 44.4764061, 20.3387182 44.4737696, 20.3421458 44.4708489, 20.3450982 44.4683647, 20.3480149 44.4659143, 20.3506465 44.4636928, 20.3534504 44.4613525, 20.3571394 44.458198, 20.3628006 44.4541783, 20.3671134 44.4516467, 20.3705173 44.4486613, 20.3739686 44.4456461, 20.3770993 44.4432753, 20.3800101 44.4410954, 20.3833011 44.4386184, 20.3863901 44.4363025, 20.3902514 44.4333248, 20.3940354 44.43047, 20.3976115 44.4277974, 20.4012055 44.4251035, 20.406445 44.4232326, 20.4110844 44.4215822, 20.415118 44.4201227, 20.4201079 44.4183661, 20.4252345 44.417195, 20.430367 44.4160367, 20.4354045 44.4148741, 20.4400321 44.413826, 20.4437389 44.4129858, 20.4496318 44.4129094, 20.4548594 44.4128118, 20.4591009 44.4137623, 20.4619642 44.4143861, 20.4664195 44.4154342, 20.4711065 44.4161937, 20.4737797 44.4166647, 20.4797736 44.417683, 20.4838962 44.4184043, 20.4887377 44.4192232, 20.4914584 44.4196856, 20.498771 44.4190959, 20.504563 44.418608, 20.5085252 44.4182643, 20.5162834 44.4176109, 20.5187249 44.4174327, 20.5248911 44.4165162, 20.5297444 44.4158203, 20.5347047 44.4150862, 20.5386907 44.4145219, 20.5434252 44.4138217, 20.5468825 44.4123366, 20.5498052 44.411072, 20.5536487 44.4110126, 20.5592327 44.4109108, 20.5625593 44.4104652, 20.5665156 44.4099475, 20.5703116 44.4094425, 20.5733115 44.4075329, 20.579044 44.4039808, 20.5811944 44.4026142, 20.5841468 44.4007425, 20.5889526 44.3998173, 20.5922555 44.3991806, 20.5971207 44.3965576, 20.6012137 44.3944056, 20.6048373 44.3924997, 20.6088174 44.3913705, 20.6128569 44.3902626, 20.6169201 44.3891292, 20.6204191 44.3881358, 20.6245358 44.3869769, 20.6299891 44.3854783, 20.6351988 44.3840179, 20.6381631 44.383224, 20.6428442 44.3818697, 20.6467351 44.3807743, 20.6513687 44.3794624, 20.6557527 44.3782651, 20.6588833 44.3773607, 20.6628456 44.3762737, 20.6682157 44.3755307, 20.6744175 44.3746645, 20.6782907 44.3744607, 20.6831202 44.3742654, 20.6873795 44.3740913, 20.6906052 44.3719512, 20.6935932 44.3699596, 20.696605 44.3679468, 20.6988624 44.3664774, 20.7019336 44.3652926, 20.7073512 44.3631522, 20.7107076 44.3618398, 20.7149015 44.3602005, 20.7192321 44.3584888, 20.7238122 44.3566837, 20.7261527 44.3539483, 20.7285586 44.3511278, 20.7310298 44.348201, 20.7340356 44.3446495, 20.7368989 44.3412636, 20.7397266 44.3379624, 20.7414849 44.3358677, 20.7424413 44.3329274, 20.743576 44.3293537, 20.7445324 44.3263918, 20.7459343 44.3220146, 20.7473244 44.3177092, 20.7488213 44.3131316, 20.7499025 44.3097778, 20.7509718 44.306462, 20.7478352 44.3039113, 20.744966 44.3014966, 20.74218 44.2991455, 20.7389068 44.2964712, 20.7358415 44.2938988, 20.7327881 44.2913348, 20.7318139 44.2876439, 20.7304951 44.2827279, 20.729509 44.2790236, 20.7286358 44.2757061, 20.7314515 44.2731499, 20.7340416 44.2707721, 20.7370296 44.268071, 20.7400889 44.2652677, 20.7438195 44.2618516, 20.7471818 44.2588139, 20.7473668 44.2551764, 20.7475114 44.2523339, 20.7476927 44.2487682, 20.748583 44.2457656, 20.749483 44.2427301, 20.7504757 44.2393816, 20.7516038 44.2355762, 20.752556 44.2323642, 20.7536327 44.2287319, 20.7544935 44.2258278, 20.7569659 44.2239012, 20.7598804 44.22163, 20.7624835 44.2196013, 20.7653828 44.2180788, 20.7687563 44.2163795, 20.7726156 44.2144424, 20.7766484 44.2124113, 20.778179 44.2105764, 20.7820884 44.2059308, 20.7843499 44.2032649, 20.7865462 44.2006363, 20.7894235 44.197219, 20.7909543 44.1940048, 20.7925057 44.1906021, 20.7940852 44.1872618, 20.7956794 44.1838619, 20.8001679 44.182283, 20.8042212 44.1808547, 20.809823 44.1788482, 20.8137711 44.1774727, 20.8168408 44.1763772, 20.8194956 44.1740216, 20.8222871 44.1715538, 20.8251567 44.169016, 20.8279091 44.1665866, 20.8314082 44.1634674, 20.8341509 44.1610588, 20.8355756 44.1585101, 20.8376506 44.1547673, 20.8402917 44.1500183, 20.8420804 44.1467749, 20.8441984 44.1429706, 20.8472076 44.1397407, 20.8498035 44.1369555, 20.8526836 44.1349395, 20.8554215 44.1330439, 20.8583468 44.1309954, 20.861427 44.1288077, 20.8645718 44.1266014, 20.8677424 44.1243486, 20.870461 44.1224805, 20.8727405 44.1200978, 20.8753923 44.1173546, 20.8782788 44.1143459, 20.8813203 44.1111886, 20.8837741 44.1086107, 20.886454 44.1058008, 20.8888755 44.1032783, 20.8914327 44.1006352, 20.8938542 44.0981032, 20.8959787 44.0959004, 20.8978256 44.0937253, 20.9017065 44.0892033, 20.9040183 44.0865224, 20.9065819 44.0812252, 20.9078928 44.0785346, 20.9091907 44.0758672, 20.9109407 44.0722114, 20.9124647 44.0690982, 20.9149131 44.0639861, 20.91603387005877 44.06317009772817, 20.92231570233083 44.059299880190984)",Sabac,Kragujevac,Sabac-Kragujevac
way/498961839-400,way/240179355-400,400.0,1787.4764334110816,36371.5,Al/St 240/40 4-bundle 380.0,"LINESTRING (20.92231570233083 44.059299880190984, 20.93041286594528 44.059132303990296, 20.9304827 44.0591242, 20.9334572 44.0587791, 20.9365603 44.058419, 20.940194 44.0597519, 20.9443591 44.0612527, 20.9495118 44.0631167, 20.953132 44.0644332, 20.9567345 44.0657433, 20.9602225 44.0670344, 20.9645737 44.0685533, 20.9697573 44.0704139, 20.974452 44.0721004, 20.9791863 44.0716226, 20.9840435 44.0710944, 20.98684 44.070774, 20.9900613 44.0704586, 20.9961726 44.0675269, 20.9985473 44.0664176, 20.9998377 44.0649146, 21.003662 44.060566, 21.0063489 44.0574791, 21.008535 44.0549426, 21.0096251 44.0533799, 21.0125714 44.0489628, 21.0160302 44.0437024, 21.0183872 44.0401911, 21.0193477 44.0390304, 21.0237788 44.0336887, 21.0253934 44.0317188, 21.026507 44.0304309, 21.0275854 44.0266222, 21.0301132 44.0236776, 21.0314214 44.0222031, 21.0333114 44.0202777, 21.0371591 44.0159331, 21.0391523 44.0153004, 21.0453629 44.0138173, 21.0496606 44.0127396, 21.0516945 44.0122614, 21.0554327 44.0112508, 21.0588493 44.0089793, 21.0615409 44.0071633, 21.0634576 44.0058536, 21.068445 44.0028117, 21.0711991 44.0011303, 21.0744991 43.9991132, 21.0798281 43.9958701, 21.0856739 43.9922851, 21.0897897 43.9901491, 21.0930654 43.9884511, 21.0960805 43.9868642, 21.1018872 43.9838588, 21.1048688 43.982281, 21.11082 43.9800323, 21.11658 43.9778352, 21.1215095 43.9777664, 21.1276088 43.9776728, 21.1304905 43.9760909, 21.1338423 43.9742769, 21.138851 43.9715459, 21.1424216 43.9706251, 21.1443737 43.9701017, 21.1457608 43.9697394, 21.1488027 43.9689447, 21.1522858 43.9680199, 21.1560178 43.9670425, 21.1595856 43.9660665, 21.1637988 43.9662826, 21.1691379 43.9664915, 21.1748023 43.966704, 21.1791056 43.9665851, 21.1830787 43.9664663, 21.1910798 43.9661673, 21.1947977 43.9660809, 21.199066 43.9659224, 21.2026838 43.9645935, 21.2065017 43.9632068, 21.2100795 43.9618994, 21.2136172 43.9605955, 21.2204761 43.9580931, 21.2243254 43.9567018, 21.2290741 43.9549655, 21.2335075 43.9533445, 21.2378258 43.9517523, 21.2415537 43.9503942, 21.2455668 43.948928, 21.2491524 43.9475909, 21.2555688 43.9474457, 21.2636289 43.9472566, 21.2689514 43.9458399, 21.2759413 43.9440376, 21.2787975 43.9444814, 21.2829802 43.9451419, 21.2870079 43.9484764, 21.288911276672657 43.9500440247321, 21.293971290973968 43.954704535378475)",Kragujevac,Paracin,Kragujevac-Paracin
way/317499556-220,way/613473916-220,220.0,491.5560191880474,3624.65,Al/St 240/40 2-bundle 220.0,"LINESTRING (21.066332957334065 42.699949140704895, 21.077824588813616 42.69916625818099, 21.0795639 42.6975669, 21.080272 42.6947164, 21.0812537 42.6911008, 21.0820825 42.6879678, 21.085503 42.6852402, 21.0872638 42.6838901, 21.0875953 42.6836316, 21.08796526307234 42.683343038636764, 21.08929514681922 42.67738816094869)",Kursumlija,Lebane,Kursumlija-Lebane
way/317499556-220,way/235291237-220,220.0,491.5560191880474,18483.63,Al/St 240/40 2-bundle 220.0,"LINESTRING (21.066332957334065 42.699949140704895, 21.078170682846398 42.70074427617395, 21.0789065 42.7008369, 21.0827437 42.7015356, 21.0874842 42.7024177, 21.0921958 42.7033018, 21.0969202 42.7041562, 21.1003269 42.7045421, 21.105333 42.7051703, 21.1054869 42.7051891, 21.1096178 42.7056936, 21.1123537 42.7050668, 21.1154972 42.7043888, 21.1188875 42.703624, 21.1223368 42.7028474, 21.1252942 42.7022058, 21.1358181 42.6998277, 21.1407515 42.698747, 21.1446866 42.697885, 21.1487046 42.6969782, 21.1530551 42.6959807, 21.1556678 42.6954049, 21.1595824 42.6945092, 21.1631015 42.6937364, 21.1662021 42.6930819, 21.1693639 42.6922896, 21.1750481 42.6930898, 21.1774084 42.6912484, 21.1806372 42.6887645, 21.1831989 42.6868081, 21.1845157 42.6857322, 21.1848102 42.6856171, 21.1848721 42.6855929, 21.1850515 42.6855228, 21.1889062 42.6840163, 21.1903581 42.6834488, 21.1947087 42.6817492, 21.1988607 42.6801875, 21.201832 42.679075, 21.2040182 42.6782399, 21.205217 42.677782, 21.206478 42.672765, 21.207063 42.670675, 21.206988 42.669681, 21.2066992 42.667518, 21.206505 42.666064, 21.206076 42.661886, 21.2057327 42.6588613, 21.2053289 42.6552688, 21.2051366 42.653608, 21.204681 42.649593, 21.203114 42.646969, 21.200727 42.64285, 21.1983349 42.6418552, 21.195771 42.640924, 21.192536 42.639673, 21.188153 42.63961, 21.185696 42.639539, 21.182424 42.639472, 21.181836761645627 42.639135433749445, 21.17721602796342 42.63470633749048)",Kursumlija,Bujanovac,Kursumlija-Bujanovac
way/317499556-220,way/235291237-220,220.0,491.5560191880474,18624.6,Al/St 240/40 2-bundle 220.0,"LINESTRING (21.066332957334065 42.699949140704895, 21.07834269617991 42.701392387227635, 21.0785219 42.7014213, 21.0828172 42.7022245, 21.0876038 42.7030613, 21.0919635 42.7038211, 21.0965125 42.7046174, 21.1000374 42.7051238, 21.1052512 42.705804, 21.1092798 42.7063243, 21.1112929 42.7058714, 21.1150788 42.7050195, 21.1188339 42.704168, 21.1220311 42.7034427, 21.1251065 42.7027735, 21.1361238 42.7003087, 21.1407582 42.6992838, 21.1447671 42.6983857, 21.1485114 42.6974868, 21.1534413 42.6963986, 21.1560806 42.6958348, 21.1594334 42.695066, 21.163396 42.6941821, 21.1666576 42.6934645, 21.1694216 42.6927765, 21.1752197 42.6935826, 21.1775473 42.6917494, 21.1812595 42.6890603, 21.1850575 42.6861502, 21.1888575 42.6846833, 21.1914734 42.6836698, 21.1949769 42.6823289, 21.1992952 42.6805582, 21.202213 42.679466, 21.205797 42.678129, 21.2062861 42.6760873, 21.2067952 42.6739618, 21.2068225 42.6738474, 21.207009 42.673069, 21.207384 42.671448, 21.207765 42.670201, 21.207165 42.665551, 21.206633 42.661527, 21.2059011 42.6552672, 21.205228 42.64951, 21.203694 42.646906, 21.201194 42.642562, 21.1990157 42.6415671, 21.19643 42.640486, 21.190433 42.637893, 21.1901945 42.6379128, 21.1863506 42.6382314, 21.182933 42.638564, 21.182815466801486 42.63851520951046, 21.17721602796342 42.63470633749048)",Kursumlija,Bujanovac,Kursumlija-Bujanovac2
way/411530745-220,RS22-220,220.0,491.5560191880474,80338.89,Al/St 240/40 2-bundle 220.0,"LINESTRING (21.183861200000003 42.9381143889858, 21.18636489127429 42.94220618050583, 21.1871823 42.9434808, 21.1893061 42.946742, 21.1908028 42.9496476, 21.1924979 42.9528909, 21.1942902 42.9564146, 21.196135 42.9599303, 21.1979482 42.9632554, 21.2002871 42.9678482, 21.2021914 42.9716478, 21.2036457 42.9742364, 21.2054154 42.9775195, 21.2067887 42.9802393, 21.2081513 42.9827509, 21.2098309 42.9859473, 21.211842 42.9897556, 21.2129793 42.9919529, 21.217443 43.0001198, 21.219084 43.0014909, 21.2276193 43.0082326, 21.2297645 43.0099017, 21.2316587 43.0114178, 21.2367335 43.0153559, 21.2389508 43.017096, 21.2410696 43.0187587, 21.2426611 43.0200076, 21.2482557 43.024406, 21.2503323 43.0259295, 21.2549525 43.0296365, 21.2564686 43.0308529, 21.2583896 43.0338546, 21.2602315 43.0369124, 21.2632434 43.0415858, 21.2665806 43.0462539, 21.268935 43.0498676, 21.2707426 43.0526819, 21.2729262 43.0562884, 21.2748091 43.0591654, 21.2761287 43.0612074, 21.2766491 43.0646681, 21.277068 43.067518, 21.2770987 43.0678373, 21.277266 43.0695747, 21.27784 43.0734111, 21.2781994 43.0759072, 21.2786232 43.0790575, 21.2789504 43.0814319, 21.2784453 43.0855289, 21.2781852 43.0884053, 21.2778197 43.0917215, 21.277521 43.0944319, 21.2763067 43.1020531, 21.275618 43.1063749, 21.2749791 43.1103474, 21.2744907 43.1135721, 21.2709896 43.1197036, 21.2700432 43.1213876, 21.2679641 43.1250868, 21.2661241 43.1283604, 21.2636815 43.1325991, 21.2633079 43.1338879, 21.2649848 43.1359294, 21.2641232 43.1374506, 21.2627284 43.1397366, 21.2621084 43.1433733, 21.261677 43.1466059, 21.2614586 43.1483362, 21.2610654 43.1514903, 21.2615268 43.1553764, 21.2619404 43.158539, 21.262627 43.1638372, 21.2630723 43.1674369, 21.2637208 43.1723658, 21.2640105 43.1748031, 21.2644558 43.1782221, 21.2648908 43.1812546, 21.2634419 43.1840936, 21.2612486 43.1884008, 21.2593796 43.1920642, 21.2564935 43.1977206, 21.2545699 43.2014903, 21.2528686 43.2048563, 21.2511796 43.2081337, 21.249463 43.2115275, 21.2477295 43.214846, 21.2466083 43.2170353, 21.2477027 43.2202175, 21.2489843 43.2243863, 21.2507604 43.228993, 21.2519575 43.2322535, 21.2530733 43.2353489, 21.2543653 43.2389865, 21.2556804 43.2425005, 21.2569241 43.2460166, 21.2583036 43.2498232, 21.2597472 43.2534882, 21.2610786 43.2560853, 21.2625573 43.2589695, 21.2645201 43.2626644, 21.2658403 43.2651379, 21.2654219 43.270626, 21.2651483 43.2741296, 21.2646006 43.2806198, 21.2642546 43.284689, 21.2620931 43.2874131, 21.2597267 43.2903954, 21.2573754 43.2933583, 21.2538003 43.2978633, 21.2514363 43.3008421, 21.2510262 43.306004, 21.2507218 43.309837, 21.2504117 43.3137396, 21.2482882 43.3164179, 21.2456918 43.3196534, 21.2433116 43.3226182, 21.2412018 43.3252459, 21.2384866 43.3286402, 21.2362075 43.33147, 21.2346411 43.3333605, 21.2293103 43.3357537, 21.2232787 43.3384614, 21.2207554 43.3395941, 21.2156425 43.3418892, 21.210614 43.3441463, 21.2035399 43.3473215, 21.2006518 43.3486178, 21.1956324 43.3508706, 21.1936237 43.3517721, 21.1922052 43.3542456, 21.1889574 43.359909, 21.1868181 43.363639, 21.1838672 43.3687837, 21.1816812 43.3725947, 21.1788781 43.3774811, 21.1790551 43.379801, 21.1793608 43.3828224, 21.1795486 43.3886235, 21.1801709 43.3941122, 21.1804724 43.3975306, 21.1808128 43.4013894, 21.1810882 43.4045112, 21.1820001 43.4062923, 21.1831895 43.4086481, 21.1856855 43.4135914, 21.1870963 43.4163346, 21.1906596 43.4228841, 21.1919779 43.4254834, 21.1941344 43.4296364, 21.195556 43.432523, 21.2000889 43.4378401, 21.2017463 43.4395892, 21.2038923 43.4422376, 21.2082731 43.4438863, 21.2122552 43.4453848, 21.2171478 43.4500347, 21.2198568 43.4527141, 21.2218256 43.4546573, 21.2251193 43.4578036, 21.2282602 43.4608673, 21.230186 43.4627324, 21.2351428 43.4674941, 21.2396596 43.4718311, 21.2429855 43.4749687, 21.2446592 43.4761054, 21.2466441 43.4775535, 21.2496321 43.4795738, 21.2527649 43.4818431, 21.256359 43.4843692, 21.2592612 43.4864632, 21.2626569 43.4888295, 21.2632952 43.4922582, 21.2641723 43.4966409, 21.2649904 43.5008699, 21.2659399 43.5053446, 21.2667982 43.5098267, 21.2672703 43.5122077, 21.2674977 43.51687, 21.2678013 43.5217346, 21.2679837 43.5247336, 21.2676243 43.5273435, 21.2673293 43.5294982, 21.2666641 43.5341654, 21.266192 43.5379063, 21.266369 43.5404339, 21.2665068 43.5426552, 21.2666963 43.5457105, 21.2668787 43.5485722, 21.2671093 43.5527673, 21.2674366 43.5576657, 21.2676189 43.5606007, 21.2678282 43.5639126, 21.268032 43.5667579, 21.2682251 43.569949, 21.2683592 43.5722227, 21.2706767 43.5741154, 21.2736271 43.5765366, 21.276776 43.5790743, 21.278063572714476 43.58010902316741, 21.28247565180948 43.585031263727224)",Krusevac,Blace,Blace-Krusevac
way/196695540-220,way/317499556-220,220.0,491.5560191880474,15528.1,Al/St 240/40 2-bundle 220.0,"LINESTRING (20.900602204610045 42.66546310107873, 20.906794874906517 42.667873361996975, 20.9104297 42.6684061, 20.9140987 42.6688798, 20.9182335 42.6694136, 20.9348868 42.6768131, 20.9422305 42.6800764, 20.9460582 42.6814247, 20.9509245 42.6831153, 20.9537661 42.6840894, 20.9632027 42.6873278, 20.9662598 42.689673, 20.9789049 42.695578, 20.9797908 42.6995912, 20.9835413 42.7011496, 20.9871486 42.7026484, 20.9904957 42.7040381, 20.9965736 42.7076135, 21.0033864 42.7086265, 21.0105318 42.7096553, 21.0155904 42.7061628, 21.0197693 42.7038094, 21.0238302 42.7015389, 21.0273922 42.7014443, 21.0306591 42.7014009, 21.0346878 42.7014088, 21.0390061 42.7014324, 21.0431743 42.7014285, 21.0472566 42.7014364, 21.0509312 42.7014599, 21.0530233 42.7013497, 21.0552496 42.7012432, 21.0574114 42.7010934, 21.057636247993806 42.70101839882105, 21.066332957334065 42.699949140704895)",Tutin,Kursumlija,Kursumlija-Tutin
way/317499556-220,way/613473916-220,220.0,491.5560191880474,3718.14,Al/St 240/40 2-bundle 220.0,"LINESTRING (21.066332957334065 42.699949140704895, 21.078002742107167 42.69981824176409, 21.0800495 42.6980851, 21.0809533 42.6945981, 21.0818116 42.6912979, 21.0826001 42.6883801, 21.0862409 42.6854422, 21.0883843 42.6837105, 21.088713955346098 42.68344714347843, 21.08929514681922 42.67738816094869)",Kursumlija,Lebane,Kursumlija-Lebane2
way/144936638-400,RS2-400,400.0,1787.4764334110816,20482.46,Al/St 240/40 4-bundle 380.0,"LINESTRING (19.82813359999999 45.51586529102053, 19.832519731540234 45.51257122122967, 19.8327098 45.5121765, 19.8341465 45.5091927, 19.8355463 45.5062853, 19.8372639 45.5027177, 19.8389731 45.4991671, 19.8405553 45.4958804, 19.8422295 45.4924023, 19.8435641 45.4896294, 19.8448068 45.4870475, 19.8462497 45.4840495, 19.8458019 45.4829851, 19.8470392 45.4793258, 19.8480356 45.4763787, 19.8490807 45.4732875, 19.85009 45.4703021, 19.8509706 45.4676969, 19.8519688 45.4647441, 19.853062 45.4615097, 19.8541061 45.4584209, 19.8551085 45.4554548, 19.8560956 45.4525343, 19.857051 45.449707, 19.8555487 45.446597, 19.8541327 45.4436656, 19.8527238 45.4407487, 19.8511557 45.4375021, 19.8499691 45.4350451, 19.8497036 45.4321938, 19.8493975 45.428907, 19.8490834 45.4255333, 19.8487861 45.4223406, 19.8484802 45.4190546, 19.8481617 45.4156344, 19.8478432 45.4122126, 19.8475246 45.4087903, 19.8472225 45.405545, 19.8469203 45.4022977, 19.8466038 45.3988972, 19.8463227 45.3958768, 19.8474302 45.3930784, 19.8486823 45.3899143, 19.8499755 45.3866463, 19.8512767 45.3833579, 19.852574 45.3800791, 19.853867 45.376811, 19.8551722 45.3735118, 19.8563202 45.3706099, 19.8574812 45.3676749, 19.8587052 45.3645806, 19.8567247 45.3620108, 19.8548662 45.3595992, 19.8527568 45.3568619, 19.8506549 45.3541342, 19.8485602 45.3514157, 19.8460136 45.3481105, 19.844782049404124 45.34651203202988, 19.845607353226224 45.33985883927314)",Ruma,NoviSad,NoviSad-Ruma
way/317497727-220,way/52564762-220,220.0,491.5560191880474,107802.72,Al/St 240/40 2-bundle 220.0,"LINESTRING (19.50023370346279 43.952980490654625, 19.507678959453198 43.95043921137708, 19.510648 43.9497036, 19.5123656 43.9492781, 19.5147038 43.9486806, 19.5181975 43.9490989, 19.5269449 43.9500304, 19.5323177 43.9506282, 19.535066 43.9508928, 19.5397741 43.9520711, 19.5436622 43.9530707, 19.5488862 43.9544049, 19.5536467 43.9555643, 19.5560827 43.9561938, 19.5602357 43.9583709, 19.5607111 43.9586324, 19.5670894 43.9620026, 19.5708058 43.9639955, 19.5771218 43.967371, 19.5797872 43.968779, 19.5833499 43.9706833, 19.5925506 43.9756178, 19.5976665 43.9783032, 19.6020008 43.9806182, 19.6063835 43.9829049, 19.6103497 43.9850449, 19.6124195 43.9860746, 19.6174138 43.9887117, 19.6282342 43.9944525, 19.6291664 43.9962566, 19.6306569 43.9990109, 19.6322835 44.00211, 19.6346432 44.0065293, 19.6359965 44.0089618, 19.6383889 44.013478, 19.6397768 44.0159265, 19.6408208 44.0178886, 19.642438 44.0208316, 19.6442808 44.0212355, 19.6491248 44.0223046, 19.6537632 44.0233169, 19.6585993 44.0243745, 19.6610193 44.0249176, 19.6709162 44.0277125, 19.672597 44.0282108, 19.676262 44.0292522, 19.6798593 44.0302627, 19.6846014 44.0316126, 19.6870369 44.0323184, 19.691661 44.0336297, 19.6959579 44.0348522, 19.6974277 44.0374978, 19.6988654 44.040174, 19.7003138 44.0426381, 19.7035164 44.0482908, 19.7051686 44.0512542, 19.7084807 44.0533045, 19.7162382 44.0581634, 19.7223054 44.0619243, 19.7253081 44.0637988, 19.7275325 44.0651818, 19.7293628 44.0663191, 19.734098 44.0692277, 19.7388887 44.0721971, 19.744292 44.0755889, 19.7464797 44.0789918, 19.7485282 44.0820963, 19.7496485 44.0838181, 19.7506247 44.0854093, 19.7548787 44.0919942, 19.7569547 44.0952343, 19.7586874 44.0979658, 19.761257 44.1006393, 19.7633705 44.1028621, 19.764658 44.1041487, 19.7709505 44.110743, 19.7730694 44.112923, 19.7724954 44.115307, 19.7717283 44.1179336, 19.7708426 44.121396, 19.7705171 44.1231212, 19.770693 44.1246958, 19.7707198 44.1283193, 19.7710524 44.1337443, 19.771149 44.1357733, 19.7713277 44.13968, 19.7714243 44.1417434, 19.774254 44.1432082, 19.7798464 44.1460933, 19.7827459 44.147608, 19.7905565 44.1516477, 19.7928578 44.1528562, 19.7963769 44.157188, 19.7976616 44.1588352, 19.8004619 44.1622429, 19.8022643 44.164496, 19.8047856 44.1676071, 19.8086104 44.1723668, 19.8109815 44.1753256, 19.8145301 44.1797903, 19.8161742 44.1817369, 19.8196477 44.1838951, 19.826144 44.187963, 19.8320476 44.1916037, 19.8353252 44.1936287, 19.84018 44.1972729, 19.8455283 44.2012995, 19.8482481 44.2033262, 19.8509974 44.2053759, 19.8545754 44.2080811, 19.8598996 44.2124376, 19.866331 44.2176376, 19.8683352 44.2192333, 19.8716209 44.2219013, 19.8735762 44.223466, 19.8785984 44.2275497, 19.8803701 44.2289979, 19.8832638 44.2313535, 19.8887429 44.2330132, 19.891046 44.2337231, 19.8972272 44.2355849, 19.8994779 44.2362478, 19.9051866 44.2379919, 19.9089858 44.239139, 19.9157182 44.2411792, 19.9185659 44.2420395, 19.9213875 44.2428903, 19.9276474 44.2448129, 19.9280805 44.2472994, 19.9288547 44.2528362, 19.9293206 44.2557549, 19.9298784 44.2594816, 19.9301737 44.2615587, 19.9307052 44.2649938, 19.931112 44.2680433, 19.9316763 44.2715673, 19.9322603 44.2756172, 19.932818 44.2792347, 19.9332897 44.2825883, 19.9336726 44.2854008, 19.9353457 44.2858991, 19.9369076 44.2912769, 19.9388433 44.2948464, 19.9407199 44.2984204, 19.9416451 44.3001205, 19.945917 44.3005421, 19.9497248 44.3009368, 19.9532356 44.3013051, 19.9570785 44.3018318, 19.9615858 44.3025404, 19.9669073 44.3033514, 19.9715058 44.3040879, 19.9776415 44.3050342, 19.9818817 44.3057054, 19.9856856 44.3062973, 19.9900691 44.3069965, 19.9954753 44.3090241, 19.9994289 44.3104572, 20.0064244 44.3129717, 20.0107493 44.3145982, 20.0165608 44.3167077, 20.0210438 44.3183684, 20.0245866 44.3217286, 20.0278601 44.3246826, 20.030133 44.326911, 20.032564 44.3291957, 20.0378712 44.3341623, 20.0415215 44.3373502, 20.0464586 44.3420087, 20.049546 44.3448176, 20.0538449 44.3489026, 20.0568971 44.3517723, 20.0627826 44.355915, 20.0687692 44.3599989, 20.0704953 44.3680453, 20.0711206 44.3716422, 20.0717117 44.3764917, 20.072096 44.3796228, 20.0732216 44.3828498, 20.0743071 44.385956, 20.0754261 44.3891411, 20.0765091 44.3922295, 20.0775216 44.395152, 20.0786029 44.3982495, 20.0806058 44.4015133, 20.0825256 44.4046589, 20.0845162 44.4078981, 20.0860025 44.4103443, 20.0883952 44.4142221, 20.0907003 44.417909, 20.0921563 44.4203831, 20.0934112 44.4224083, 20.0939239 44.4248438, 20.0945694 44.4279636, 20.0952418 44.4311902, 20.0960401 44.434955, 20.0966985 44.4381313, 20.0973847 44.4413478, 20.098177 44.4451374, 20.0962157 44.4510877, 20.0951065 44.4545355, 20.0939096 44.4581375, 20.0926109 44.4620927, 20.0928231 44.466337, 20.0930356 44.470703, 20.0932591 44.4748406, 20.0934634 44.4789025, 20.0936874 44.4830827, 20.0965809 44.486253, 20.0994168 44.4893571, 20.1015619 44.4924626, 20.1048793 44.4953253, 20.1078878 44.4986186, 20.1108927 44.5018783, 20.1120571 44.5056875, 20.1131767 44.5094534, 20.1143897 44.5134219, 20.1155516 44.5173042, 20.1166791 44.5210458, 20.1177802 44.5247591, 20.1213598 44.5279576, 20.1248405 44.5310341, 20.1280077 44.5338673, 20.13125 44.5367415, 20.134654 44.5397194, 20.1379521 44.5426601, 20.1418903 44.5462114, 20.1439134 44.5479527, 20.1477484 44.5514014, 20.151426 44.5546105, 20.1540197 44.5569218, 20.1573715 44.5598804, 20.1607596 44.5628503, 20.1639924 44.5657708, 20.1667559 44.5678306, 20.1699901 44.5701889, 20.1730366 44.5724629, 20.1759159 44.5745953, 20.178999 44.576769, 20.1810703 44.5787237, 20.1836259 44.5820563, 20.185607 44.5855815, 20.1876356 44.5891735, 20.1896227 44.5927004, 20.1915916 44.5961881, 20.1933538 44.5993338, 20.1951282 44.602475, 20.1965384 44.6050596, 20.1972789 44.6063601, 20.1984912 44.6084892, 20.2003629 44.6118938, 20.2016633 44.6141606, 20.1994453 44.6164445, 20.1966271 44.6193678, 20.193886 44.6221566, 20.1916974 44.6244117, 20.1890297 44.6271536, 20.1861433 44.6301117, 20.1832737 44.633039, 20.1811737 44.6351656, 20.1784897 44.637942, 20.1764457 44.6400375, 20.1755391 44.6434243, 20.174464 44.6474133, 20.1739115 44.6494265, 20.1728509 44.6534101, 20.1720157 44.6564915, 20.17157434665095 44.65815725490619, 20.166458177704666 44.66241157637701)",Uzice,StaraPazova,Uzice-StaraPazova
way/317497727-220,way/330729178-220,220.0,491.5560191880474,145217.91,Al/St 240/40 2-bundle 220.0,"LINESTRING (19.50023370346279 43.952980490654625, 19.506754841049236 43.949281197213416, 19.5111111 43.9480055, 19.5138067 43.9471299, 19.5146766 43.9468971, 19.5185429 43.9466368, 19.5211503 43.9465251, 19.5255553 43.9463393, 19.5283449 43.9463332, 19.5328636 43.9460929, 19.5374374 43.945928, 19.5410767 43.945682, 19.544916 43.9456015, 19.5542976 43.9454669, 19.5565217 43.9455487, 19.562208 43.945213, 19.5673022 43.9448137, 19.5766317 43.9442014, 19.5821281 43.9433477, 19.5894518 43.9423139, 19.5943419 43.9416014, 19.5987889 43.940904, 19.6015261 43.9405254, 19.6038316 43.9412087, 19.605322 43.9415762, 19.6086477 43.9423941, 19.613517 43.9439256, 19.6170827 43.9450902, 19.6206066 43.9460814, 19.6238816 43.9469944, 19.6337793 43.9489325, 19.6386525 43.9498266, 19.6418585 43.9503517, 19.6455 43.9510773, 19.6546483 43.9507031, 19.6645695 43.9501777, 19.6711195 43.9498984, 19.6715285 43.9500052, 19.6771384 43.9514702, 19.6809201 43.9524577, 19.6896372 43.9546965, 19.6932617 43.9555921, 19.6964385 43.9564281, 19.6993132 43.957144, 19.7053183 43.9587066, 19.7058751 43.9588546, 19.7077842 43.959362, 19.7109238 43.9588089, 19.7134136 43.9584372, 19.7137274 43.9583904, 19.721614 43.9571835, 19.7250551 43.9566154, 19.7267433 43.9563667, 19.7289334 43.956044, 19.7298104 43.9559148, 19.7349279 43.9550715, 19.739981 43.9563837, 19.7419891 43.956902, 19.748739 43.9586443, 19.7514287 43.9593273, 19.7540441 43.959941, 19.7633019 43.962381, 19.7657334 43.9651404, 19.7676092 43.9671381, 19.7718946 43.9717798, 19.773331 43.9733153, 19.7778047 43.9781872, 19.7801339 43.9807236, 19.7811072 43.9817232, 19.7857623 43.9864766, 19.7881946 43.9889692, 19.7904939 43.9913267, 19.7924121 43.9932024, 19.7973393 43.9953331, 19.8053478 43.9985453, 19.8133276 44.0018644, 19.8205487 44.0048413, 19.8222724 44.0057323, 19.8250427 44.0070411, 19.8288261 44.0089266, 19.8320958 44.0105013, 19.8349238 44.0119067, 19.8414151 44.0135193, 19.8631794 44.0219439, 19.8667899 44.0223202, 19.8688785 44.0233353, 19.8741455 44.0255862, 19.8793682 44.0277336, 19.8939279 44.0384399, 19.8966154 44.0404752, 19.9047316 44.0459651, 19.9127899 44.050554, 19.9189744 44.0539814, 19.9215447 44.0554422, 19.9278261 44.0589289, 19.928058 44.0624168, 19.9281292 44.0656503, 19.9281845 44.069003, 19.9282399 44.0724236, 19.9283902 44.0771282, 19.9285404 44.0822925, 19.9286986 44.0870673, 19.9289042 44.0955506, 19.9290312 44.1002129, 19.9291652 44.1047909, 19.929268 44.1088796, 19.9293076 44.1114235, 19.9294499 44.1147906, 19.929529 44.1185096, 19.9315299 44.1224667, 19.9331037 44.1255096, 19.9354446 44.1300851, 19.9348989 44.132401, 19.9342821 44.1353469, 19.9337759 44.1376343, 19.9323366 44.1437354, 19.9308497 44.1502388, 19.927283 44.1520433, 19.922522 44.1544719, 19.914471 44.1584493, 19.9120906 44.1596294, 19.9080334 44.1616265, 19.905479 44.1629711, 19.9023313 44.1675209, 19.9009632 44.1695915, 19.8979816 44.173965, 19.8961547 44.1766763, 19.8939878 44.1798185, 19.8926433 44.1818149, 19.8887918 44.1874521, 19.8904843 44.1956631, 19.8923278 44.1986884, 19.8937327 44.2009607, 19.895643 44.2039493, 19.8992549 44.2098311, 19.9025607 44.2151766, 19.9049701 44.2190461, 19.9070065 44.2222937, 19.9089679 44.224266, 19.9146225 44.2300295, 19.9165996 44.2321262, 19.9198501 44.2353929, 19.9263509 44.2420335, 19.9281857 44.2438347, 19.9284007 44.2455004, 19.9288761 44.2483653, 19.9295535 44.2528162, 19.9299704 44.2556573, 19.9303417 44.2581951, 19.9307715 44.2612039, 19.9313924 44.265642, 19.93192 44.2690562, 19.9324801 44.2727034, 19.9329556 44.2760193, 19.9334702 44.2793722, 19.933827 44.2827179, 19.9339501 44.2831514, 19.93433 44.2851637, 19.9360951 44.2884742, 19.9376258 44.291281, 19.9400422 44.2957753, 19.9415664 44.2984652, 19.9421721 44.299654, 19.9476605 44.3002563, 19.9530753 44.3008637, 19.9570388 44.3013608, 19.9625785 44.3020571, 19.9685513 44.3027936, 19.9731243 44.3033263, 19.9792594 44.3040521, 19.9843529 44.3046767, 19.9885671 44.3053713, 19.992866 44.3061124, 19.997434 44.306938, 20.0045298 44.3082307, 20.0105405 44.309153, 20.0142922 44.3099034, 20.0154736 44.3110291, 20.0202305 44.3155339, 20.0217643 44.3169985, 20.0255056 44.3206006, 20.0297516 44.324535, 20.0389993 44.3335825, 20.0507158 44.3447623, 20.0576878 44.3513199, 20.064435 44.356206, 20.0694075 44.3597177, 20.0709316 44.3658854, 20.0714885 44.367997, 20.0739104 44.3770144, 20.0749097 44.3807337, 20.0759343 44.3846184, 20.0769233 44.388254, 20.0778252 44.3916787, 20.0789248 44.3956517, 20.0811934 44.3970665, 20.0850672 44.3994698, 20.08881 44.4017772, 20.0921015 44.4038357, 20.0932373 44.4071698, 20.094235 44.4101589, 20.0951385 44.4129857, 20.0965859 44.4172965, 20.0972096 44.4191396, 20.0982047 44.4221233, 20.0982921 44.4245881, 20.0983827 44.4275755, 20.0985183 44.4310877, 20.0986105 44.433969, 20.0986849 44.4361562, 20.0987771 44.43874, 20.0988781 44.4418212, 20.0990081 44.4451384, 20.0973207 44.4503667, 20.0959675 44.4543881, 20.0949744 44.4573743, 20.0943553 44.4593714, 20.0933752 44.4623198, 20.0948274 44.4652213, 20.0960242 44.4676255, 20.0957351 44.4703359, 20.0954248 44.4728412, 20.0950353 44.4762344, 20.0946282 44.4798609, 20.094307 44.48294, 20.0970182 44.4858031, 20.0998677 44.4887974, 20.1020942 44.4922522, 20.1052459 44.4944522, 20.1080273 44.4973428, 20.1106268 44.5000603, 20.1135577 44.5030203, 20.117581 44.5052393, 20.1214648 44.5072899, 20.1255525 44.5095318, 20.1283875 44.5113865, 20.1337808 44.5115339, 20.1382509 44.5117073, 20.1425735 44.5118031, 20.1481008 44.5119845, 20.1535388 44.512242, 20.15898 44.5122828, 20.1635952 44.5125025, 20.1673565 44.5125923, 20.1718738 44.5133211, 20.1773146 44.514154, 20.1830078 44.5150011, 20.1862604 44.5154987, 20.1907169 44.5146774, 20.1955225 44.5137911, 20.2000101 44.5138186, 20.2047589 44.5138658, 20.2071676 44.5138895, 20.213318 44.5147002, 20.2183911 44.51554, 20.2215251 44.5159734, 20.2257317 44.5166459, 20.2299421 44.5173239, 20.2331429 44.5178631, 20.2380421 44.5164329, 20.2421283 44.5153229, 20.2479264 44.513657, 20.2500885 44.5116575, 20.2536966 44.5093008, 20.2546017 44.5086819, 20.2568658 44.5071336, 20.2603752 44.5047552, 20.2685059 44.5006109, 20.272782 44.4990441, 20.2763735 44.49777, 20.2792301 44.4968077, 20.2823542 44.4971921, 20.2869629 44.4977202, 20.292112 44.4983993, 20.2975066 44.499004, 20.3004973 44.4993789, 20.3051851 44.4999088, 20.3070841 44.5034058, 20.3085915 44.5061432, 20.3099574 44.5087103, 20.3117787 44.5119869, 20.3134068 44.5150719, 20.314721 44.5173746, 20.3162063 44.5200597, 20.3180684 44.5233681, 20.3201364 44.5272481, 20.3214688 44.52973, 20.3232605 44.5329786, 20.325924 44.5354565, 20.3284707 44.5377707, 20.3308706 44.5399513, 20.3324692 44.5414316, 20.3344293 44.5432467, 20.3346713 44.5434708, 20.3375513 44.5460457, 20.3393826 44.5476208, 20.3409363 44.548957, 20.3442978 44.5517668, 20.3450839 44.5524398, 20.346805 44.5539132, 20.3522954 44.5585671, 20.3540315 44.5599297, 20.3622981 44.560998, 20.3668989 44.561591, 20.3687186 44.5618255, 20.3741367 44.5623759, 20.3801743 44.5631308, 20.3855361 44.5637881, 20.391335 44.5644532, 20.3951371 44.5649218, 20.3962814 44.5650628, 20.3992455 44.5686247, 20.4019753 44.5718482, 20.404738 44.5750734, 20.4071311 44.5779316, 20.4098396 44.5811336, 20.4118786 44.5835903, 20.4136949 44.5857355, 20.414529 44.5867206, 20.4154078 44.5877585, 20.4180418 44.5908797, 20.4187713 44.5931145, 20.4195765 44.5952804, 20.4205582 44.598363, 20.4216405 44.6016589, 20.4226128 44.6046194, 20.4232404 44.6069415, 20.426499 44.6199545, 20.4275132 44.6238151, 20.4281859 44.6263433, 20.4288301 44.6289585, 20.4312433 44.6320009, 20.4335503 44.6347764, 20.4414735 44.6445708, 20.4444138 44.6481202, 20.4477284 44.6522914, 20.4516535 44.6571196, 20.4552632 44.6615272, 20.4568873 44.6634677, 20.4566193 44.6672608, 20.4564424 44.6697119, 20.4562655 44.6725898, 20.4560726 44.6748691, 20.4558421 44.6790502, 20.4557242 44.6811959, 20.4555259 44.6840085, 20.4552837 44.6875249, 20.4550413 44.6919406, 20.4554839 44.693214, 20.4565576 44.6962411, 20.4574866 44.6986182, 20.4578997 44.701454, 20.4593806 44.7028511, 20.4603746 44.7037887, 20.4610277 44.7044274, 20.4637067 44.7070475, 20.4671576 44.7103754, 20.4686522 44.7118732, 20.4679024 44.7143873, 20.467745870927796 44.714919007587454, 20.46546090536794 44.72051605574757)",Uzice,NovaPazova,Uzice-NovaPazova
way/330729178-220,way/239998425-220,220.0,491.5560191880474,10666.25,Al/St 240/40 2-bundle 220.0,"LINESTRING (20.46546090536794 44.72051605574757, 20.47396188854146 44.72114214722326, 20.4769669 44.7208189, 20.4802627 44.7204679, 20.4848829 44.7200062, 20.4884757 44.7195864, 20.4914557 44.7193173, 20.4922882 44.7193169, 20.4974236 44.719331, 20.5006154 44.719411, 20.5050679 44.7214998, 20.5073853 44.7226586, 20.5108084 44.7242855, 20.5135146 44.7255552, 20.5158665 44.7267063, 20.5208071 44.728993, 20.5266574 44.7319173, 20.529729 44.7333614, 20.5352296 44.7387624, 20.5420147 44.7391052, 20.5479224 44.7395107, 20.5512775 44.7397353, 20.5557931 44.7400172, 20.5599834 44.7402918, 20.564055 44.7403909, 20.5695267 44.7404633, 20.5748214 44.7404671, 20.5799444 44.7405281, 20.581182860420395 44.739793222829825, 20.587381835624797 44.73594730458313)",NovaPazova,Surcin,Surcin-NovaPazova
way/330729178-220,way/239998425-220,220.0,491.5560191880474,10827.99,Al/St 240/40 2-bundle 220.0,"LINESTRING (20.46546090536794 44.72051605574757, 20.47404557761445 44.72072563034764, 20.4759484 44.7205191, 20.4836388 44.7196452, 20.4873997 44.7191888, 20.4908365 44.7162494, 20.493559 44.7166981, 20.4967877 44.7171947, 20.5009367 44.7189371, 20.5047621 44.7209853, 20.5068596 44.7219839, 20.5100193 44.7233827, 20.5175779 44.7268563, 20.5207856 44.7283718, 20.5276647 44.7318419, 20.5300178 44.7330021, 20.5354886 44.7382156, 20.5425314 44.7386659, 20.5482465 44.7390374, 20.5515647 44.7392269, 20.5561962 44.7395831, 20.5604287 44.7398422, 20.5653638 44.7398754, 20.5705996 44.7399032, 20.575154 44.7399146, 20.5798211 44.7399146, 20.580746201714287 44.739365512631835, 20.587381835624797 44.73594730458313)",NovaPazova,Surcin,Surcin-NovaPazova2
way/288282829-220,way/52564762-220,220.0,491.5560191880474,49163.67,Al/St 240/40 2-bundle 220.0,"LINESTRING (19.937364757526826 44.29541936428264, 19.94051962482479 44.30063143190474, 19.940674 44.3009141, 19.9475055 44.3037597, 19.9504874 44.3049782, 19.9543883 44.3065652, 19.9609689 44.3092563, 19.9669352 44.3096769, 19.9724033 44.3100299, 19.9766477 44.3103379, 19.9804059 44.310601, 19.9853081 44.3109298, 19.9900809 44.3113626, 19.9964631 44.3110441, 19.9991785 44.3109099, 20.0036883 44.3124959, 20.0063074 44.3134978, 20.0092806 44.3146005, 20.0165398 44.3171987, 20.0208777 44.3204235, 20.0233435 44.3221727, 20.0271514 44.3256666, 20.0316542 44.3297777, 20.0364253 44.3339174, 20.0396755 44.3368384, 20.0531975 44.3491641, 20.0565258 44.3521542, 20.059268 44.3563412, 20.0623944 44.3626373, 20.0651887 44.3672426, 20.0692748 44.3752927, 20.0704432 44.3783115, 20.0719999 44.3826176, 20.0732124 44.386024, 20.0748034 44.3903697, 20.0762141 44.3940353, 20.0775103 44.3975351, 20.0787153 44.400588, 20.079777 44.4032079, 20.0807931 44.4059022, 20.0819003 44.4086615, 20.0851636 44.416906, 20.0861713 44.4197429, 20.0872442 44.4227467, 20.0886175 44.4265165, 20.0898298 44.4300562, 20.0913489 44.4343429, 20.0926577 44.4380758, 20.0935548 44.4405936, 20.0948532 44.44418, 20.0961157 44.4473735, 20.0950484 44.450426, 20.0938385 44.4541366, 20.0926947 44.4575636, 20.0913429 44.461686, 20.0915188 44.4638599, 20.091901 44.4686723, 20.0922567 44.4726144, 20.0927969 44.4797996, 20.0931026 44.4831885, 20.0960018 44.4864382, 20.0990097 44.4896792, 20.1008465 44.4924298, 20.1040939 44.4952373, 20.1065053 44.4977649, 20.108946 44.5005624, 20.1076675 44.5043231, 20.1057135 44.5100692, 20.1071986 44.5140962, 20.1088442 44.5183545, 20.1106265 44.5218542, 20.1117208 44.5238277, 20.113298 44.5268644, 20.1143923 44.5289984, 20.1172462 44.5345051, 20.1189414 44.5376329, 20.1189843 44.5409671, 20.1190165 44.5439417, 20.1190916 44.5475967, 20.119113 44.5503874, 20.1191559 44.553201, 20.1191881 44.5564654, 20.1193061 44.5639417, 20.1198211 44.5668081, 20.1203576 44.5700871, 20.1213017 44.5757198, 20.1226643 44.5835833, 20.1243058 44.5860133, 20.1261726 44.5885729, 20.1281896 44.5914687, 20.1302925 44.5944254, 20.1325348 44.5976494, 20.1350239 44.6011176, 20.1347892 44.6040855, 20.1419443 44.6108924, 20.1442705 44.6142238, 20.1467455 44.6168429, 20.149371 44.6196419, 20.1515991 44.6221493, 20.155971 44.6267996, 20.158136 44.6291956, 20.1599492 44.6310968, 20.1621853 44.6334704, 20.1659488 44.637888, 20.166948 44.6385256, 20.1690543 44.6408301, 20.1713809 44.6433449, 20.1737408 44.6458374, 20.1732326 44.64807, 20.1728705 44.6495161, 20.1720824 44.6530388, 20.1714204 44.6559318, 20.17098486360405 44.6577893471435, 20.166458177704666 44.66241157637701)",Valjevo,StaraPazova,StaraPazova-Valjevo
way/317496363-220,RS14-220,220.0,491.5560191880474,31473.7,Al/St 240/40 2-bundle 220.0,"LINESTRING (20.04399578939664 43.82349003216872, 20.05138557299279 43.822772073899124, 20.0513912 43.822771, 20.0556815 43.8219396, 20.0614455 43.8207913, 20.0653124 43.8200249, 20.0689261 43.8194048, 20.0720505 43.8188609, 20.0764149 43.8177754, 20.0779229 43.8187982, 20.0836846 43.8202536, 20.0865057 43.820795, 20.0906069 43.8215609, 20.0949991 43.822387, 20.0994031 43.8231758, 20.103279 43.8239351, 20.1094307 43.8251064, 20.1117021 43.8255483, 20.1139908 43.8268232, 20.118842 43.829899, 20.128482 43.83164, 20.130193 43.831957, 20.13684 43.833184, 20.139613 43.833536, 20.143454 43.834264, 20.155803 43.836295, 20.159365 43.836651, 20.168592 43.837963, 20.177481 43.839406, 20.183516 43.840253, 20.186622 43.840671, 20.192061 43.841728, 20.199357 43.843186, 20.203182 43.844084, 20.211598 43.845891, 20.219409 43.844974, 20.228764 43.843825, 20.2368228 43.8421596, 20.241286 43.8434828, 20.2460549 43.8447092, 20.2528785 43.8465005, 20.2595947 43.8481177, 20.266944 43.8485664, 20.2711336 43.8488643, 20.2812562 43.8472511, 20.2848182 43.8466011, 20.2882943 43.8461794, 20.2958367 43.8461717, 20.2994577 43.8462568, 20.3041247 43.8469222, 20.3073917 43.8474213, 20.3104977 43.8478198, 20.3150521 43.8487328, 20.3229527 43.8495521, 20.3279267 43.8501913, 20.3327386 43.8508876, 20.336617 43.8522029, 20.3428344 43.8510578, 20.3478716 43.8500829, 20.35543 43.848578, 20.3583751 43.8459937, 20.3618083 43.8448679, 20.3713543 43.8416043, 20.3732292 43.8412581, 20.3810076 43.8387663, 20.3836469 43.8379421, 20.389301 43.8360809, 20.3933994 43.8347769, 20.3961384 43.8338918, 20.397315 43.8344755, 20.3993677 43.8354938, 20.4009663 43.8380167, 20.4021519 43.8398121, 20.4021251 43.8410077, 20.402109 43.8430428, 20.4022839159861 43.84318238375295, 20.406046500125722 43.846890490300005)",Cacak,GornjiMilanovac,Cacak-GornjiMilanovac
way/330729171-400,way/52456886-400,400.0,1787.4764334110816,29044.39,Al/St 240/40 4-bundle 380.0,"LINESTRING (20.54382653587462 44.7995033186593, 20.550985475887387 44.796278063861564, 20.55312 44.7945129, 20.5560484 44.7920913, 20.5584735 44.7900857, 20.5610405 44.7879627, 20.563456 44.785965, 20.5658549 44.7839808, 20.5687771 44.7815638, 20.5712793 44.7794941, 20.573668 44.7775182, 20.5754155 44.7734103, 20.576295 44.7713428, 20.5775561 44.7683781, 20.5791286 44.7646811, 20.5801061 44.7623829, 20.5827871 44.7600763, 20.5841621 44.7588932, 20.5877746 44.7557849, 20.5905047 44.7534357, 20.5930429 44.7512516, 20.5951965 44.7493984, 20.5972133 44.7476628, 20.5979158 44.7470582, 20.6005065 44.7461591, 20.603467 44.7451317, 20.6057486 44.7443399, 20.6075873 44.7437017, 20.6093913 44.7430756, 20.6109794 44.7429819, 20.6141581 44.7452853, 20.6178013 44.7469319, 20.6220268 44.7488212, 20.6265425 44.7509106, 20.6398078 44.7572252, 20.6450945 44.759684, 20.6486148 44.760985, 20.6525494 44.7624583, 20.6564461 44.7638366, 20.6601669 44.76524, 20.6639722 44.7666033, 20.6676649 44.7679666, 20.6717515 44.7694547, 20.6758402 44.770943, 20.6799737 44.7724439, 20.6845764 44.7740924, 20.6888346 44.7756439, 20.6932532 44.7772375, 20.6973392 44.7787298, 20.7015025 44.7798259, 20.7062358 44.7810779, 20.7107376 44.7822372, 20.7148414 44.7833079, 20.7196045 44.7845682, 20.7229659 44.7863344, 20.7270222 44.7884714, 20.7305916 44.7903471, 20.7340065 44.7921299, 20.7337867 44.795451, 20.7335551 44.7987508, 20.7333591 44.801747, 20.7331334 44.8054005, 20.7328781 44.8088345, 20.7326405 44.8125591, 20.7324505 44.8154325, 20.7317021 44.8185711, 20.7309004 44.8218696, 20.7300214 44.825547, 20.7292434 44.8288324, 20.7284416 44.8321851, 20.727628 44.8356386, 20.7268025 44.8390625, 20.7259829 44.8425325, 20.7256385 44.8441369, 20.7238568 44.8446422, 20.7207304 44.8473813, 20.7181159 44.8497548, 20.7150444 44.8524522, 20.7119147 44.8552045, 20.7090372 44.8577217, 20.7057941 44.8605365, 20.7046681 44.8621223, 20.70326336387591 44.86336446494353, 20.69914702538835 44.868700822881486)",Batajnica,Smederevo,Smederevo-Batajnica
way/317496363-220,RS15-220,220.0,491.5560191880474,67547.48,Al/St 240/40 2-bundle 220.0,"LINESTRING (19.281983499999996 43.79251838969401, 19.285252582426015 43.79632462664964, 19.2854887 43.7966678, 19.2905527 43.8003538, 19.2923122 43.8016122, 19.2990392 43.801194, 19.3022525 43.8010624, 19.3079387 43.8009114, 19.3153309 43.793907, 19.3204003 43.7920715, 19.3298631 43.7886095, 19.3343507 43.7879878, 19.3391615 43.7871983, 19.3445294 43.7865919, 19.3495505 43.7857438, 19.353665 43.7850815, 19.3615473 43.7838871, 19.369095 43.7827834, 19.372598 43.7822257, 19.3766033 43.7816191, 19.380294 43.7793147, 19.3825685 43.7778777, 19.3882119 43.7754956, 19.3920957 43.7738261, 19.3979859 43.771347, 19.4087952 43.7704638, 19.4116973 43.770673, 19.417051 43.7711805, 19.420157 43.7712734, 19.4243788 43.7715407, 19.4267016 43.7701036, 19.4296091 43.7686005, 19.4377898 43.763975, 19.4404345 43.7625376, 19.4474994 43.7602789, 19.4514637 43.7590236, 19.4551706 43.7553001, 19.4582497 43.7524172, 19.4607174 43.750131, 19.4636463 43.7473448, 19.4660442 43.7476044, 19.4699493 43.7470615, 19.4731896 43.7460698, 19.4746592 43.7456857, 19.4785004 43.7463876, 19.4841277 43.7473486, 19.4873893 43.7475036, 19.4937085 43.7478795, 19.496777 43.7480772, 19.4990998 43.7482206, 19.5021843 43.7483794, 19.5119476 43.748953, 19.5151233 43.7491351, 19.5217591 43.749542, 19.5291137 43.7499799, 19.5351648 43.7503557, 19.538319 43.7505456, 19.5422351 43.7507781, 19.5466661 43.7510416, 19.5530336 43.7513439, 19.55747 43.7516732, 19.5611017 43.7520685, 19.5655703 43.7525606, 19.5685153 43.7528822, 19.5716374 43.7532232, 19.5775329 43.7538626, 19.5828008 43.7544244, 19.5847695 43.7546763, 19.5876824 43.7549436, 19.5922797 43.7554706, 19.5943236 43.7557031, 19.5989477 43.7561796, 19.6093332 43.7573227, 19.6119457 43.7576016, 19.6236669 43.7582409, 19.626966 43.7584075, 19.6334141 43.7587446, 19.6376734 43.7589771, 19.6417718 43.7592096, 19.6455859 43.7594072, 19.6508163 43.7596939, 19.6555316 43.7599147, 19.660145 43.7602247, 19.6646886 43.760461, 19.6694415 43.7607322, 19.6741676 43.7609647, 19.6807819 43.7613095, 19.6954697 43.7626422, 19.7080009 43.7638084, 19.7104203 43.7639866, 19.7161388 43.7645483, 19.7225546 43.7647149, 19.7252851 43.7647653, 19.7285091 43.764866, 19.7340291 43.7650093, 19.7374462 43.7650868, 19.7457611 43.7652767, 19.7525524 43.7654626, 19.7561841 43.765575, 19.7588556 43.7656524, 19.7619402 43.7657183, 19.7669881 43.7658384, 19.7698098 43.7659081, 19.7762149 43.7660398, 19.7786611 43.7661251, 19.7841059 43.7666946, 19.7879576 43.7671168, 19.7928017 43.7676166, 19.7989815 43.7682751, 19.8052632 43.7689414, 19.8104667 43.7694799, 19.8168182 43.7701539, 19.8228961 43.7707776, 19.8282031 43.7713493, 19.8334916 43.7718945, 19.8369629 43.7722838, 19.8456646 43.7730503, 19.8503357 43.7738319, 19.859037 43.7752877, 19.8659415 43.7765016, 19.870549 43.7773251, 19.8734624 43.7778108, 19.8776252 43.7785622, 19.8819323 43.7793314, 19.8893411 43.7807695, 19.8952205 43.7818229, 19.9003925 43.7828298, 19.9018044 43.7831493, 19.9065186 43.7842163, 19.9099197 43.7847663, 19.9142648 43.7855021, 19.918846 43.7862302, 19.9231483 43.7869273, 19.9275037 43.7878102, 19.9305721 43.7870884, 19.9369236 43.7856032, 19.9422304 43.7842898, 19.9469796 43.7830248, 19.9519494 43.781709, 19.9566177 43.7804844, 19.9595704 43.7813422, 19.963242 43.7824813, 19.9686493 43.7840692, 19.972648 43.7852527, 19.9769427 43.7865013, 19.9813496 43.7864745, 19.9879553 43.7863436, 19.9928106 43.7862302, 20.0000633 43.7860675, 20.0052336 43.7859436, 20.0088932 43.7858584, 20.0146224 43.7856725, 20.0202121 43.7854091, 20.0234323 43.7871182, 20.0245465 43.7877095, 20.0277867 43.7894909, 20.0307145 43.7932007, 20.0361122 43.8006551, 20.0382685 43.8035943, 20.0394807 43.8069224, 20.0401729 43.8107136, 20.0408014 43.8140542, 20.0414164 43.8171851, 20.04153555492638 43.817814522771705, 20.04399578939664 43.82349003216872)",Cacak,Cajetina,Cacak-Cajetina
way/317497727-220,way/288282829-220,220.0,491.5560191880474,57248.82,Al/St 240/40 2-bundle 220.0,"LINESTRING (19.50023370346279 43.952980490654625, 19.508081791623724 43.953851669644074, 19.5092245 43.9537918, 19.5137146 43.9535601, 19.5174428 43.9533824, 19.5214839 43.9531911, 19.5245461 43.9530461, 19.5323005 43.9543547, 19.5370098 43.9551791, 19.5409565 43.9558286, 19.543625 43.9562755, 19.5514194 43.95759, 19.5539042 43.9580716, 19.5587888 43.9603691, 19.5635538 43.9626153, 19.5667897 43.9641348, 19.5700091 43.9657262, 19.5762724 43.9686594, 19.5814892 43.9711086, 19.5827947 43.9741262, 19.5835532 43.9758794, 19.5853263 43.9800524, 19.5859095 43.9814248, 19.5865908 43.9830281, 19.5968476 43.9870359, 19.6019333 43.9944936, 19.6035182 43.9967882, 19.605555 43.9997733, 19.6071487 44.0021683, 19.614151 44.0050909, 19.6212267 44.0082047, 19.6262929 44.0103933, 19.6280234 44.0111408, 19.6312581 44.0125258, 19.6363919 44.0147789, 19.6376929 44.0191888, 19.6384659 44.0218369, 19.6397526 44.0260902, 19.6455142 44.0286828, 19.6486638 44.0301741, 19.6586265 44.0347064, 19.6639271 44.0371467, 19.6659533 44.0422169, 19.6678402 44.0473315, 19.6868502 44.0517479, 19.6917238 44.0511111, 19.6948642 44.0507757, 19.698177 44.0515693, 19.7058879 44.060099, 19.713517 44.0665014, 19.7165368 44.0690858, 19.7184722 44.0706398, 19.7207342 44.0725749, 19.7224947 44.0740659, 19.7267854 44.0776426, 19.7289774 44.0779693, 19.7328308 44.0785389, 19.7373838 44.0792383, 19.7446476 44.0802182, 19.7469588 44.0837878, 19.7486117 44.0861056, 19.7515142 44.0905307, 19.7528903 44.0927233, 19.7551205 44.0959494, 19.7597549 44.1028159, 19.760878 44.1046502, 19.7631873 44.1062743, 19.7695695 44.110908, 19.772472 44.1130601, 19.7718551 44.1149054, 19.7706609 44.1180169, 19.7688354 44.1232536, 19.7651737 44.1246465, 19.7645875 44.1280315, 19.7637156 44.1333873, 19.766033 44.1363884, 19.768093 44.1389524, 19.7695682 44.140858, 19.7704238 44.1419686, 19.7722229 44.1442399, 19.7733796 44.1457059, 19.7746518 44.1473182, 19.7753667 44.1482243, 19.7771271 44.1505707, 19.7780229 44.1517646, 19.7792624 44.1533247, 19.7811163 44.1556582, 19.783088 44.1581397, 19.7857661 44.1615072, 19.7880221 44.164368, 19.7896813 44.1665396, 19.7920829 44.1680952, 19.795496 44.1703503, 19.7999424 44.1731689, 19.8040678 44.1758138, 19.8106501 44.1800903, 19.814398 44.1824805, 19.8176655 44.1845732, 19.8215371 44.1870833, 19.8259181 44.1899064, 19.829142 44.1919675, 19.8316672 44.1935799, 19.8345782 44.1964705, 19.8378166 44.1996896, 19.8414553 44.2031851, 19.8430709 44.2048545, 19.8464258 44.2081618, 19.8503701 44.2120637, 19.8560839 44.2145319, 19.8579677 44.2153341, 19.865116 44.2184166, 19.8677263 44.2194908, 19.870143 44.222157, 19.8714814 44.2235774, 19.874001 44.2264321, 19.8770648 44.2297539, 19.878331 44.2311619, 19.8881628 44.233962, 19.8910592 44.2347858, 19.8977398 44.2366889, 19.9047261 44.2387172, 19.9081756 44.2396817, 19.9148708 44.2416055, 19.9157296 44.2431227, 19.917578 44.2461151, 19.9202779 44.2505253, 19.9221555 44.2535955, 19.9236765 44.2561079, 19.9251902 44.2585628, 19.9270896 44.261643, 19.9292291 44.2651244, 19.9304663 44.2671516, 19.9307719 44.2691006, 19.9311285 44.2719875, 19.9316452 44.2753067, 19.9320673 44.2781099, 19.932584 44.2815643, 19.9321692 44.2837212, 19.9335228 44.2875815, 19.934771544334737 44.290003087094384, 19.937364757526826 44.29541936428264)",Uzice,Valjevo,Uzice-Valjevo
way/317497727-220,way/236110936-220,220.0,491.5560191880474,143661.34,Al/St 240/40 2-bundle 220.0,"LINESTRING (19.50023370346279 43.952980490654625, 19.49991069925895 43.95844252923749, 19.4991858 43.9604914, 19.4966627 43.9667355, 19.495333 43.9700259, 19.4943606 43.9724321, 19.4926515 43.9766611, 19.491276 43.9800642, 19.4898332 43.9836338, 19.4885651 43.9867709, 19.489771 43.9893559, 19.4912634 43.992555, 19.4929713 43.9962157, 19.4944454 43.999375, 19.4965688 44.0039258, 19.498797 44.0087009, 19.5000775 44.0114447, 19.5010642 44.013559, 19.5023661 44.0163486, 19.5032594 44.0182625, 19.504197 44.0202714, 19.5052323 44.0224894, 19.5090411 44.0280112, 19.5116129 44.0317395, 19.515119 44.0368217, 19.5155927 44.0450573, 19.5157227 44.0473182, 19.5158988 44.0503798, 19.51603 44.0526596, 19.5161932 44.0554964, 19.5163016 44.0573816, 19.5164118 44.0592966, 19.514626 44.0607844, 19.5127354 44.0623594, 19.5105839 44.0641518, 19.5033172 44.0702052, 19.4984118 44.0770377, 19.4957172 44.0807906, 19.4943402 44.0827084, 19.4925487 44.0852032, 19.4907043 44.0877717, 19.4877423 44.0918962, 19.484236 44.0967783, 19.4816758 44.0975656, 19.4783352 44.0985928, 19.471525 44.1014859, 19.4650131 44.1035802, 19.4606452 44.1049849, 19.4584332 44.1056962, 19.4576564 44.1065441, 19.4521111 44.1125968, 19.4462726 44.1189688, 19.4438693 44.1215915, 19.4431392 44.1223883, 19.4401973 44.1238047, 19.4347584 44.1264233, 19.4271004 44.13011, 19.4249449 44.1311477, 19.4198872 44.1315288, 19.417876 44.1316511, 19.4163482 44.1333727, 19.4140174 44.1359989, 19.4072397 44.1410399, 19.4034823 44.1438343, 19.3961251 44.1480386, 19.3880006 44.152681, 19.3838565 44.1550489, 19.3813142 44.1565014, 19.3758019 44.1596508, 19.3688513 44.1636217, 19.3655258 44.1643782, 19.3595675 44.1657335, 19.3565652 44.1664165, 19.3537616 44.1670542, 19.3488798 44.1674589, 19.3459988 44.1676977, 19.3381896 44.168345, 19.3357669 44.1685459, 19.3319105 44.1683792, 19.3287563 44.1682428, 19.3253365 44.168095, 19.3217191 44.1679386, 19.3181709 44.1677852, 19.3127809 44.1719597, 19.3074132 44.1761166, 19.3092351 44.1809958, 19.3114097 44.186819, 19.3126765 44.1902112, 19.3143787 44.1947686, 19.3156681 44.2024667, 19.3169133 44.2098995, 19.3177527 44.2149093, 19.3181995 44.2175757, 19.3196134 44.2260136, 19.316431 44.2298006, 19.3148393 44.2316947, 19.3098151 44.2376729, 19.3077757 44.2400993, 19.3056159 44.2426689, 19.3002156 44.2490933, 19.2966499 44.2533348, 19.292107 44.2587383, 19.2877055 44.2639731, 19.2765995 44.2664223, 19.2710461 44.2676469, 19.2645753 44.2714055, 19.2646079 44.2742641, 19.2670852 44.2794052, 19.2676101 44.2804945, 19.2688272 44.2852746, 19.2692072 44.2867666, 19.2756741 44.290643, 19.278158 44.2921319, 19.2812687 44.2939965, 19.2852391 44.2963762, 19.2896053 44.3015014, 19.2917909 44.3060438, 19.294155 44.3109306, 19.2952044 44.3139449, 19.2974856 44.3204963, 19.2980749 44.3221886, 19.3008478 44.3236523, 19.3028745 44.3247221, 19.3077892 44.3273162, 19.3095472 44.3282441, 19.3142652 44.3307342, 19.31817 44.3327951, 19.3223757 44.3350146, 19.3253183 44.3365676, 19.3307892 44.3394547, 19.3326039 44.3404123, 19.3328422 44.3463804, 19.3330129 44.3506542, 19.333178 44.3547865, 19.3329521 44.3568004, 19.3334965 44.3640328, 19.3345788 44.366879, 19.3335408 44.3752924, 19.3331469 44.3784854, 19.3328727 44.3807071, 19.3322504 44.3857504, 19.3293812 44.3899969, 19.3245456 44.3971533, 19.322743 44.3998208, 19.3197876 44.4041939, 19.3199551 44.4112591, 19.3200212 44.4140494, 19.320133 44.4187625, 19.3202317 44.4229277, 19.3203223 44.426747, 19.3230167 44.4307047, 19.3207721 44.4359583, 19.3201665 44.4373756, 19.3186366 44.440956, 19.3175982 44.4433862, 19.3165134 44.4459245, 19.3137833 44.4523127, 19.3121054 44.4562385, 19.3091576 44.463135, 19.3080671 44.4656859, 19.3069571 44.4704522, 19.3061515 44.4739113, 19.3054974 44.4767196, 19.3045309 44.480869, 19.3030584 44.4832268, 19.302224 44.4845628, 19.2999017 44.4882811, 19.2973386 44.4923845, 19.2940838 44.497595, 19.2906873 44.5030319, 19.2905794 44.5054558, 19.2904834 44.5076105, 19.2902879 44.5120027, 19.2901818 44.5143853, 19.2899388 44.5198419, 19.2897543 44.523986, 19.2895902 44.5276695, 19.2895076 44.5295252, 19.291626 44.5315753, 19.294943 44.5347852, 19.2970632 44.5368368, 19.2985345 44.5382604, 19.3013606 44.540995, 19.303166 44.5422789, 19.3034739 44.5465394, 19.3037043 44.5497262, 19.3039534 44.5531722, 19.3044095 44.5594819, 19.3048204 44.5651648, 19.3051975 44.5703803, 19.3054309 44.5736081, 19.3058041 44.5787681, 19.3059301 44.5805105, 19.3077087 44.5830409, 19.3099536 44.5862346, 19.312246 44.5894957, 19.3144779 44.5926705, 19.3164708 44.5955052, 19.3194596 44.5982877, 19.3223658 44.6009932, 19.3252201 44.6036503, 19.3282766 44.6064954, 19.3305193 44.6085828, 19.3306555 44.6115216, 19.3308922 44.6166279, 19.3310705 44.6204742, 19.3311842 44.6229252, 19.3312927 44.6252672, 19.3318962 44.6382808, 19.3365079 44.640172, 19.33941 44.6413622, 19.3432652 44.6429431, 19.3459418 44.6440407, 19.3501127 44.6457511, 19.3541783 44.6474182, 19.3593858 44.6495534, 19.3634467 44.6512185, 19.3667413 44.6550502, 19.3691819 44.6578885, 19.3688594 44.6601601, 19.3684337 44.6631593, 19.3679311 44.6666992, 19.3668408 44.6743788, 19.3663464 44.6778603, 19.3636077 44.6807233, 19.3610069 44.6834421, 19.3588925 44.6856522, 19.35674 44.6879021, 19.3587432 44.6911618, 19.3606947 44.6943372, 19.3626843 44.6975744, 19.3645133 44.7005501, 19.3662842 44.7034311, 19.3680388 44.7062856, 19.3698235 44.7091887, 19.3715595 44.7120125, 19.3734264 44.7150491, 19.3753358 44.7181548, 19.3772341 44.7212421, 19.3787532 44.7241812, 19.3803164 44.7272055, 19.3817905 44.7300573, 19.3834007 44.7331723, 19.3849909 44.7362483, 19.3864477 44.7390661, 19.3879061 44.7418871, 19.3894299 44.7448342, 19.3910437 44.7479553, 19.3925561 44.751245, 19.3939127 44.7541956, 19.3953848 44.7573972, 19.3969075 44.7607085, 19.3983319 44.7638062, 19.399721 44.7668268, 19.4011211 44.7698712, 19.4025108 44.7728928, 19.4039361 44.7759917, 19.4053234 44.7790077, 19.4050638 44.782133, 19.4047864 44.7854719, 19.4044768 44.7891972, 19.4042214 44.7922719, 19.404 44.7949358, 19.4037596 44.7978283, 19.4035003 44.8009488, 19.4032442 44.80403, 19.4029618 44.8074284, 19.4026692 44.8109485, 19.4063433 44.8131701, 19.4099316 44.8153398, 19.4133096 44.8173822, 19.4167129 44.8194399, 19.4199506 44.8213973, 19.4234535 44.823515, 19.4273571 44.8258749, 19.4308135 44.8279644, 19.4342591 44.8300472, 19.4373976 44.8324529, 19.4407012 44.834985, 19.444192 44.8376605, 19.4474384 44.8401485, 19.4505137 44.8425053, 19.4535636 44.8448426, 19.456734 44.8472721, 19.4599731 44.8497541, 19.4629711 44.8520513, 19.4653669 44.853887, 19.467024 44.8561106, 19.4691939 44.8590224, 19.4739197 44.8653632, 19.4762721 44.8685192, 19.4786149 44.8716622, 19.480927 44.8747639, 19.4831613 44.877761, 19.4854996 44.8808974, 19.4878126 44.8839997, 19.4899274 44.8868362, 19.4918153 44.8893681, 19.493899 44.8921625, 19.4961002 44.8951144, 19.4984351 44.8982452, 19.5008018 44.9014187, 19.5031568 44.9045762, 19.5055018 44.9077202, 19.5079024 44.9109385, 19.5122499 44.9167665, 19.5155418 44.9193523, 19.5185018 44.9216946, 19.5210505 44.9237115, 19.5237489 44.9258466, 19.5264725 44.9280017, 19.5294069 44.9303234, 19.5323411 44.9326449, 19.5353508 44.935026, 19.5385098 44.9375252, 19.5409209 44.9401019, 19.543575 44.942938, 19.546339 44.9458916, 19.5490042 44.9487394, 19.5516958 44.9516153, 19.5543564 44.9544578, 19.5570818 44.9573695, 19.5592718 44.9597091, 19.5610315 44.96226, 19.5627695 44.9647794, 19.5645236 44.9673221, 19.56628 44.9698679, 19.5675814 44.9717541, 19.5704941 44.9759756, 19.5718699 44.9779695, 19.5745478 44.9806447, 19.5773762 44.9834703, 19.5789217 44.9850141, 19.5806407 44.9867313, 19.583339 44.9894265, 19.5859502 44.9920347, 19.5882673 44.9943491, 19.5908792 44.9969577, 19.5936687 44.9997436, 19.5931608 45.0028479, 19.5926803 45.0057843, 19.5922018 45.0087076, 19.591878 45.0106862, 19.5913562 45.0138743, 19.5908404 45.0170259, 19.5921381 45.0179525, 19.5965204 45.0174281, 19.6011169 45.0168781, 19.603806914154333 45.016556154190134, 19.61228432057364 45.01613117595065)",Uzice,Sid,Uzice-Sid
way/317496363-220,RS18-220,220.0,491.5560191880474,92385.9,Al/St 240/40 2-bundle 220.0,"LINESTRING (19.327356417618144 43.336669451729044, 19.332101690338884 43.333466310830616, 19.3325329 43.3299563, 19.3349931 43.3280564, 19.336703 43.3266729, 19.33803 43.325587, 19.34098 43.3231934, 19.3431728 43.3213842, 19.3481153 43.3173659, 19.350668 43.317095, 19.353951 43.316724, 19.357036 43.31633, 19.3599504 43.3163362, 19.3628311 43.3172612, 19.3683136 43.3191502, 19.3686301 43.320727, 19.3693113 43.3236579, 19.3699336 43.3265145, 19.3705237 43.3292383, 19.3708992 43.331045, 19.37425 43.333021, 19.3778247 43.335263, 19.3799758 43.3367612, 19.3859196 43.3407292, 19.388348 43.341722, 19.390676 43.34244, 19.392881 43.343111, 19.3954214 43.3438281, 19.3997825 43.345182, 19.4029066 43.3474042, 19.4021416 43.3499164, 19.4011545 43.3531345, 19.4008273 43.3542345, 19.4045395 43.3575616, 19.4090188 43.360284, 19.4136322 43.3619689, 19.419236 43.364073, 19.422616 43.365309, 19.4243 43.365941, 19.426805 43.366877, 19.429402 43.367388, 19.4370869 43.3689244, 19.440029 43.369501, 19.444149 43.370324, 19.447743 43.371092, 19.4515118 43.371775, 19.4545695 43.3712876, 19.4580135 43.3706363, 19.4624069 43.3698174, 19.4653359 43.3692793, 19.4695792 43.3684565, 19.4732538 43.3694626, 19.4754103 43.3700436, 19.4791332 43.3710614, 19.4816867 43.3717672, 19.487271 43.373327, 19.4934669 43.3750115, 19.5005372 43.3770741, 19.50367 43.3778306, 19.5066902 43.3786377, 19.5127949 43.3803298, 19.515461 43.3810472, 19.5196292 43.3822013, 19.5222095 43.3829225, 19.5278636 43.3844469, 19.5301703 43.3850317, 19.5318386 43.3858543, 19.5361945 43.3880336, 19.5383134 43.3890745, 19.542841 43.3912731, 19.5458505 43.3927466, 19.5477387 43.3936665, 19.5579687 43.3986714, 19.5601037 43.3997121, 19.5642933 43.4017857, 19.5667663 43.4029861, 19.5707682 43.4034226, 19.5748559 43.4038357, 19.5820925 43.4045762, 19.584029 43.4044164, 19.5890126 43.4039682, 19.5916411 43.4037032, 19.5955033 43.4033994, 19.6009055 43.4056285, 19.6055403 43.4074758, 19.6092471 43.4090658, 19.6132168 43.4099699, 19.6180106 43.4114414, 19.6220715 43.415233, 19.6259071 43.4229362, 19.63331 43.4278101, 19.6372474 43.4315345, 19.6412922 43.4357377, 19.6421601 43.4386138, 19.6445645 43.4465814, 19.6501113 43.4496814, 19.6563877 43.4532486, 19.6626426 43.4566521, 19.6639676 43.4574153, 19.6697665 43.4622943, 19.670303 43.4636337, 19.6750559 43.4691389, 19.6790523 43.4734096, 19.6821262 43.4744451, 19.6842719 43.4751263, 19.6854843 43.4755078, 19.6930159 43.4834252, 19.6949578 43.4855387, 19.6959824 43.4874342, 19.6978975 43.4908629, 19.6985305 43.4922484, 19.6998985 43.4947001, 19.7005383 43.4966274, 19.7006802 43.4992815, 19.7021301 43.5000819, 19.705161 43.5018251, 19.7069473 43.5027823, 19.709646 43.5043352, 19.7127677 43.5067005, 19.7170807 43.5099492, 19.7237487 43.5111202, 19.7269995 43.5116688, 19.7298695 43.5121395, 19.7317202 43.5130266, 19.7345151 43.5151429, 19.7375271 43.5173557, 19.7382249 43.5195924, 19.7400404 43.5240898, 19.7425724 43.5277109, 19.74445 43.5303907, 19.7466762 43.5334631, 19.7505439 43.536652, 19.7514717 43.5383359, 19.7529257 43.5410891, 19.7550876 43.5452419, 19.7579452 43.5506355, 19.7591109 43.5529091, 19.7603179 43.5549852, 19.7619165 43.5579203, 19.7646602 43.5628098, 19.7689178 43.5700724, 19.7704345 43.5726109, 19.7685669 43.5763722, 19.7675268 43.5784414, 19.7668664 43.5797675, 19.7684267 43.5833452, 19.76896 43.5845125, 19.7698827 43.5866069, 19.771306 43.5897945, 19.7731379 43.5939148, 19.7738307 43.5954732, 19.7761585 43.5986914, 19.7769899 43.5998408, 19.7774983 43.6014835, 19.778939 43.6061046, 19.7792623 43.6071889, 19.7819722 43.6086412, 19.7837903 43.6096029, 19.7855243 43.6105233, 19.7877631 43.6117418, 19.7918512 43.6138568, 19.7931256 43.6145399, 19.7961726 43.616173, 19.7977401 43.6218159, 19.8014676 43.6265584, 19.8033033 43.6289512, 19.805658 43.632005, 19.8077501 43.6331193, 19.8131682 43.6360778, 19.8150564 43.6370523, 19.8158879 43.6382985, 19.8189027 43.6427668, 19.8202707 43.6448708, 19.8216493 43.6469398, 19.8226471 43.648477, 19.8240365 43.6504255, 19.8271317 43.655122, 19.8303865 43.6568195, 19.8320065 43.6576734, 19.8386584 43.6622059, 19.8407259 43.664653, 19.8437836 43.6681221, 19.8454734 43.6700995, 19.847084 43.6720862, 19.8455034 43.6755134, 19.8446343 43.6773524, 19.8427461 43.681364, 19.8414962 43.6840485, 19.8409383 43.6852395, 19.8417644 43.686411, 19.8437224 43.6891225, 19.8448704 43.6907516, 19.8464743 43.6929897, 19.8495106 43.6972445, 19.8513452 43.6997577, 19.8526112 43.7015107, 19.855964 43.7062303, 19.8572836 43.7086462, 19.8595635 43.7128805, 19.8603843 43.7143462, 19.8612265 43.7159359, 19.8628787 43.719026, 19.8651747 43.7233255, 19.8701368 43.7262602, 19.8722981 43.7276129, 19.8771159 43.7303963, 19.8843257 43.7359082, 19.887952 43.7385593, 19.8914711 43.7411793, 19.8952959 43.7440705, 19.899346 43.7470506, 19.9080686 43.7538513, 19.9104879 43.7569472, 19.913551 43.7616895, 19.9154715 43.7647618, 19.9168823 43.7669739, 19.9213026 43.7740047, 19.9357114 43.7775876, 19.9410383 43.7778161, 19.9429427 43.7791291, 19.9453427 43.7789746, 19.9511149 43.7784401, 19.9548163 43.7793464, 19.9567099 43.7798111, 19.9595155 43.7804231, 19.9652387 43.7804423, 19.9690473 43.7804345, 19.9768692 43.7802579, 19.9841494 43.7809568, 19.9878015 43.7812803, 19.9937102 43.7818722, 20.0006359 43.7825499, 20.0058476 43.7830718, 20.0131417 43.7837154, 20.0172474 43.7839863, 20.0201227 43.7843581, 20.0284304 43.7882439, 20.0314953 43.7925019, 20.0362406 43.7989797, 20.0399796 43.804313, 20.0423507 43.8057881, 20.0446789 43.8098433, 20.0461775 43.8125721, 20.0475141 43.8149465, 20.0486885 43.8169727, 20.047717391796898 43.8184383087049, 20.04399578939664 43.82349003216872)",Cacak,Prijepolje,Cacak-Prijepolje
way/317497727-220,RS18-220,220.0,491.5560191880474,97425.45,Al/St 240/40 2-bundle 220.0,"LINESTRING (19.327356417618144 43.336669451729044, 19.332949918456485 43.33432587665229, 19.3349354 43.3303111, 19.3360291 43.3281155, 19.337171 43.326864, 19.3392322 43.3253374, 19.3416716 43.3234903, 19.3446303 43.3212605, 19.3485356 43.3183428, 19.352253 43.318375, 19.355008 43.318369, 19.358211 43.318414, 19.3624503 43.3183814, 19.3642956 43.3183814, 19.3676484 43.3199347, 19.3678093 43.3210626, 19.3683297 43.3237398, 19.3689305 43.3269359, 19.3694991 43.330206, 19.3698746 43.3319268, 19.3725032 43.3338934, 19.3759847 43.3362735, 19.3781841 43.3377601, 19.3846053 43.3404444, 19.3868852 43.3424029, 19.3896478 43.3431461, 19.392988 43.343989, 19.395531 43.344636, 19.3993843 43.345602, 19.4022084 43.3475551, 19.4014496 43.3501856, 19.400543 43.3533608, 19.4001353 43.3545778, 19.4033969 43.357429, 19.4081015 43.3613371, 19.4110251 43.3635562, 19.4136697 43.3655998, 19.418644 43.3664637, 19.423295 43.3673762, 19.425743 43.367766, 19.4303063 43.3686436, 19.4356331 43.3695796, 19.439852 43.370324, 19.444417 43.371159, 19.4477245 43.3717555, 19.4516513 43.3724379, 19.4549343 43.3718764, 19.4599715 43.370921, 19.4648907 43.3700475, 19.4696274 43.3691857, 19.4735596 43.3702113, 19.476923 43.3711316, 19.4798467 43.3719427, 19.4834408 43.3729136, 19.4866541 43.3738066, 19.4898459 43.3746449, 19.4929412 43.3755145, 19.4961438 43.3764074, 19.4996038 43.3773627, 19.5033857 43.3783647, 19.5064671 43.3792063, 19.5123228 43.3808055, 19.5147315 43.3814527, 19.5173171 43.3821896, 19.5209274 43.3831643, 19.5229917 43.3837326, 19.5297787 43.3856009, 19.5313987 43.3863066, 19.5358941 43.3886768, 19.5381793 43.3897567, 19.5426801 43.3920215, 19.5461348 43.3937172, 19.5480445 43.3946917, 19.5508018 43.3960326, 19.5570675 43.3991314, 19.5638749 43.402495, 19.5657203 43.4034226, 19.5705429 43.4039059, 19.5749792 43.4043931, 19.5820925 43.4051335, 19.5888194 43.4044593, 19.5953533 43.4038942, 19.5974562 43.4047555, 19.6015438 43.4065171, 19.6044514 43.4076901, 19.6120527 43.4109091, 19.6163979 43.4155385, 19.6165857 43.4225715, 19.6166447 43.4266624, 19.6170738 43.4387542, 19.6161351 43.4414691, 19.6156684 43.4433191, 19.6150783 43.4450329, 19.6112373 43.4586707, 19.6091238 43.4660803, 19.608185 43.4694363, 19.6041241 43.4764787, 19.60237 43.4795111, 19.6008733 43.4821929, 19.5990548 43.4852639, 19.5959058 43.4907672, 19.5921078 43.4949274, 19.5874247 43.5000601, 19.5836964 43.5041419, 19.5813412 43.5065833, 19.5789221 43.5090909, 19.5721101 43.520243, 19.5695995 43.523452, 19.5673089 43.5298814, 19.5676201 43.5312388, 19.5691757 43.5331172, 19.5685105 43.5367767, 19.5675514 43.5416518, 19.5663755 43.5480805, 19.5622878 43.5535975, 19.5604103 43.5551176, 19.5551016 43.5604814, 19.5521755 43.5634376, 19.5493397 43.5663025, 19.546797 43.5683548, 19.5426771 43.5729799, 19.5373127 43.5783819, 19.5281984 43.5875717, 19.5198878 43.595862, 19.5140567 43.6017281, 19.510897 43.603581, 19.5016059 43.6091318, 19.5001736 43.6108913, 19.4943961 43.6134003, 19.4855877 43.6186667, 19.4792631 43.6223792, 19.47701 43.6236801, 19.4749126 43.6261459, 19.4705512 43.6309006, 19.4663805 43.6354762, 19.4624036 43.6397983, 19.4574031 43.6451506, 19.4567754 43.6473399, 19.4549944 43.6536396, 19.4542488 43.656108, 19.4530364 43.6604741, 19.4522264 43.6631402, 19.4510677 43.66737, 19.4519421 43.6706178, 19.4523605 43.6722824, 19.4569256 43.6881731, 19.4620156 43.7074049, 19.4637805 43.7123916, 19.4651162 43.7172538, 19.4692843 43.7315433, 19.4695705 43.7332362, 19.4711959 43.7406585, 19.4725907 43.7466733, 19.4732505 43.7500951, 19.474436 43.755268, 19.4758415 43.7614518, 19.4795912 43.7644272, 19.486919 43.7700095, 19.4904649 43.772876, 19.4946492 43.7762227, 19.5008397 43.7811611, 19.5050916 43.7845351, 19.5043137 43.7899025, 19.5022884 43.7966781, 19.5018482 43.7989008, 19.5002174 43.8086301, 19.5034844 43.8141116, 19.5099184 43.8236914, 19.5121726 43.8270474, 19.5201153 43.8311007, 19.5224025 43.8322679, 19.5281264 43.8351934, 19.5319888 43.8371242, 19.5324033 43.8373343, 19.5428678 43.8426379, 19.543077 43.8459536, 19.5437382 43.8531455, 19.5440909 43.8594389, 19.5443216 43.8621038, 19.5445844 43.8661339, 19.5446434 43.8680213, 19.5449827 43.8720271, 19.5459805 43.8841417, 19.5460349 43.8864189, 19.5465928 43.8890324, 19.5468932 43.890428, 19.548078 43.8973555, 19.5486144 43.9004014, 19.5476488 43.9044676, 19.5469997 43.9069953, 19.5458839 43.9116986, 19.5451597 43.9142299, 19.5430676 43.9169542, 19.5391247 43.921541, 19.5296619 43.9274872, 19.5251773 43.930126, 19.5153014 43.9360289, 19.5113961 43.9382849, 19.5102534 43.9422442, 19.5055059 43.9459521, 19.5033333 43.9475782, 19.50321051082928 43.94770300711525, 19.50023370346279 43.952980490654625)",Uzice,Prijepolje,Uzice-Prijepolje
RS13-220,way/317497727-220,220.0,491.5560191880474,8168.11,Al/St 240/40 2-bundle 220.0,"LINESTRING (19.411393796909984 43.9633547458534, 19.416067167909002 43.96641873409194, 19.4184688 43.9667664, 19.423565 43.9675849, 19.4255016 43.9679054, 19.4287685 43.9684034, 19.4405058 43.9702759, 19.4432095 43.9707122, 19.4462297 43.9712064, 19.4482789 43.9707006, 19.454287 43.9691293, 19.4621727 43.9670869, 19.4666788 43.9673494, 19.4770804 43.9675965, 19.4790545 43.9676814, 19.4808731 43.9667548, 19.4858781 43.9643532, 19.4890216 43.9628319, 19.4936431 43.9606464, 19.4978568 43.9585535, 19.497893320217226 43.95840928460389, 19.50023370346279 43.952980490654625)",BajinaBasta,Uzice,Uzice-BajinaBasta
way/317497727-220,RS13-220,220.0,491.5560191880474,8257.48,Al/St 240/40 2-bundle 220.0,"LINESTRING (19.411393796909984 43.9633547458534, 19.415782503914524 43.96680356039809, 19.4200567 43.9674614, 19.4251314 43.9682837, 19.4288489 43.9689169, 19.43939 43.9706543, 19.443526 43.9713878, 19.447147 43.9719322, 19.44859 43.9721329, 19.4507358 43.9718666, 19.4541368 43.971465, 19.464184 43.970081, 19.4688886 43.9695789, 19.4730315 43.9690206, 19.4779977 43.9683494, 19.4796554 43.9680907, 19.4862858 43.9649324, 19.4904486 43.9629477, 19.4949815 43.9607082, 19.498581 43.9589397, 19.498681288421732 43.958451095360495, 19.50023370346279 43.952980490654625)",Uzice,BajinaBasta,Uzice-BajinaBasta2
way/307090968-220,way/239998425-220,220.0,983.1120383760948,9260.05,Al/St 240/40 2-bundle 220.0,"LINESTRING (20.50305894696092 44.7786275315269, 20.507987074027767 44.774595937976414, 20.508675 44.7742868, 20.5098659 44.7741909, 20.5119341 44.7740298, 20.5150576 44.7715646, 20.5160503 44.7708074, 20.5176595 44.7695798, 20.5192241 44.7684533, 20.5224905 44.7661044, 20.5252308 44.7645674, 20.5257951 44.7642509, 20.5267596 44.7637099, 20.5297643 44.7641873, 20.5336353 44.7643796, 20.5355893 44.7617717, 20.5366689 44.7602304, 20.5388117 44.7575731, 20.5408536 44.7547548, 20.5413958 44.7523663, 20.5427754 44.7503695, 20.5446945 44.7477159, 20.5458919 44.7460725, 20.5497364 44.7436473, 20.5533688 44.7413908, 20.5592264 44.7414862, 20.5630373 44.7416006, 20.5671118 44.7416937, 20.5714914 44.7417906, 20.5752838 44.7418563, 20.5793766 44.7419162, 20.5831845 44.7419646, 20.583640953870393 44.741514036701496, 20.587381835624797 44.73594730458313)",NoviBanovci,Surcin,Surcin-NoviBanovci
way/419803318-220,RS14-220,220.0,491.5560191880474,39767.61,Al/St 240/40 2-bundle 220.0,"LINESTRING (20.406046500125722 43.846890490300005, 20.405662955739906 43.84239851150946, 20.4055414 43.8419829, 20.4046305 43.8389858, 20.4040241 43.8369604, 20.4021293 43.8354482, 20.4029458 43.8311095, 20.405274 43.8302814, 20.4113519 43.8278201, 20.4134279 43.8270113, 20.4160564 43.8250917, 20.422365 43.8207066, 20.4343116 43.809454, 20.4377931 43.8052497, 20.4431414 43.7988847, 20.447272 43.795942, 20.4563754 43.789847, 20.4616916 43.7863307, 20.4647546 43.7843207, 20.4694378 43.780196, 20.4709613 43.7788481, 20.4770016 43.7740142, 20.4961536 43.7645237, 20.4981921 43.7635126, 20.4998766 43.7613585, 20.5035253 43.756645, 20.5056866 43.7538647, 20.5102137 43.7486274, 20.5123691 43.7461502, 20.515514 43.7424715, 20.5179565 43.7390956, 20.5195962 43.7365065, 20.5218961 43.732904, 20.5232904 43.7307014, 20.5269688 43.7248608, 20.5280155 43.7232543, 20.5301184 43.7199059, 20.5333921 43.7147568, 20.5358678 43.7108694, 20.5371113 43.706243, 20.5388302 43.6997418, 20.5401919 43.6980783, 20.5441234 43.6933649, 20.5460127 43.691071, 20.5492932 43.6871304, 20.5506423 43.6856583, 20.553696 43.6823945, 20.5631342 43.6736697, 20.5732145 43.6708533, 20.5790906 43.6692154, 20.5824022 43.6683187, 20.5896752 43.671389, 20.5924218 43.6725686, 20.5970219 43.6743242, 20.6024319 43.6751574, 20.6079841 43.6757665, 20.61477 43.6767442, 20.6172886 43.6770954, 20.6211403 43.6766337, 20.6325343 43.6754173, 20.6392854 43.6746317, 20.6411067 43.6744765, 20.6491962 43.673489, 20.6563417 43.672711, 20.660601 43.6722357, 20.6685055 43.6714267, 20.6727112 43.6709844, 20.6829921 43.6699852, 20.6889734 43.6695351, 20.6973017 43.6685476, 20.7020564 43.6680809, 20.7079596 43.6675015, 20.7194969 43.667073, 20.7288701 43.6669621, 20.7302943 43.6673599, 20.7354603 43.6689198, 20.7383947 43.6698077, 20.739564 43.6701615, 20.7402078 43.6738127, 20.740309024436964 43.674404130313825, 20.739407328067802 43.6799222592969)",Aleksandrovac,GornjiMilanovac,Aleksandrovac-GornjiMilanovac
way/317496363-220,way/419803318-220,220.0,491.5560191880474,65518.15,Al/St 240/40 2-bundle 220.0,"LINESTRING (20.04399578939664 43.82349003216872, 20.048754434132405 43.81902788333939, 20.0497951 43.8174101, 20.0520864 43.8138483, 20.0539854 43.8108959, 20.0561468 43.8075356, 20.0573598 43.8056496, 20.0595465 43.8022497, 20.0609373 43.7980239, 20.0616315 43.7959148, 20.0624915 43.7933016, 20.0643583 43.7902966, 20.0666167 43.7868346, 20.070742 43.7803552, 20.0748458 43.7741115, 20.0767716 43.7738481, 20.0857409 43.7723064, 20.0920816 43.7711559, 20.0971294 43.7703393, 20.1066457 43.7705436, 20.1092622 43.7706051, 20.1211141 43.7707802, 20.1359787 43.7699279, 20.1428129 43.7688239, 20.1447763 43.7684908, 20.1483329 43.768421, 20.1544966 43.7671465, 20.1585521 43.7660734, 20.1622375 43.765194, 20.1684709 43.7637954, 20.1744254 43.7622496, 20.1787599 43.7619319, 20.1826223 43.7616724, 20.1882817 43.7612656, 20.1967736 43.760665, 20.2023848 43.7602776, 20.2055122 43.7600451, 20.2078029 43.7598553, 20.2101471 43.7586852, 20.2134516 43.7568719, 20.2164396 43.7553259, 20.2207472 43.7529894, 20.2242341 43.7511023, 20.2265837 43.7508931, 20.2317818 43.7503661, 20.2374681 43.7498623, 20.2409067 43.7495019, 20.2468075 43.7489904, 20.248551 43.7482929, 20.251319 43.7471962, 20.258856 43.7439642, 20.2657386 43.7410846, 20.2700194 43.7399103, 20.2748688 43.735112, 20.2785756 43.7313637, 20.2805014 43.7294566, 20.2831676 43.7268555, 20.2861824 43.7237503, 20.2911659 43.7225485, 20.2996363 43.7205751, 20.3062453 43.7190321, 20.3099736 43.7182295, 20.3142275 43.7171865, 20.3207936 43.7157791, 20.3250368 43.7148447, 20.3282394 43.7141468, 20.3304925 43.7130068, 20.3364791 43.709928, 20.3404488 43.7078845, 20.3429379 43.7066164, 20.3482862 43.7033318, 20.3497668 43.7024437, 20.3533985 43.7021489, 20.3567513 43.7019589, 20.3644117 43.7014043, 20.3692128 43.7010824, 20.3729518 43.7009971, 20.3747382 43.7016913, 20.3796037 43.703611, 20.3811594 43.7042392, 20.3845121 43.7055461, 20.387425 43.7068181, 20.3932883 43.7090827, 20.3992321 43.7117427, 20.4017993 43.7124329, 20.4061951 43.7140963, 20.4157489 43.7149276, 20.4235117 43.7138171, 20.4302086 43.7125973, 20.4371502 43.7114709, 20.4465892 43.7112036, 20.4521598 43.710771, 20.4598578 43.7103076, 20.4628297 43.7102184, 20.4675611 43.710137, 20.4702111 43.709978, 20.4747011 43.709947, 20.4820987 43.7069611, 20.4884131 43.7041712, 20.4925276 43.7026316, 20.4959394 43.7013208, 20.5022692 43.6989649, 20.5088537 43.6968274, 20.5168253 43.6943626, 20.520457 43.6931039, 20.5244749 43.6916513, 20.5296167 43.6890544, 20.5346673 43.6865214, 20.5377948 43.6847291, 20.5429661 43.6823666, 20.5470189 43.6803415, 20.5531048 43.6773057, 20.5549851 43.6763163, 20.5601844 43.6733474, 20.5680701 43.6710348, 20.5756769 43.6685282, 20.5814114 43.6667355, 20.5913662 43.6706432, 20.5933442 43.6714509, 20.5975154 43.6732378, 20.6010857 43.6738124, 20.6033814 43.6741699, 20.6088585 43.6750229, 20.6125733 43.6755822, 20.617573 43.6763466, 20.6218591 43.6759353, 20.6313702 43.6748237, 20.6386202 43.6740594, 20.6495288 43.6728643, 20.6595898 43.6717837, 20.6628138 43.6714849, 20.6719467 43.6704256, 20.6767506 43.6699192, 20.6831798 43.669248, 20.6886462 43.668662, 20.6955904 43.6678627, 20.7071802 43.666588, 20.7145 43.6662426, 20.7193697 43.6661492, 20.7268182 43.6659552, 20.7384965 43.6656719, 20.7396043 43.6659455, 20.7404814 43.6678255, 20.7416776 43.6705805, 20.741648205645106 43.674561700638385, 20.739407328067802 43.6799222592969)",Cacak,Aleksandrovac,Cacak-Aleksandrovac
RS27-400,way/317499556-400,400.0,1787.4764334110816,143315.77,Al/St 240/40 4-bundle 380.0,"LINESTRING (19.81987100000001 42.10081448826111, 19.825689649414866 42.099610163593766, 19.8271304 42.0994928, 19.8313411 42.1004581, 19.8363828 42.1006476, 19.8403819 42.1001278, 19.8475597 42.0992033, 19.8511623 42.0997467, 19.8527281 42.1000029, 19.8555216 42.0977956, 19.8588905 42.0973376, 19.8606796 42.0970969, 19.8644391 42.0962455, 19.8685491 42.0950579, 19.8734415 42.0968213, 19.8775023 42.0983219, 19.8800021 42.1001409, 19.882172 42.1016425, 19.886257 42.1059538, 19.8898324 42.1097008, 19.8928285 42.1129023, 19.8969725 42.1172338, 19.8983753 42.11873, 19.901256 42.1197208, 19.9016449 42.1214636, 19.9023718 42.1250525, 19.903391 42.1305826, 19.9045283 42.1331923, 19.9065238 42.1379739, 19.9075055 42.1403805, 19.9086267 42.1431688, 19.9098766 42.146136, 19.9099034 42.1489679, 19.9099249 42.1515371, 19.9100482 42.1533347, 19.910059 42.157383, 19.9100751 42.1600553, 19.9118641 42.1692523, 19.9123979 42.1766749, 19.9138409 42.1798273, 19.9146134 42.1816122, 19.9150801 42.1827729, 19.91611 42.1853805, 19.9168879 42.1871056, 19.9189639 42.1921733, 19.9202943 42.1955634, 19.9223489 42.1977214, 19.925648 42.2013735, 19.9275148 42.20342, 19.9294567 42.2055301, 19.9329328 42.2067738, 19.9393487 42.2090904, 19.9446487 42.2109499, 19.9467838 42.2128968, 19.9485969 42.214494, 19.9515474 42.217287, 19.9543905 42.2199051, 19.9556404 42.2209936, 19.9588644 42.2228011, 19.9641538 42.2256176, 19.9675333 42.2273773, 19.9724311 42.2290655, 19.9782944 42.2310714, 19.983294 42.2327436, 19.9892431 42.2347335, 19.9932611 42.2371404, 19.9945003 42.2390984, 19.9977511 42.2440388, 19.9992585 42.2466518, 20.0001812 42.247994, 20.0035286 42.2490463, 20.0099713 42.2510833, 20.0127554 42.2519291, 20.0166178 42.2531521, 20.0191121 42.2564564, 20.0206632 42.2584952, 20.0228361 42.2614206, 20.0256979 42.2676224, 20.0281388 42.2707695, 20.0289045 42.2717112, 20.0308043 42.2739411, 20.0331053 42.2756113, 20.0376869 42.2789056, 20.0411014 42.2813622, 20.0453846 42.2843992, 20.0491797 42.287127, 20.0516185 42.2889307, 20.0557553 42.2917774, 20.0573165 42.2929229, 20.0603099 42.2966072, 20.0624469 42.2992585, 20.0653346 42.3028515, 20.0681315 42.3063644, 20.071373 42.3102828, 20.0734334 42.3128, 20.077076 42.3173975, 20.0790596 42.3198942, 20.0827632 42.3245139, 20.085969 42.3284247, 20.0881755 42.3310528, 20.0907424 42.3342658, 20.0937866 42.3380785, 20.096843 42.3419014, 20.0998564 42.3455728, 20.1030269 42.3494494, 20.1059949 42.3531418, 20.1082423 42.3559473, 20.1135692 42.3586456, 20.1169198 42.36032, 20.1215818 42.3626998, 20.1248656 42.3649449, 20.1279785 42.3670995, 20.1319347 42.3698275, 20.1402556 42.3756345, 20.1418715 42.3768008, 20.1435542 42.3779177, 20.1471068 42.3803832, 20.1522936 42.3839905, 20.1561126 42.3855667, 20.1588943 42.386726, 20.1650551 42.3893987, 20.1676252 42.3904905, 20.1704469 42.3916786, 20.1744145 42.3933921, 20.1798866 42.3956714, 20.1824744 42.3965249, 20.1891798 42.3988024, 20.191564 42.3996122, 20.1932967 42.4002008, 20.2000328 42.4024886, 20.2020873 42.4032371, 20.2059647 42.4045113, 20.2080618 42.4052452, 20.2111226 42.406297, 20.212316 42.406857, 20.2176663 42.4068432, 20.2225978 42.4073052, 20.2254092 42.4100913, 20.2295655 42.4114636, 20.2335443 42.4130221, 20.239195 42.4153804, 20.244743 42.4177593, 20.2480919 42.4188729, 20.2508107 42.4199721, 20.2540456 42.4212413, 20.2540775 42.4212564, 20.2570064 42.4226478, 20.2622873 42.4261899, 20.2665734 42.4287558, 20.2695453 42.4309691, 20.2733433 42.4326954, 20.2756179 42.4354313, 20.2779031 42.4380878, 20.2806497 42.441243, 20.2830637 42.4440893, 20.285424 42.4468128, 20.2894902 42.4476361, 20.2938891 42.4486574, 20.2990282 42.4496628, 20.3035235 42.4505494, 20.3076971 42.4512777, 20.3114092 42.452663, 20.3153038 42.4540879, 20.3223527 42.4570722, 20.3268248 42.4582014, 20.3328738 42.4605174, 20.3375301 42.4619975, 20.3425298 42.4640395, 20.3473363 42.465662, 20.3487096 42.4698961, 20.3524754 42.4729904, 20.3559837 42.4740983, 20.3599326 42.4757515, 20.3651256 42.4755672, 20.3696084 42.4757216, 20.3744138 42.4757276, 20.380017 42.475701, 20.3853501 42.4757906, 20.3880733 42.4734547, 20.3893715 42.4718324, 20.3928369 42.4685798, 20.3949075 42.4668703, 20.3971391 42.4647413, 20.3990703 42.4628655, 20.403555 42.4587972, 20.40672 42.459098, 20.4098743 42.4593117, 20.4133719 42.4596362, 20.4162579 42.4598895, 20.4184359 42.4601744, 20.4240578 42.4607047, 20.4262357 42.4630397, 20.4278022 42.4650658, 20.4298943 42.4672264, 20.4318684 42.4685719, 20.4333382 42.4695374, 20.4360848 42.4689834, 20.4388743 42.4684452, 20.4415351 42.4679783, 20.4439061 42.4676142, 20.4472818 42.4669513, 20.4493886 42.4665537, 20.4525881 42.4658664, 20.4558473 42.4650975, 20.458433 42.464678, 20.4621344 42.4639182, 20.4650205 42.4633958, 20.4680138 42.4616862, 20.4699725 42.4608943, 20.4738289 42.4591375, 20.4773908 42.4569529, 20.4801696 42.4550927, 20.4846543 42.4526387, 20.4886239 42.4505805, 20.4917031 42.4483164, 20.4959303 42.4464164, 20.5003613 42.44397, 20.5038696 42.4418877, 20.5089696 42.4428369, 20.5148774 42.4440412, 20.5185681 42.4447775, 20.5235892 42.4457038, 20.5281597 42.4468835, 20.5323654 42.4474139, 20.537644 42.4474931, 20.5439955 42.4473743, 20.549317 42.4472635, 20.5544668 42.4473585, 20.5597132 42.447216, 20.5649918 42.4492347, 20.5702596 42.451293, 20.5736178 42.4529475, 20.5788642 42.4551244, 20.5837672 42.456937, 20.58734 42.458536, 20.5927151 42.4576969, 20.5986911 42.4566758, 20.6021457 42.4562167, 20.6075966 42.4558409, 20.6093019 42.455623, 20.6175953 42.4534778, 20.6192354 42.4532952, 20.6221517 42.4528408, 20.6268446 42.4520679, 20.6310063 42.4541679, 20.6376821 42.4575853, 20.6414026 42.4594989, 20.6457364 42.4616344, 20.6511157 42.4642909, 20.6550917 42.4663482, 20.6662942 42.4722495, 20.6714614 42.4724479, 20.6826395 42.4725831, 20.6852647 42.4726148, 20.6893556 42.4723668, 20.6925312 42.4742613, 20.6966875 42.4764382, 20.6996202 42.4781259, 20.7035711 42.477375, 20.7079422 42.4768377, 20.7120051 42.4761626, 20.7167594 42.4789112, 20.7211838 42.4814471, 20.7233159 42.4840829, 20.7260396 42.487382, 20.7287632 42.4909536, 20.7306858 42.4934799, 20.7334218 42.4969569, 20.7363672 42.5001405, 20.7375288 42.5025806, 20.74103 42.5065177, 20.7438472 42.5100086, 20.7464025 42.5133689, 20.7508194 42.5160246, 20.7554132 42.5186176, 20.7593545 42.5210579, 20.7625712 42.5228291, 20.7677042 42.5260172, 20.7722826 42.5284785, 20.7765899 42.5311668, 20.7794984 42.5326017, 20.783929 42.5349129, 20.7880268 42.5371423, 20.7920383 42.5392445, 20.7974363 42.5421185, 20.8006653 42.5439844, 20.8063652 42.5468037, 20.8080659 42.5495229, 20.8102411 42.5528003, 20.8130599 42.5554088, 20.8158407 42.5579183, 20.8188329 42.5603529, 20.8214269 42.5626028, 20.8243881 42.5658505, 20.8280466 42.5690981, 20.8320728 42.5724803, 20.8351491 42.57549, 20.8439894 42.5851229, 20.8459857 42.5874308, 20.8471444 42.5886829, 20.8476414 42.5910011, 20.8479067 42.5949078, 20.8477957 42.5976022, 20.8479313 42.6019204, 20.8479929 42.6055852, 20.8479683 42.6082974, 20.8514684 42.6098757, 20.8558804 42.6117986, 20.858752 42.6131953, 20.8604034 42.6158981, 20.8621288 42.6192537, 20.8639651 42.6231895, 20.8662081 42.6267261, 20.8679458 42.6297366, 20.8696096 42.6332275, 20.8718156 42.6364371, 20.8739354 42.6401996, 20.8762933 42.6428134, 20.8789706 42.6468635, 20.881894 42.6503602, 20.8844674 42.6536481, 20.88722 42.6572499, 20.8893231 42.6600017, 20.8911964 42.6622765, 20.8941633 42.6659462, 20.8970785 42.6695519, 20.8989114 42.6718188, 20.8992564 42.6759144, 20.9019801 42.6790221, 20.9045435 42.6820029, 20.9061703 42.6837514, 20.9110384 42.6853912, 20.9153305 42.6867922, 20.9183097 42.6877647, 20.9246566 42.6898392, 20.9291549 42.6912342, 20.9330494 42.692439, 20.9369685 42.6928375, 20.9432662 42.6931183, 20.9457187 42.6932814, 20.9500445 42.6934807, 20.9541278 42.6938119, 20.9573572 42.6938907, 20.9593527 42.6961933, 20.9614341 42.6965087, 20.9647243 42.6971104, 20.9682469 42.6977545, 20.9738694 42.6988066, 20.9764385 42.6997314, 20.9822237 42.7021203, 20.9875238 42.704462, 20.9920943 42.7068193, 20.9960055 42.7090509, 21.0009105 42.709635, 21.0038421 42.7098589, 21.0087103 42.7104589, 21.0130347 42.7109805, 21.0177922 42.711648, 21.0219651 42.7120797, 21.027513 42.7130199, 21.0331917 42.7137915, 21.0380474 42.7145793, 21.0421804 42.7154009, 21.0475143 42.713537, 21.0520838 42.7121689, 21.0566128 42.7104781, 21.0595237 42.707682, 21.05986634785006 42.7073043115263, 21.06662440521797 42.700110252727924)",Raska,Medveda,Medveda-Raska
RS22-220,way/616236270-220,220.0,983.1120383760948,3749.82,Al/St 240/40 2-bundle 220.0,"LINESTRING (21.183861200000003 42.9381143889858, 21.18882399261255 42.93544580510673, 21.1957034 42.9317147, 21.199598 42.9295879, 21.2030107 42.927718, 21.2030547 42.9217012, 21.2030301 42.9195609, 21.2025394 42.9172147, 21.20265782421258 42.916280920481825, 21.197505662071627 42.913244793591915)",Blace,Prokuplje,Blace-Prokuplje
way/616241694-220,way/196695540-220,220.0,491.5560191880474,2355.68,Al/St 240/40 2-bundle 220.0,"LINESTRING (20.897354322751983 42.64454013336954, 20.897392064223737 42.64960350646112, 20.8975015 42.6508073, 20.8982318 42.6589928, 20.898374398635106 42.660605066090945, 20.900602204610045 42.66546310107873)",NoviPazar,Tutin,Tutin-NoviPazar2
way/1302365574-220,RS24-220,220.0,491.5560191880474,44908.95,Al/St 240/40 2-bundle 220.0,"LINESTRING (20.2206175 42.412316788534156, 20.225580337823104 42.40969437504306, 20.2289926 42.4073018, 20.2321924 42.4066211, 20.2373062 42.4055594, 20.2400011 42.4049743, 20.244045 42.4040936, 20.2473673 42.4033941, 20.2515515 42.4024703, 20.2543883 42.4025345, 20.2580476 42.4026036, 20.261728 42.402673, 20.2670107 42.4010284, 20.2717076 42.3994935, 20.2749839 42.3985026, 20.2778345 42.3976587, 20.2807456 42.3965115, 20.2860484 42.3943307, 20.2891557 42.3930673, 20.2940169 42.3911204, 20.2973128 42.3897894, 20.3004354 42.3885599, 20.3033654 42.3873716, 20.3071406 42.385908, 20.310943 42.3843091, 20.3145712 42.382833, 20.3184214 42.3812576, 20.3198477 42.3787883, 20.3225692 42.3739767, 20.3344796 42.3704071, 20.3387883 42.3691221, 20.3425964 42.3679863, 20.3466087 42.3667896, 20.3506403 42.3655872, 20.3544018 42.3644653, 20.3586584 42.3631957, 20.3625063 42.3620479, 20.3656498 42.3611103, 20.3691559 42.3600712, 20.3718109 42.3592843, 20.3758194 42.3580962, 20.3781637 42.3574014, 20.384015 42.3556671, 20.3874911 42.3546368, 20.3913559 42.3546236, 20.3959872 42.3546079, 20.4011048 42.3546294, 20.4047452 42.3545737, 20.4100592 42.3545704, 20.4151349 42.3545201, 20.4192588 42.3545243, 20.4234439 42.3545282, 20.4338515 42.3544807, 20.4426715 42.3544416, 20.4471012 42.3544289, 20.4516013 42.3544161, 20.4560241 42.3544035, 20.4603119 42.3534556, 20.4687659 42.351644, 20.4726826 42.3507903, 20.4767829 42.3499652, 20.4803959 42.3490977, 20.4835233 42.348538, 20.4886656 42.3473518, 20.492974 42.3463957, 20.4985378 42.345207, 20.5028593 42.3442997, 20.505997 42.3435821, 20.5131935 42.3425594, 20.5191894 42.3420429, 20.5229414 42.3417142, 20.5271361 42.3413587, 20.5308965 42.3410496, 20.5346676 42.3407172, 20.5380472 42.3404125, 20.5422305 42.340041, 20.5462387 42.3396943, 20.5503113 42.339342, 20.5541271 42.3390119, 20.5565884 42.3367945, 20.5593085 42.3344802, 20.5617232 42.3322143, 20.5641829 42.3300105, 20.5668914 42.3275797, 20.569416 42.3253211, 20.5726028 42.3224259, 20.575273 42.3200012, 20.5773875 42.3181434, 20.5798616 42.3159153, 20.5821451 42.3138389, 20.5845814 42.3116348, 20.5870561 42.3094067, 20.5893747 42.3073193, 20.5919524 42.3049983, 20.5942849 42.3028981, 20.5970564 42.3004025, 20.5994358 42.2982637, 20.6028368 42.2951961, 20.606511 42.2918924, 20.6092883 42.2894191, 20.6112899 42.287656, 20.6154571 42.2854427, 20.6177159 42.2842247, 20.6200058 42.283027, 20.6232637 42.2800514, 20.6269652 42.2766102, 20.6287446 42.2749035, 20.6323149 42.2716673, 20.6348933 42.2687265, 20.6399486 42.2612264, 20.6417181 42.2581543, 20.6438641 42.2543553, 20.6446862 42.2529027, 20.6450439 42.2519252, 20.645599 42.2504084, 20.6480112 42.242991, 20.6491551 42.2429923, 20.6508557 42.2415904, 20.6531098 42.2398068, 20.6564185 42.2371959, 20.659225 42.2352433, 20.661551972958385 42.23361229845749, 20.668419861582375 42.231757496717705)",Bojnik,Brus,Bojnik-Brus
RS26-220,RS29-220,220.0,491.5560191880474,19134.95,Al/St 240/40 2-bundle 220.0,"LINESTRING (21.3073969 42.16292128831586, 21.309854128650368 42.15878659222252, 21.3103065 42.1580254, 21.3133316 42.1521948, 21.318533 42.1442737, 21.3217651 42.1403856, 21.3260781 42.1349557, 21.3297259 42.1305081, 21.331421 42.1284154, 21.3340013 42.1252723, 21.3401543 42.1177005, 21.3442581 42.1126666, 21.3482918 42.1077108, 21.3500943 42.1066323, 21.3551103 42.1036274, 21.3595732 42.1008692, 21.363511 42.0984703, 21.3722121 42.0932239, 21.3753231 42.0912761, 21.3794916 42.0888171, 21.3855641 42.085051, 21.3894748 42.0826662, 21.3935303 42.0802017, 21.405332 42.0729291, 21.4079981 42.0713163, 21.4130838 42.0682501, 21.4172196 42.0666611, 21.4252498 42.0638258, 21.4379839 42.0592141, 21.4412843 42.0579431, 21.4472871 42.0558322, 21.4505648 42.0545894, 21.4515894 42.0524624, 21.4546257 42.0468458, 21.4561599 42.0439058, 21.456252822341185 42.04344468502329, 21.456800400102665 42.03890493840977)",Surdulica,VladicinHan,VladicinHan-Surdulica
way/613473916-220,RS29-220,220.0,491.5560191880474,82577.11,Al/St 240/40 2-bundle 220.0,"LINESTRING (21.08929514681922 42.67738816094869, 21.09748717583324 42.67625148280889, 21.1008191 42.6754171, 21.1044789 42.6741083, 21.1083118 42.6726628, 21.1087946 42.6693516, 21.1093874 42.6655412, 21.1099264 42.6622019, 21.1103689 42.659111, 21.1109671 42.6552468, 21.1114654 42.6519641, 21.1120253 42.648269, 21.1125443 42.645971, 21.1140571 42.6399751, 21.1148551 42.6366605, 21.1157362 42.6331261, 21.1166012 42.6296888, 21.1160355 42.6278134, 21.1175708 42.6256546, 21.1182789 42.6228798, 21.1206223 42.6197548, 21.1197112 42.6173435, 21.1204676 42.6142899, 21.1213983 42.6106104, 21.1223827 42.6066761, 21.1231538 42.6036321, 21.1240014 42.6002265, 21.1237557 42.5964986, 21.123587 42.5939396, 21.1233617 42.590326, 21.1231578 42.5872692, 21.123013 42.5842951, 21.1228145 42.5817277, 21.1248155 42.5793143, 21.1268647 42.5767388, 21.1311345 42.5762134, 21.1351953 42.5756446, 21.1391543 42.5751231, 21.1438213 42.5745068, 21.1474316 42.5740565, 21.1496149 42.570669, 21.1513905 42.5679173, 21.1534666 42.5646025, 21.1554729 42.5614772, 21.1575328 42.5582352, 21.1595874 42.5550345, 21.1616634 42.5517566, 21.1635624 42.5487788, 21.1657135 42.5453405, 21.1668937 42.5434158, 21.1679022 42.5398171, 21.1688464 42.5365601, 21.1698924 42.5327812, 21.170858 42.5294448, 21.1714684 42.5272816, 21.1716734 42.5265549, 21.1726873 42.5229177, 21.1736421 42.5195373, 21.1745541 42.516382, 21.1752675 42.5131535, 21.1760583 42.5110415, 21.176437 42.5096756, 21.1771601 42.5068802, 21.1775292 42.5056593, 21.1782985 42.5031148, 21.1791568 42.5000616, 21.1801749 42.4966574, 21.1809217 42.4937747, 21.1806856 42.486791, 21.1806052 42.4832741, 21.1804603 42.47967, 21.1803691 42.4760577, 21.1802511 42.4726015, 21.1801543 42.4694594, 21.1801385 42.4689473, 21.1800787 42.4672347, 21.1800258 42.4657223, 21.17994 42.4630361, 21.1799024 42.4618579, 21.1798991 42.4617514, 21.179779 42.4578548, 21.1797031 42.455421, 21.1796503 42.4537268, 21.1795376 42.4499507, 21.1794357 42.4459647, 21.1792855 42.4422752, 21.179205 42.4395041, 21.1787652 42.4353313, 21.1784809 42.4319738, 21.1779605 42.427258, 21.1773114 42.4200312, 21.1769466 42.4164195, 21.1767095 42.4136508, 21.1777406 42.4110411, 21.1789207 42.4079537, 21.1801116 42.404777, 21.1814688 42.401206, 21.182944 42.3973238, 21.1842476 42.3938771, 21.1855404 42.3904105, 21.1868547 42.387011, 21.1881636 42.3836272, 21.1893599 42.3804215, 21.190422 42.3776278, 21.1930881 42.3664478, 21.1939196 42.3631401, 21.1952875 42.3573469, 21.1958884 42.3548106, 21.1965643 42.3519575, 21.1989461 42.3489623, 21.2014191 42.3458381, 21.2086901 42.3366992, 21.2123673 42.3320768, 21.2145136 42.3293622, 21.2171744 42.3273436, 21.2351666 42.3135822, 21.2387876 42.3108747, 21.2434901 42.3073975, 21.2481213 42.3062848, 21.2489317 42.3022501, 21.2510125 42.2962378, 21.2489748 42.2884872, 21.2527012 42.2772556, 21.2561476 42.2672955, 21.258464 42.2606003, 21.270541 42.2494472, 21.2822119 42.2129204, 21.2926648 42.1838098, 21.2963639 42.1808032, 21.30366 42.1724631, 21.3095663 42.1621612, 21.3111542 42.1583146, 21.3139698 42.1524864, 21.3189219 42.1447927, 21.3239484 42.1388859, 21.3279127 42.1341044, 21.3315352 42.1298555, 21.3350313 42.125706, 21.3372039 42.1241981, 21.3411786 42.1184394, 21.3438665 42.1152413, 21.3453253 42.113525, 21.3471119 42.110255, 21.3517736 42.1070593, 21.3574972 42.1040294, 21.360748 42.1020473, 21.365855 42.0994204, 21.3740893 42.0952091, 21.3778554 42.0939882, 21.3814818 42.0928258, 21.3858377 42.0914047, 21.3993506 42.0870336, 21.4017485 42.0840995, 21.4065872 42.0781034, 21.4084594 42.075794, 21.4111846 42.0723397, 21.4133652 42.0696538, 21.4181235 42.0678439, 21.4205831 42.0669041, 21.4250784 42.0651876, 21.42731 42.0643553, 21.4324921 42.06236, 21.4411717 42.0590066, 21.4480221 42.0564495, 21.4527784 42.0546029, 21.456931869573378 42.04343699785155, 21.456800400102665 42.03890493840977)",Lebane,VladicinHan,Lebane-VladicinHan
RS21-220,RS18-220,220.0,491.5560191880474,79023.69,Al/St 240/40 2-bundle 220.0,"LINESTRING (19.327356417618144 43.336669451729044, 19.331453052668994 43.33301688477676, 19.3316592 43.3312293, 19.3318379 43.3298572, 19.334575 43.327297, 19.336511 43.325502, 19.338641 43.323468, 19.340497 43.321767, 19.342402 43.319995, 19.3451 43.317417, 19.346782 43.315827, 19.348302 43.314427, 19.350974 43.314757, 19.354418 43.315179, 19.358473 43.31568, 19.361604 43.316065, 19.364811 43.316432, 19.370436 43.317124, 19.372359 43.31738, 19.374006 43.317569, 19.377595 43.317509, 19.381557 43.317439, 19.385692 43.317363, 19.388096 43.31731, 19.395574 43.317056, 19.398245 43.317044, 19.402966 43.317029, 19.405444 43.317001, 19.407156 43.317001, 19.408926 43.317134, 19.410911 43.31731, 19.413469 43.317497, 19.4177924 43.3179529, 19.4220652 43.3182483, 19.426135 43.318625, 19.429809 43.318961, 19.433398 43.319281, 19.436161 43.319519, 19.438516 43.31973, 19.440629 43.32131, 19.443231 43.323277, 19.445221 43.324776, 19.447083 43.326185, 19.450055 43.328409, 19.453198 43.330766, 19.454775 43.331971, 19.457114 43.333723, 19.460354 43.334457, 19.464201 43.335315, 19.467039 43.335983, 19.470499 43.336743, 19.4734039 43.3374055, 19.4770742 43.338202, 19.4807783 43.3375687, 19.4838331 43.3369653, 19.4869436 43.3363162, 19.4909962 43.335464, 19.4939173 43.3348749, 19.500574 43.3335601, 19.5038256 43.3328703, 19.5078258 43.3320603, 19.5097537 43.3316626, 19.5127158 43.3310726, 19.5159606 43.3304047, 19.5185745 43.329889, 19.5206679 43.3294433, 19.5246622 43.3284329, 19.5272796 43.3277859, 19.5298084 43.3271448, 19.5327807 43.3263983, 19.5357903 43.325657, 19.539678 43.326512, 19.544533 43.327375, 19.548706 43.328155, 19.551024 43.328608, 19.555433 43.329423, 19.56223 43.33077, 19.565755 43.331515, 19.570422 43.332416, 19.573506 43.332728, 19.57459 43.332853, 19.581236 43.33345, 19.585882 43.333903, 19.590415 43.334262, 19.595704 43.334562, 19.597882 43.334769, 19.599116 43.334664, 19.60279 43.3345, 19.607903 43.334079, 19.610467 43.333684, 19.621029 43.331952, 19.62972 43.330493, 19.632842 43.330098, 19.636281 43.3295096, 19.6397566 43.3248418, 19.6471458 43.3205619, 19.6502813 43.3187457, 19.6537683 43.3167259, 19.6589613 43.3176767, 19.6635949 43.3147083, 19.6667895 43.3126617, 19.670677 43.310171, 19.678386 43.306642, 19.680546 43.3041741, 19.6816045 43.3029647, 19.6822795 43.3000334, 19.6829104 43.297293, 19.6836243 43.2941924, 19.6840262 43.2924469, 19.6848103 43.289041, 19.685528 43.2859234, 19.6861349 43.283287, 19.6873604 43.277963, 19.6876985 43.2764939, 19.688234 43.2741673, 19.6887403 43.2719675, 19.6898911 43.266967, 19.6905354 43.2641671, 19.6912896 43.2608899, 19.6919915 43.2578396, 19.6927583 43.2545069, 19.6933507 43.2519482, 19.6942447 43.2480867, 19.6950079 43.2447899, 19.6960213 43.242028, 19.6971783 43.235437, 19.6978481 43.2325454, 19.6987877 43.2284889, 19.6993556 43.2260369, 19.7002862 43.224711, 19.7029034 43.2209818, 19.7050643 43.2179028, 19.7061624 43.2163379, 19.7073699 43.2146172, 19.7116559 43.2109122, 19.7128635 43.2098017, 19.7155558 43.2058209, 19.7175754 43.2028346, 19.7196056 43.1998325, 19.720513 43.197629, 19.726553 43.190398, 19.730614 43.186952, 19.73954 43.167764, 19.7453049 43.1595875, 19.7478262 43.1558113, 19.7488562 43.1539094, 19.750208 43.1514986, 19.7529063 43.1466182, 19.7543708 43.1440036, 19.7563629 43.1403147, 19.7547267 43.1302032, 19.7541313 43.1255951, 19.7545122 43.1231833, 19.7558157 43.1173059, 19.7556762 43.1153911, 19.7554456 43.1111618, 19.7552793 43.1074883, 19.7550057 43.1036892, 19.7545926 43.0948134, 19.7544746 43.0930037, 19.7542547 43.0887454, 19.7541152 43.0864143, 19.7534768 43.0740525, 19.7533516 43.0705197, 19.7530262 43.0645846, 19.7528385 43.0627269, 19.7523235 43.0572749, 19.7524093 43.054731, 19.7522967 43.0522066, 19.7504144 43.0509125, 19.7444056 43.0467812, 19.7418253 43.0448523, 19.7342615 43.0397242, 19.7321828 43.0385444, 19.7299163 43.0343565, 19.7273553 43.0298097, 19.725207 43.0259105, 19.7226228 43.0213553, 19.7214587 43.019227, 19.7191566 43.0150213, 19.7180537 43.0131115, 19.7163345 43.0101419, 19.7146215 43.0069646, 19.7133975 43.0048036, 19.711363 43.0037471, 19.707784 43.0019596, 19.7060755 43.0011206, 19.7010996 42.9986028, 19.6990937 42.997588, 19.6923312 42.9941948, 19.689859 42.9929648, 19.6873063 42.9916979, 19.6826949 42.9893848, 19.6777861 42.9868617, 19.6722895 42.9841267, 19.6701577 42.9830365, 19.6669601 42.9813803, 19.6646113 42.9802245, 19.6616259 42.9787304, 19.6586075 42.977226, 19.6567587 42.9758251, 19.6525565 42.9724882, 19.6504106 42.9708283, 19.6472412 42.9682884, 19.645001 42.9665456, 19.6424211 42.9645577, 19.6372143 42.9604678, 19.6326628 42.9568742, 19.6291381 42.9540883, 19.6270663 42.953289, 19.6233593 42.9518564, 19.6218188 42.951221, 19.6185195 42.9498619, 19.611508813367458 42.94707657730928, 19.6061887 42.94489668899159)",Priboj,Prijepolje,Prijepolje-Priboj
way/317497727-220,RS17-220,220.0,491.5560191880474,64179.53,Al/St 240/40 2-bundle 220.0,"LINESTRING (19.50023370346279 43.952980490654625, 19.504430553999516 43.9479861224794, 19.511837 43.9446331, 19.5131137 43.9440537, 19.5227633 43.9376977, 19.5242707 43.9366818, 19.5271996 43.9346846, 19.528412 43.9336299, 19.5306919 43.931567, 19.5329932 43.9296353, 19.5411149 43.922333, 19.5457766 43.9190718, 19.5486788 43.9169388, 19.5510177 43.9152617, 19.5509533 43.9099441, 19.5508943 43.9065856, 19.5508943 43.9043091, 19.5508406 43.9024964, 19.5508514 43.9002816, 19.5501325 43.8970656, 19.5486627 43.8911626, 19.5481852 43.8888971, 19.5474664 43.8861792, 19.547714 43.8829276, 19.5478427 43.8803332, 19.5482772 43.8769614, 19.5483899 43.8705924, 19.5486259 43.8666709, 19.549157 43.8580186, 19.5494413 43.852224, 19.5466733 43.8462702, 19.5454931 43.8437051, 19.54427 43.8410935, 19.5363092 43.8373751, 19.5328975 43.8367637, 19.5289332 43.8341634, 19.5286403 43.8340317, 19.5237812 43.8318461, 19.5133099 43.8271093, 19.5051238 43.8134, 19.5029833 43.8098115, 19.5023718 43.8018751, 19.502919 43.7985763, 19.5029604 43.7983285, 19.5032698 43.796477, 19.5047858 43.7899877, 19.5060947 43.7847132, 19.5073553 43.779841, 19.5010361 43.7723422, 19.4997862 43.7708276, 19.4882634 43.7603599, 19.4852006 43.758454, 19.4821587 43.7555632, 19.4744125 43.7458601, 19.4740477 43.7444185, 19.4702711 43.7305351, 19.4681095 43.7214448, 19.4674602 43.715358, 19.466983 43.7109414, 19.4659638 43.7019059, 19.4653415 43.6958052, 19.4650357 43.6931057, 19.4643008 43.6864571, 19.4638448 43.6816002, 19.4678681 43.6773714, 19.4717788 43.6735342, 19.474225 43.6711674, 19.4770949 43.6684085, 19.478656 43.6664489, 19.484868 43.6566228, 19.4886891 43.6519266, 19.4900999 43.6492057, 19.4918541 43.6452114, 19.4940267 43.6406384, 19.4973258 43.6336851, 19.5072393 43.6240245, 19.5093475 43.621943, 19.511799 43.6195314, 19.5161764 43.6152827, 19.5173136 43.613737, 19.5238636 43.6049083, 19.5338629 43.5912568, 19.536529 43.587554, 19.5402251 43.5823121, 19.5416413 43.5811036, 19.5455948 43.5762265, 19.5541404 43.5653283, 19.5619831 43.5596336, 19.5619188 43.5555828, 19.5640431 43.5529858, 19.5672016 43.5474662, 19.5682155 43.540751, 19.5694654 43.53295, 19.5680331 43.5312815, 19.5680814 43.5292902, 19.5720901 43.5246627, 19.5732965 43.5229966, 19.5771476 43.5174664, 19.5791145 43.5146893, 19.5868583 43.5127125, 19.5893546 43.5120719, 19.5971948 43.5127173, 19.6033002 43.5105844, 19.6047224 43.5101598, 19.6129648 43.5087315, 19.6197052 43.5059497, 19.6308891 43.500919, 19.6369357 43.4963584, 19.6439578 43.4907078, 19.6453901 43.4895869, 19.6475948 43.4878044, 19.6493269 43.4864078, 19.6511079 43.4835081, 19.6539296 43.4788333, 19.6559139 43.47542, 19.655771327374286 43.475087676230466, 19.6539192 43.47080168943117)",Uzice,NovaVaros,Uzice-NovaVaros
way/317497727-220,RS13-220,220.0,983.1120383760948,8082.26,Al/St 240/40 2-bundle 220.0,"LINESTRING (19.411393796909984 43.9633547458534, 19.41538752899376 43.95799146432226, 19.4177129 43.9564796, 19.4199982 43.9569314, 19.4217309 43.9560818, 19.4241344 43.9548304, 19.4302335 43.9522818, 19.4327333 43.9511464, 19.4381621 43.9506829, 19.440913 43.9504284, 19.442788 43.9502533, 19.4438537 43.9501538, 19.4501934 43.9502315, 19.4533209 43.9502933, 19.4569311 43.9504593, 19.4616035 43.950552, 19.4649539 43.9507793, 19.4704656 43.9497989, 19.4764372 43.9485549, 19.4793233 43.948076, 19.4843326 43.947049, 19.4886039 43.9462509, 19.4924533 43.9484476, 19.494083253404565 43.949421687222994, 19.50023370346279 43.952980490654625)",Uzice,BajinaBasta,Uzice-BajinaBasta3
way/317497727-220,way/317496363-220,220.0,491.5560191880474,48890.57,Al/St 240/40 2-bundle 220.0,"LINESTRING (19.50023370346279 43.952980490654625, 19.505981378648954 43.948697084565005, 19.5113531 43.9475009, 19.5146093 43.9463075, 19.5240454 43.9457938, 19.5260248 43.9456856, 19.5288441 43.9455473, 19.5316843 43.9446157, 19.538422 43.94253, 19.5409004 43.9417575, 19.5442524 43.9406825, 19.5521227 43.9385166, 19.5573638 43.9370951, 19.5655037 43.9348342, 19.5666588 43.934338, 19.5700994 43.9328599, 19.5748786 43.9307827, 19.5791148 43.9289334, 19.5818577 43.9274022, 19.5837031 43.9263977, 19.590136 43.9267136, 19.5936723 43.9268759, 19.5951883 43.9269386, 19.599583 43.9271064, 19.6013413 43.927182, 19.6042085 43.9267929, 19.6049776 43.9266796, 19.6059439 43.9265445, 19.6147469 43.9255361, 19.6179311 43.9251944, 19.6190468 43.9250585, 19.6205888 43.924887, 19.6225307 43.9252502, 19.6245094 43.9256703, 19.6267052 43.9261173, 19.6331985 43.9264093, 19.6372299 43.926237, 19.6407168 43.9261018, 19.6451377 43.9266212, 19.6498792 43.9272608, 19.6551095 43.9255802, 19.6598838 43.9257308, 19.6623193 43.9265113, 19.6636121 43.9269556, 19.6661012 43.9278674, 19.6718947 43.9285126, 19.6762292 43.9278404, 19.679818 43.9286633, 19.6836696 43.9295983, 19.6904449 43.9274888, 19.6927945 43.9267818, 19.6950476 43.926067, 19.6999477 43.9257688, 19.7029337 43.9247905, 19.7048597 43.9241581, 19.7091184 43.9238376, 19.7127448 43.9235749, 19.7150496 43.9235037, 19.7198741 43.9233546, 19.7226904 43.9239226, 19.7245161 43.9236107, 19.7273834 43.9231271, 19.7327165 43.9233199, 19.7350071 43.9234165, 19.7376089 43.9235401, 19.7415142 43.9237024, 19.7440193 43.9225741, 19.7468096 43.9213032, 19.7488527 43.920364, 19.7551022 43.9210363, 19.7572695 43.9212643, 19.7589968 43.9214459, 19.7639036 43.9203852, 19.7657368 43.9199971, 19.769554 43.9191777, 19.7737114 43.9182851, 19.7767208 43.9176591, 19.7776847 43.9154272, 19.7780459 43.9145909, 19.7811872 43.9126229, 19.7857302 43.9097881, 19.7883348 43.9081447, 19.7908614 43.9065601, 19.7923405 43.9064842, 19.7983341 43.9061311, 19.8002492 43.905045, 19.8029137 43.9035698, 19.8033766 43.9033135, 19.8046849 43.9025807, 19.8064665 43.9014621, 19.8126303 43.9003875, 19.8155233 43.8999229, 19.8187375 43.8993471, 19.8207975 43.8997459, 19.8227611 43.9001094, 19.827036 43.9008887, 19.8303221 43.9006774, 19.8335258 43.9004623, 19.8361811 43.900319, 19.8379439 43.9000166, 19.841368 43.8995231, 19.8441325 43.899081, 19.8474624 43.8985629, 19.8520544 43.897813, 19.854798 43.8973883, 19.8584068 43.8967511, 19.8640767 43.8958557, 19.8677658 43.8953272, 19.8719013 43.8946559, 19.8747713 43.893628, 19.8784074 43.8924691, 19.8804425 43.8917745, 19.8845821 43.8904101, 19.8889727 43.888928, 19.8939875 43.8876404, 19.8967159 43.8868639, 19.9012577 43.8856476, 19.9087271 43.8842224, 19.9124666 43.8834954, 19.916411 43.8827348, 19.9201006 43.882053, 19.9232292 43.8815436, 19.9249908 43.8812084, 19.9307352 43.8768147, 19.9328105 43.8752384, 19.9367657 43.8722113, 19.9427466 43.867986, 19.9452651 43.8662354, 19.9486912 43.8601011, 19.949889 43.8579089, 19.9563341 43.8534254, 19.9592787 43.8497881, 19.961525 43.8472082, 19.9684116 43.8455101, 19.9719371 43.8445702, 19.9758209 43.8436385, 19.9779239 43.8435025, 19.9831122 43.843191, 19.9905613 43.8427568, 19.9949351 43.8425274, 19.9981399 43.8413146, 20.00283 43.8395402, 20.0089751 43.8372048, 20.013007 43.8369089, 20.0168549 43.8365645, 20.0190396 43.8348341, 20.022072 43.8324229, 20.0248333 43.8301735, 20.0278803 43.8277663, 20.0294091 43.8265511, 20.0323833 43.8233925, 20.0361795 43.8233513, 20.03668568536222 43.82333047042561, 20.04399578939664 43.82349003216872)",Uzice,Cacak,Uzice-Cacak
RS6-400,RS8-400,400.0,1787.4764334110816,26135.6,Al/St 240/40 4-bundle 380.0,"LINESTRING (20.886728 44.84025409051721, 20.892978348541753 44.84088447957317, 20.8932752 44.8409986, 20.8963889 44.8421956, 20.8999305 44.843557, 20.9037444 44.8450231, 20.9083883 44.8450739, 20.9130156 44.8451245, 20.917559 44.8451741, 20.9220812 44.8452236, 20.9268019 44.8452752, 20.9312523 44.8447818, 20.9351443 44.8443503, 20.9392783 44.843892, 20.9439248 44.8433768, 20.9484226 44.8428781, 20.9524229 44.8424346, 20.9563231 44.8420022, 20.9607903 44.8415069, 20.9645889 44.8410857, 20.9694223 44.8405498, 20.9745101 44.8399857, 20.9790367 44.8394838, 20.9836762 44.8389694, 20.9873329 44.838564, 20.9902448 44.8374474, 20.9939186 44.8360386, 20.9979979 44.8344744, 21.0021868 44.832868, 21.0063291 44.8312795, 21.0104918 44.8296831, 21.0146812 44.8280764, 21.0192376 44.8263289, 21.0230996 44.8248477, 21.0256839 44.8238565, 21.0273801 44.8233703, 21.0307346 44.8224086, 21.0342033 44.8214143, 21.0383118 44.8202364, 21.0430224 44.818886, 21.0477485 44.8175311, 21.0516182 44.8164216, 21.0551571 44.815407, 21.0591597 44.8142595, 21.0624755 44.8133088, 21.0660081 44.8122959, 21.069799 44.811209, 21.0740842 44.8099803, 21.0784463 44.8087295, 21.0817611 44.807779, 21.0847147 44.8069321, 21.0875987 44.8068768, 21.0918863 44.8067945, 21.0966756 44.8067026, 21.1013587 44.8066128, 21.1060774 44.8065222, 21.1114015 44.8064201, 21.1157786 44.8063361, 21.1201576 44.8062521, 21.1249834 44.8061595, 21.1288782 44.8060848, 21.1326167 44.806013, 21.1371369 44.8059263, 21.1426406 44.8054605, 21.1480574 44.805002, 21.1525363 44.8046229, 21.1575889 44.8041952, 21.1615113 44.8038632, 21.1649408 44.8035729, 21.166695 44.8017991, 21.1687401 44.7997311, 21.172314 44.7961168, 21.1747741 44.7936289, 21.1769269 44.7914516, 21.1791361 44.7892172, 21.180410144895635 44.787928624412814, 21.187602007360272 44.779795642785835)",Zemun,Kovin,Zemun-Kovin
way/839904125-220,RS5-220,220.0,983.1120383760948,1493.0,Al/St 240/40 2-bundle 220.0,"LINESTRING (20.680936499999998 45.074081190693846, 20.687276982337362 45.07406221311784, 20.6874641 45.0741192, 20.69042 45.0750194, 20.690797473585157 45.075134353349924, 20.69773617620498 45.07890506642094)",Titel,Kaluderica,Kaluderica-Titel
RS5-220,way/52456886-220,220.0,491.5560191880474,24668.81,Al/St 240/40 2-bundle 220.0,"LINESTRING (20.680936499999998 45.074081190693846, 20.678377332459913 45.06997905183209, 20.678095 45.0688873, 20.6772152 45.0654167, 20.6763247 45.0619157, 20.6754342 45.0584145, 20.6745974 45.0551404, 20.6737927 45.0518509, 20.67287 45.0483415, 20.672001 45.0448849, 20.6710569 45.0412613, 20.6701771 45.0377815, 20.6692866 45.0342636, 20.6684069 45.0308517, 20.6675056 45.0273789, 20.6666044 45.0236935, 20.6657246 45.0202885, 20.6648342 45.0167847, 20.6639437 45.0133869, 20.6630424 45.0097916, 20.6621841 45.0063858, 20.66124 45.0026915, 20.6604568 44.9996039, 20.6597058 44.9965996, 20.6588689 44.993375, 20.6579387 44.989884, 20.6571447 44.9865604, 20.6556212 44.9845799, 20.6550848 44.9812408, 20.6545591 44.977932, 20.6539368 44.9741599, 20.6534004 44.9708355, 20.6529068 44.9677993, 20.652467 44.9653399, 20.6519235 44.9617169, 20.6513404 44.9582874, 20.6507181 44.9547039, 20.6501603 44.9511277, 20.6495916 44.9476197, 20.6491947 44.9451518, 20.6484866 44.9406637, 20.6501654 44.9380392, 20.6520378 44.935112, 20.6537115 44.9324537, 20.6554603 44.9296889, 20.6574451 44.926605, 20.659387 44.9235816, 20.6622624 44.9227612, 20.6669294 44.9207861, 20.6700859 44.918976, 20.6734977 44.9170083, 20.6763837 44.9153293, 20.6799779 44.9132399, 20.6836364 44.9110897, 20.6871877 44.9090153, 20.6908248 44.9069105, 20.6933246 44.9055351, 20.6939361 44.9025258, 20.6945691 44.8992884, 20.6952665 44.8959673, 20.6958995 44.8927675, 20.6965325 44.8896511, 20.697187 44.8864206, 20.6979165 44.8828326, 20.6987319 44.8787122, 20.6995473 44.8746448, 20.69965611490553 44.874102661735314, 20.698844751420218 44.868539152042665)",Kaluderica,PadinskaSkela,Kaluderica-PadinskaSkela
way/419803318-400,way/498961839-400,400.0,1787.4764334110816,59429.95,Al/St 240/40 4-bundle 380.0,"LINESTRING (20.739703072094205 43.68008409030222, 20.74601218964422 43.684820493917314, 20.7466286 43.6852667, 20.7474759 43.6893748, 20.74834 43.6941163, 20.7510241 43.6991217, 20.7535191 43.7039426, 20.7583349 43.7068892, 20.7610319 43.7085593, 20.7627363 43.7096938, 20.7692695 43.709845, 20.7815269 43.7100246, 20.7903746 43.7154557, 20.7901209 43.7175848, 20.7898623 43.7201217, 20.7895948 43.722972, 20.789435 43.7244856, 20.786732 43.7274038, 20.7839903 43.7303636, 20.7814474 43.7331087, 20.77906 43.7357204, 20.7773825 43.7375555, 20.7758942 43.7390762, 20.772476 43.7427676, 20.7705116 43.7448888, 20.7695025 43.7461489, 20.7686603 43.7485161, 20.7671742 43.7538248, 20.7665427 43.7560588, 20.764847 43.7617458, 20.762943 43.7683839, 20.7618686 43.7720993, 20.7610868 43.775133, 20.7599387 43.7785294, 20.7581028 43.7850246, 20.7568222 43.7893517, 20.7563628 43.7902337, 20.7536021 43.7957632, 20.7527195 43.7977039, 20.7506267 43.8019321, 20.7488078 43.8056068, 20.7487091 43.8119868, 20.7486186 43.8177512, 20.7481986 43.8231351, 20.7492769 43.8282488, 20.7517805 43.8303385, 20.7544799 43.8326333, 20.7575669 43.8351969, 20.7604066 43.8375606, 20.7618662 43.8426196, 20.7619648 43.8466804, 20.7589242 43.8514016, 20.7565353 43.8555319, 20.754952 43.8584559, 20.7530345 43.8618489, 20.7512598 43.8649891, 20.7492617 43.8685245, 20.7484381 43.8743881, 20.7497602 43.8781809, 20.7507922 43.8814946, 20.7521958 43.8871902, 20.752725 43.8904431, 20.7532834 43.8938372, 20.7538566 43.8974097, 20.7544829 43.9008143, 20.7550242 43.9043589, 20.7562911 43.9115246, 20.7588189 43.9159404, 20.7603531 43.9186121, 20.7621958 43.9217116, 20.7641868 43.9249501, 20.7660032 43.9279192, 20.7658167 43.9303089, 20.7655553 43.9335497, 20.7653745 43.9358416, 20.7634433 43.938772, 20.7614044 43.9418329, 20.7599371 43.9440756, 20.7580355 43.9470541, 20.7561053 43.9499337, 20.7542124 43.9527838, 20.7529273 43.9547135, 20.7526327 43.9580934, 20.7523291 43.961844, 20.7520116 43.9652388, 20.7517591 43.9682044, 20.7506822 43.9715347, 20.7496172 43.9745909, 20.7485584 43.9779449, 20.7475641 43.9808005, 20.7464675 43.9839495, 20.7454634 43.9869116, 20.7445693 43.9895626, 20.7436359 43.9922253, 20.7424031 43.9959498, 20.7413244 43.9991464, 20.7404204 44.0018463, 20.7392334 44.0053942, 20.7383801 44.0079446, 20.7423857 44.0109204, 20.7455593 44.0132277, 20.748913 44.0157249, 20.752387 44.0182425, 20.7549658 44.0201449, 20.7583323 44.0225848, 20.7614731 44.024939, 20.7655682 44.0279482, 20.7677723 44.0295364, 20.7685671 44.031328, 20.7710516 44.0367465, 20.7723355 44.0395202, 20.7737246 44.0425209, 20.7775063 44.0451654, 20.7822989 44.0485748, 20.7858655 44.0511505, 20.7877058 44.051579, 20.7914297 44.0525004, 20.7961223 44.0537138, 20.8018284 44.0550955, 20.8062404 44.0561967, 20.81162 44.0575157, 20.8135444 44.0580396, 20.8160758 44.0610721, 20.8169295 44.0620596, 20.8191981 44.0646927, 20.8214856 44.0674211, 20.8240333 44.0678904, 20.8274618 44.0685583, 20.8306916 44.0692103, 20.8342719 44.0676668, 20.8381322 44.0660332, 20.8410454 44.0647867, 20.8447628 44.0631876, 20.8489201 44.0614286, 20.8526426 44.0598367, 20.8567342 44.0580813, 20.8603453 44.0565329, 20.8641183 44.05489, 20.8685892 44.0545808, 20.8713304 44.0543589, 20.8756682 44.0540239, 20.8796461 44.0536912, 20.8834563 44.0533756, 20.8881242 44.0530339, 20.8908503 44.0542851, 20.8933832 44.0554718, 20.8969006 44.0571361, 20.8993774 44.0582853, 20.9044745 44.06071, 20.9087141 44.0602435, 20.9134741 44.0616513, 20.914838677475675 44.06126133954712, 20.92231570233083 44.059299880190984)",Kraljevo,Kragujevac,Kragujevac-Kraljevo
way/808253261-400,RS6-400,400.0,3574.952866822164,10694.2,Al/St 240/40 4-bundle 380.0,"LINESTRING (20.886728 44.84025409051721, 20.88434102661581 44.84442921802291, 20.8834973 44.8459049, 20.8819484 44.8486139, 20.8803811 44.851355, 20.878426 44.854774, 20.8769205 44.8574067, 20.8752787 44.8602776, 20.8734891 44.8634067, 20.8718151 44.8663336, 20.8703048 44.8689742, 20.8728102 44.8713368, 20.8752737 44.8736599, 20.8781317 44.8763549, 20.8805397 44.8786255, 20.8830252 44.8809689, 20.8855209 44.883322, 20.8885542 44.8861818, 20.8908534 44.8883494, 20.8933298 44.8906839, 20.8965674 44.893736, 20.8980911 44.8951723, 20.9020936 44.898945, 20.9050533 44.9021868, 20.9072958 44.9052181, 20.9091177 44.9076808, 20.9118372 44.9113565, 20.9141246 44.9144481, 20.915726 44.9166124, 20.916330262882813 44.917428998834374, 20.921634392232043 44.922695022534015)",Borca,Zemun,Zemun-Borca
way/273601210-400,RS2-400,400.0,3574.952866822164,6567.23,Al/St 240/40 4-bundle 380.0,"LINESTRING (19.767372781329968 45.53762008870176, 19.766308969117375 45.52832216022474, 19.766164 45.5263357, 19.7694684 45.5244143, 19.7732869 45.5221937, 19.7767029 45.5202071, 19.7800711 45.5182484, 19.7832447 45.5164026, 19.7863003 45.5146255, 19.790861 45.5147607, 19.7956439 45.5149024, 19.8007713 45.5150544, 19.8052999 45.5151886, 19.8097213 45.5153196, 19.8145488 45.5154627, 19.8194201 45.515607, 19.821748948464226 45.515676067835194, 19.82813359999999 45.51586529102053)",Kula,NoviSad,NoviSad-Kula
RS25-400,way/267325562-400,400.0,1787.4764334110816,26690.92,Al/St 240/40 4-bundle 380.0,"LINESTRING (21.797465100000004 42.29541328843219, 21.799965230006688 42.29949604525989, 21.801784 42.3017628, 21.8041221 42.3046767, 21.8057114 42.3066574, 21.8073914 42.308751, 21.809338 42.3111766, 21.8123491 42.3149287, 21.814479 42.3175826, 21.8158432 42.3192823, 21.8172963 42.3210929, 21.8202101 42.3247231, 21.8215146 42.3263483, 21.8230431 42.3282524, 21.8249161 42.3293701, 21.8271497 42.3307028, 21.8321101 42.3336626, 21.8348173 42.3352779, 21.8381452 42.3372634, 21.8407825 42.3388368, 21.84414 42.3408399, 21.8472827 42.3427148, 21.8493767 42.343964, 21.8522594 42.3456837, 21.854146 42.3468092, 21.8588415 42.3496101, 21.861967 42.3514745, 21.8626632 42.3540882, 21.8632114 42.3561462, 21.8638665 42.3586054, 21.8646784 42.3616534, 21.8653156 42.3640453, 21.8659573 42.3664538, 21.8668387 42.3697623, 21.8674141 42.3719219, 21.8679282 42.3738514, 21.8681429 42.3755339, 21.8686597 42.3795838, 21.8690458 42.3826097, 21.8693987 42.3853756, 21.8697516 42.3881405, 21.8699894 42.3900041, 21.870209 42.3917251, 21.8707295 42.3958035, 21.8710803 42.3985515, 21.8713918 42.4009917, 21.871855 42.4046207, 21.8744141 42.4061518, 21.8788447 42.4088025, 21.8822295 42.4108274, 21.8860911 42.4131375, 21.8889329 42.4148375, 21.8923414 42.4168764, 21.894981 42.4184553, 21.8977279 42.420786, 21.9000842 42.4227854, 21.9035814 42.4257526, 21.9056478 42.4275057, 21.9093243 42.4306248, 21.9115687 42.4325288, 21.9145338 42.4343825, 21.9183911 42.4367939, 21.9217339 42.4388835, 21.9251704 42.4410317, 21.9280589 42.4428372, 21.9322046 42.4454285, 21.932052 42.4483776, 21.9319235 42.4508624, 21.9317752 42.4537282, 21.9316787 42.4555934, 21.9315318 42.4584317, 21.9313928 42.4611171, 21.9312641 42.4636047, 21.9310861 42.4670445, 21.9309491 42.4696909, 21.9308592 42.4714269, 21.9306414 42.4756354, 21.9281536 42.47767, 21.9251084 42.4801604, 21.9227612 42.4820799, 21.9200141 42.4843265, 21.9176809 42.4862344, 21.91770505563054 42.48634074907756, 21.91749436405842 42.49199964761043)",Presevo,Vranje,Vranje-Presevo
way/89109496-400,RS1-400,400.0,1787.4764334110816,48286.31,Al/St 240/40 4-bundle 380.0,"LINESTRING (19.7144894884492 46.03935091295225, 19.723007439801805 46.03913710371086, 19.7271348 46.0394944, 19.7319899 46.0399147, 19.7364849 46.0403039, 19.7406861 46.0406676, 19.7426667 46.0416633, 19.7464163 46.0422045, 19.7512907 46.042908, 19.7553551 46.0434946, 19.7593292 46.0440682, 19.7635321 46.0446748, 19.7680847 46.0453318, 19.7724251 46.0459583, 19.777364 46.046671, 19.781707 46.0472978, 19.7853895 46.0478293, 19.7903164 46.0486864, 19.7952198 46.0495395, 19.8000667 46.0503828, 19.8045116 46.051156, 19.8094789 46.0520202, 19.8142164 46.0528444, 19.818901 46.0536593, 19.8240165 46.0545492, 19.82885 46.05539, 19.8333966 46.0561809, 19.8376791 46.0569259, 19.8430911 46.0578673, 19.8445343 46.0590247, 19.848193 46.0619592, 19.850956 46.0641751, 19.8549187 46.0663715, 19.8581899 46.0681846, 19.8616197 46.0700856, 19.8652905 46.07212, 19.8692874 46.0743351, 19.8730178 46.0764024, 19.8756656 46.0778697, 19.8781283 46.0794164, 19.8803043 46.080783, 19.8839052 46.0830444, 19.8870809 46.0850387, 19.8901014 46.0869354, 19.8937004 46.0891954, 19.8975487 46.0916118, 19.9005072 46.0945, 19.9032123 46.0971405, 19.9061889 46.100046, 19.9089724 46.1027629, 19.9116833 46.1054088, 19.9140568 46.1077253, 19.916272 46.1098872, 19.9187857 46.1123402, 19.9212964 46.1147903, 19.9241891 46.1176131, 19.926892 46.1202504, 19.9292063 46.1229958, 19.9313496 46.1255381, 19.9335322 46.1281269, 19.9356786 46.1306727, 19.9376745 46.13304, 19.9367985 46.135837, 19.9359294 46.1386116, 19.9350447 46.1414359, 19.9341877 46.1441716, 19.9333423 46.1468702, 19.932843 46.1484642, 19.9318154 46.1517439, 19.9306793 46.15537, 19.9335264 46.1572922, 19.9362811 46.159152, 19.9397784 46.161513, 19.9434042 46.1639607, 19.9463794 46.1659691, 19.9503948 46.1679056, 19.9538977 46.1695949, 19.9571331 46.1711552, 19.9595263 46.1723093, 19.9624291 46.173709, 19.9659515 46.1753411, 19.9669047 46.1768463, 19.9679765 46.1786144, 19.9699492 46.1819233, 19.9715669 46.184605, 19.97297 46.1869743, 19.9754867 46.1889394, 19.9789414 46.1916812, 19.9824441 46.1945171, 19.9854252 46.1967395, 19.9880823 46.1989061, 19.9909469 46.2011412, 19.9939188 46.2034729, 19.9976417 46.2064207, 20.001065 46.2090948, 20.0042293 46.2116758, 20.0072869 46.214059, 20.0106158 46.2170813, 20.0141523 46.2202663, 20.0176764 46.2235287, 20.0211286 46.226674, 20.0241813 46.2294036, 20.0271272 46.2320818, 20.0295595 46.2343117, 20.0313407 46.235864, 20.0339477 46.2381347, 20.0366837 46.2404784, 20.0395966 46.2430282, 20.0418048 46.244958, 20.0446118 46.2473724, 20.0458726 46.2510302, 20.0460602 46.2543282, 20.0462906 46.2581021, 20.0464516 46.2614292, 20.0466537 46.2643909, 20.0467766 46.2666434, 20.0469659 46.2702027, 20.047118 46.2734162, 20.0473106 46.2765089, 20.0481607 46.2795588, 20.0488225 46.2820554, 20.0512933 46.2838275, 20.0541681 46.2858612, 20.0582618 46.288737, 20.061384 46.2910124, 20.0655512 46.2919999, 20.0701206 46.2931217, 20.0741727 46.2941207, 20.0768617 46.2947763, 20.0809265 46.2958409, 20.0853897 46.2969602, 20.0900567 46.2981129, 20.0949813 46.2993322, 20.0998414 46.300533, 20.1046694 46.3017227, 20.1094974 46.3029457, 20.1142127 46.3040834, 20.1172865 46.3048691, 20.1205213 46.305651, 20.120570732864287 46.30566304112442, 20.126718899999986 46.30706729158203)",Subotica,Kanjiza,Subotica-Kanjiza
way/144936638-220,way/273601210-220,220.0,491.5560191880474,30310.82,Al/St 240/40 2-bundle 220.0,"LINESTRING (19.767069465313224 45.537455817589624, 19.775274977871216 45.529297235798815, 19.7754562 45.5292051, 19.779039 45.5273835, 19.7827113 45.5255163, 19.7867804 45.5234473, 19.7908641 45.5213708, 19.7944127 45.5189324, 19.7981374 45.5163728, 19.8015723 45.5140123, 19.8052672 45.511473, 19.8088673 45.5089987, 19.8123736 45.5065889, 19.8158102 45.5042267, 19.8196716 45.5015725, 19.8231551 45.499178, 19.8265539 45.4968416, 19.8300584 45.4944324, 19.8334751 45.4920835, 19.8371494 45.4895574, 19.8407256 45.4870986, 19.8441948 45.4847133, 19.8474876 45.4824491, 19.851019 45.4800208, 19.854596 45.4775611, 19.8577786 45.4753725, 19.8612609 45.4729776, 19.8650385 45.4703796, 19.868543 45.4679693, 19.8720508 45.4655566, 19.8757695 45.4629987, 19.8790843 45.4607186, 19.8827389 45.4582047, 19.887271 45.4550869, 19.8908987 45.4525911, 19.8941748 45.4503372, 19.8971623 45.4482818, 19.9006243 45.4458997, 19.9040086 45.4435711, 19.906211 45.4408115, 19.9087954 45.4375732, 19.9112154 45.4345407, 19.9137049 45.4314209, 19.9161417 45.428367, 19.918921 45.4248837, 19.9214962 45.421656, 19.9235115 45.4191299, 19.9253066 45.4168797, 19.9258534 45.4140017, 19.9265347 45.4104158, 19.9271678 45.4070827, 19.9277506 45.404015, 19.9283669 45.4007703, 19.9288504 45.3982251, 19.9294433 45.3951029, 19.9299824 45.3922646, 19.9272212 45.3901574, 19.9238681 45.3875984, 19.9203261 45.3848952, 19.9171003 45.3824331, 19.9134693 45.3796617, 19.9099093 45.3769443, 19.9063276 45.3742103, 19.9028777 45.3715767, 19.8995517 45.3690375, 19.896432 45.3666558, 19.8927172 45.3638197, 19.8892228 45.3611516, 19.8859063 45.3586193, 19.8826063 45.3560994, 19.8792786 45.3535583, 19.876239 45.3512371, 19.8725777 45.348441, 19.8687616 45.3455265, 19.8649775 45.3426363, 19.8613708 45.3398815, 19.8569567 45.340365, 19.854279532966892 45.34064838818007, 19.845304948697546 45.33969475589437)",Petrovaradin,Becej,Petrovaradin-Becej
way/273601210-220,way/236110936-220,220.0,491.5560191880474,64410.82,Al/St 240/40 2-bundle 220.0,"LINESTRING (19.61228432057364 45.01613117595065, 19.60387381546034 45.0169609024221, 19.6012459 45.017279, 19.5964968 45.0178539, 19.5922073 45.0183731, 19.5905067 45.0188596, 19.5901732 45.0209073, 19.5895895 45.024491, 19.5890102 45.0280468, 19.5884522 45.0314721, 19.5878771 45.0350023, 19.5872832 45.0386476, 19.5867223 45.0420904, 19.5861232 45.0457668, 19.5856301 45.0487927, 19.585193 45.0514755, 19.5846775 45.0546382, 19.5842058 45.0575325, 19.5835928 45.0612937, 19.5872159 45.0634621, 19.5907692 45.0655887, 19.5947923 45.0679963, 19.5995839 45.0708637, 19.6023149 45.0724979, 19.6024534 45.0753819, 19.602624 45.078936, 19.60279 45.0823926, 19.6029471 45.0856649, 19.6031136 45.0891313, 19.6032681 45.0923485, 19.6034594 45.0963312, 19.6046578 45.0988575, 19.6059456 45.1015721, 19.6076138 45.1050884, 19.6088695 45.107735, 19.6101148 45.1103596, 19.6119573 45.1142427, 19.6133381 45.1171524, 19.6147593 45.1201473, 19.6161324 45.1230405, 19.6170213 45.1249135, 19.6163651 45.127185, 19.6157172 45.1294276, 19.6144252 45.1301988, 19.6058093 45.1353417, 19.6033119 45.1368323, 19.6007377 45.1383688, 19.5982533 45.1398516, 19.5977967 45.143684, 19.5973629 45.1473249, 19.5971105 45.1494428, 19.5968156 45.1519173, 19.5978419 45.1547662, 19.5988786 45.1576441, 19.6000596 45.1609221, 19.6007608 45.1628684, 19.6016017 45.1652023, 19.6024928 45.1676753, 19.6039267 45.1716547, 19.6047349 45.1738976, 19.6064268 45.1785922, 19.6077805 45.1823484, 19.6090585 45.185275, 19.6103725 45.1882838, 19.6130828 45.1944897, 19.6140975 45.1968129, 19.6150905 45.1990863, 19.6163361 45.2019377, 19.6180634 45.2058918, 19.619115 45.2082991, 19.6210829 45.2128034, 19.6195541 45.2163447, 19.6173438 45.2214643, 19.616121 45.2242964, 19.6151351 45.2265797, 19.6136579 45.2300007, 19.6121944 45.2333897, 19.6107235 45.2367956, 19.6093717 45.2399258, 19.6080313 45.2430293, 19.6066477 45.2462326, 19.6054835 45.2489277, 19.6081936 45.2518837, 19.6107636 45.2546867, 19.613466 45.2576341, 19.6161979 45.2606134, 19.6188884 45.2635473, 19.6216276 45.2665344, 19.6243237 45.2694742, 19.6269362 45.2723227, 19.6294288 45.2750404, 19.6317576 45.2775793, 19.6344468 45.280511, 19.6370366 45.2833342, 19.6395842 45.2861113, 19.6425353 45.289328, 19.6451066 45.2921307, 19.646298 45.2934292, 19.6488988 45.2962638, 19.6516561 45.2992688, 19.6542947 45.3021442, 19.6570232 45.3051174, 19.6595588 45.3078804, 19.661625 45.3109865, 19.6636785 45.3140734, 19.665816 45.3172865, 19.6679336 45.3204692, 19.6700766 45.3236901, 19.6721641 45.3268274, 19.6742445 45.3299539, 19.6760356 45.3326454, 19.6764283 45.3352699, 19.6768658 45.3381935, 19.6773324 45.3413116, 19.6778014 45.3444448, 19.6782367 45.3473536, 19.6787114 45.3505251, 19.6792682 45.3542452, 19.6797824 45.3576799, 19.6816505 45.3606518, 19.6835854 45.3637298, 19.6854629 45.3667163, 19.6874437 45.3698669, 19.6893854 45.3729553, 19.6913314 45.3760502, 19.6931837 45.378996, 19.6951466 45.3821176, 19.6970154 45.3850892, 19.6990925 45.388392, 19.7011557 45.3916724, 19.7031135 45.3947852, 19.7048036 45.3974721, 19.7073058 45.3987284, 19.710089 45.4001258, 19.7119505 45.4010604, 19.7124535 45.4037274, 19.7131071 45.4071928, 19.7137707 45.4107113, 19.714428 45.4141962, 19.7151006 45.4177616, 19.7157522 45.4212153, 19.7163687 45.4244833, 19.7170079 45.4278713, 19.7176429 45.4312367, 19.7182719 45.4345702, 19.7188996 45.4378965, 19.7194964 45.4410588, 19.7200667 45.4440807, 19.721497 45.4462771, 19.7230932 45.4487281, 19.7251176 45.4518366, 19.7265315 45.4540074, 19.7285844 45.4571592, 19.7305572 45.460188, 19.7311863 45.4611537, 19.7328028 45.4636353, 19.7346634 45.4664914, 19.7367608 45.4697108, 19.7388559 45.4729267, 19.7409623 45.4761595, 19.7431112 45.4794576, 19.7451206 45.4825412, 19.7462897 45.4857872, 19.7475224 45.4892097, 19.7487804 45.492702, 19.749967 45.495996, 19.7511396 45.499251, 19.7523544 45.502623, 19.7535633 45.5059783, 19.754707 45.5091526, 19.7558422 45.512303, 19.7569363 45.5153391, 19.7580324 45.5183806, 19.7593144 45.5219381, 19.7605498 45.5253658, 19.7617714 45.5287549, 19.76275376436231 45.53016910076625, 19.767069465313224 45.537455817589624)",Becej,Sid,Sid-Becej
RS3-400,way/236110936-400,400.0,1787.4764334110816,94059.87,Al/St 240/40 4-bundle 380.0,"LINESTRING (18.664108299999995 45.47219059098862, 18.66792266654145 45.46857078466017, 18.6687597 45.4679752, 18.6703173 45.4668697, 18.6742254 45.4643054, 18.6785998 45.4614598, 18.6826757 45.4587841, 18.6863506 45.4564026, 18.6900233 45.4539177, 18.6936631 45.4516002, 18.6973659 45.4491661, 18.701218 45.4466338, 18.7050218 45.4441535, 18.7084202 45.4419322, 18.712492 45.4392508, 18.715636 45.4371818, 18.7197872 45.4344617, 18.7228151 45.4325125, 18.7268586 45.4298312, 18.7305071 45.4274798, 18.7341664 45.4250504, 18.7380673 45.4225011, 18.7419133 45.4199644, 18.7457654 45.4174448, 18.7497517 45.4148223, 18.753616 45.4122596, 18.7575352 45.4097097, 18.7616193 45.407031, 18.7655874 45.4044423, 18.7694272 45.4019049, 18.772968 45.3995731, 18.7777113 45.3984671, 18.7828454 45.3973183, 18.7879184 45.3961524, 18.7929983 45.3950057, 18.7981392 45.3937932, 18.8033776 45.3926082, 18.8083818 45.3914641, 18.8135227 45.390279, 18.8185367 45.3891486, 18.8234608 45.387958, 18.8289647 45.3867163, 18.8342348 45.3855332, 18.8393074 45.38436, 18.8447852 45.3830832, 18.8499594 45.3818814, 18.8552409 45.3806472, 18.8600932 45.3795135, 18.863209 45.3771922, 18.8666261 45.3746878, 18.8702169 45.3720146, 18.8734603 45.3696033, 18.8768927 45.367034, 18.8805652 45.3642887, 18.8841713 45.3616007, 18.8875982 45.3590409, 18.8896689 45.3574023, 18.8925664 45.3551598, 18.8961902 45.352338, 18.8996998 45.3496249, 18.9033155 45.3468027, 18.9065444 45.3442358, 18.9103951 45.3412696, 18.9131142 45.3386862, 18.9158921 45.3361027, 18.9187234 45.3334478, 18.9213837 45.3309091, 18.9241375 45.3283362, 18.9274582 45.3251979, 18.9307361 45.3220721, 18.9342257 45.3188166, 18.9374353 45.3157769, 18.9407156 45.3126844, 18.9439631 45.3096295, 18.9473292 45.3064418, 18.950465 45.3034848, 18.953468 45.3006505, 18.9568901 45.2980273, 18.9606892 45.2951534, 18.9643976 45.2922547, 18.9679314 45.2895673, 18.9717613 45.2866145, 18.9755292 45.2837501, 18.9792537 45.2809026, 18.9830337 45.2779796, 18.986856 45.2750502, 18.9906815 45.2721075, 18.9941952 45.2693968, 18.9977542 45.266695, 19.0014797 45.26381, 19.004909 45.2609631, 19.0085139 45.2583954, 19.0116038 45.2559938, 19.0154447 45.2530482, 19.0188136 45.2504802, 19.0226116 45.2476099, 19.0262208 45.2448256, 19.0296282 45.2421258, 19.0328941 45.2396282, 19.0360441 45.2372606, 19.0400996 45.2355682, 19.0449919 45.2335434, 19.0494766 45.2316545, 19.0540299 45.2297761, 19.0582785 45.2280231, 19.0627417 45.2261492, 19.0664067 45.2246122, 19.0707025 45.2227789, 19.07514 45.2209698, 19.0793886 45.2191863, 19.0834226 45.2174783, 19.0877571 45.2156795, 19.0917267 45.2140168, 19.0961084 45.2121681, 19.1004428 45.2103843, 19.1047515 45.208605, 19.1093049 45.2067107, 19.1134677 45.204957, 19.1182913 45.2044475, 19.1234841 45.2039032, 19.1289129 45.2033589, 19.1341486 45.2027995, 19.1390624 45.2022704, 19.1443195 45.2017412, 19.1491046 45.2012574, 19.1539969 45.2007282, 19.1594042 45.2001536, 19.165348 45.1995186, 19.1701116 45.1990499, 19.1737707 45.1970536, 19.1775473 45.194914, 19.1811109 45.1929021, 19.1845012 45.1909892, 19.1879344 45.189046, 19.1911692 45.1872255, 19.1943916 45.1854172, 19.1981375 45.1833369, 19.2016351 45.1813555, 19.2050791 45.1793969, 19.2073198 45.177454, 19.2101646 45.1749725, 19.2131134 45.1724169, 19.2158492 45.1700192, 19.2186495 45.1675457, 19.2217394 45.1648679, 19.2244876 45.1624843, 19.2270502 45.1602458, 19.2297769 45.1578468, 19.2323073 45.1557897, 19.2352486 45.1534133, 19.2384565 45.1507499, 19.2415893 45.1481697, 19.2446363 45.1456499, 19.2465031 45.1441289, 19.250203 45.1411178, 19.2526813 45.1391047, 19.2558463 45.1364786, 19.2588091 45.134071, 19.2618652 45.1315892, 19.2641075 45.1297196, 19.2662764 45.1279477, 19.2691394 45.125617, 19.2721542 45.1231038, 19.2752655 45.1205677, 19.2783447 45.1180391, 19.2815385 45.1158241, 19.2852219 45.1132693, 19.2885924 45.1109592, 19.2919489 45.1086279, 19.2955125 45.1061586, 19.2989028 45.1038262, 19.3022056 45.1015324, 19.3054474 45.0992673, 19.3086429 45.0970718, 19.3125804 45.0957918, 19.3170544 45.0943452, 19.3214913 45.0929012, 19.3257678 45.0914814, 19.3301237 45.0901105, 19.3343707 45.0887251, 19.3387926 45.0872851, 19.3431791 45.0858466, 19.34744 45.0844445, 19.3517943 45.0830362, 19.3561197 45.0816188, 19.3605598 45.0801726, 19.3642843 45.0780051, 19.368136 45.0758459, 19.3715139 45.0738919, 19.3750561 45.071853, 19.3788095 45.0696792, 19.3825662 45.0675037, 19.3856655 45.0657464, 19.388691 45.0639959, 19.3918453 45.0622075, 19.3958874 45.061979, 19.4005357 45.0617149, 19.4054065 45.0614649, 19.4090624 45.0612439, 19.4135819 45.0609798, 19.4185065 45.0607752, 19.4234283 45.0604634, 19.4279907 45.0602144, 19.4328924 45.0599427, 19.4377927 45.0596257, 19.4423364 45.0586239, 19.445937 45.0578486, 19.450168 45.056915, 19.454838 45.0558858, 19.4594146 45.0548664, 19.46408 45.0538503, 19.4686099 45.0528507, 19.4731864 45.0518477, 19.4779031 45.0508084, 19.4825358 45.0497956, 19.487117 45.048786, 19.4914181 45.0478423, 19.4959247 45.0468492, 19.500204 45.0459029, 19.504818 45.0448998, 19.5088295 45.043999, 19.5133034 45.0430289, 19.5182629 45.0419466, 19.5228208 45.0409468, 19.5269631 45.0400393, 19.5309502 45.0391612, 19.5358133 45.0381134, 19.540072 45.0371519, 19.5446679 45.0361506, 19.5492035 45.035155, 19.5541446 45.03408, 19.5586561 45.03309, 19.5625415 45.0330674, 19.5664912 45.033073, 19.5711392 45.0330532, 19.5753216 45.0330475, 19.5792632 45.0330362, 19.5835701 45.0330191, 19.5888242 45.033005, 19.5936288 45.0330021, 19.598097 45.0329556, 19.6033669 45.0329914, 19.6070742 45.0329706, 19.6083225 45.0314151, 19.6092441 45.0284145, 19.6102596 45.0249479, 19.61113814360225 45.02193870803942, 19.612584150313108 45.01629601123313)",Apatin,SremskaMitrovica,SremskaMitrovica-Apatin
way/236110936-400,RS10-400,400.0,1787.4764334110816,74913.53,Al/St 240/40 4-bundle 380.0,"LINESTRING (18.965308499999995 44.686399490399474, 18.962879819572937 44.69056219486195, 18.9629381 44.6917685, 18.963047 44.6935403, 18.9633515 44.6974491, 18.9635775 44.7003132, 18.967232 44.701933, 18.9722433 44.7041127, 18.9753511 44.7054697, 18.9792814 44.7072109, 18.9833644 44.7089603, 18.9868728 44.7091027, 18.9916986 44.7091737, 18.9962052 44.7092773, 19.0008015 44.7093359, 19.0053683 44.7100411, 19.0104611 44.7108015, 19.0150339 44.7114556, 19.0202044 44.7122458, 19.0256917 44.7130571, 19.030385 44.7137489, 19.033068 44.716223, 19.0364034 44.7192289, 19.039691 44.7223251, 19.0431221 44.7254765, 19.0464396 44.7284662, 19.0523421 44.7339095, 19.0575852 44.7341533, 19.0631563 44.7344505, 19.0687153 44.7346628, 19.0734973 44.7348964, 19.0790445 44.7352361, 19.0838145 44.7354484, 19.0885012 44.7357198, 19.0937646 44.7375117, 19.0987637 44.7392423, 19.1038719 44.7410299, 19.1089973 44.7428176, 19.1141745 44.7445847, 19.1190644 44.7463273, 19.1243967 44.7481719, 19.128712 44.7499022, 19.1332514 44.7516651, 19.137716 44.7534768, 19.1423991 44.7552845, 19.1465771 44.7569156, 19.1551559 44.7603429, 19.1592356 44.7614037, 19.1645449 44.7629133, 19.1694578 44.7642596, 19.175359 44.7676947, 19.1780826 44.769302, 19.1817391 44.7714692, 19.1855992 44.773725, 19.1894816 44.7760006, 19.1931907 44.778149, 19.1967263 44.7802496, 19.2005919 44.7824971, 19.2040604 44.7857213, 19.2073946 44.7889175, 19.210617 44.7920897, 19.2138541 44.795328, 19.2172444 44.7985789, 19.2205596 44.8017154, 19.223553 44.8046386, 19.2260528 44.807006, 19.2284346 44.8093047, 19.2308593 44.8122503, 19.2336703 44.815649, 19.2365349 44.819062, 19.2393351 44.822517, 19.2421461 44.8258729, 19.2448283 44.8291296, 19.2473817 44.8322188, 19.2499352 44.8352622, 19.2523492 44.8382749, 19.2547632 44.841067, 19.2548061 44.8444978, 19.2549348 44.8478524, 19.2549992 44.8512372, 19.2551601 44.8547968, 19.2552567 44.858166, 19.2553533 44.8614589, 19.2554498 44.8644475, 19.2555464 44.8672458, 19.2556429 44.8702645, 19.2557073 44.8729029, 19.2582393 44.8751686, 19.2607606 44.8773507, 19.2631853 44.8794489, 19.2657602 44.8817828, 19.268775 44.8844435, 19.2717898 44.8871116, 19.2753089 44.8902281, 19.2784739 44.8929568, 19.2814672 44.8956169, 19.2843104 44.8981402, 19.2870141 44.9004885, 19.2899216 44.9029735, 19.2908979 44.9072441, 19.2919493 44.9117576, 19.2927111 44.9152526, 19.2959726 44.9165442, 19.2987621 44.9176078, 19.3021632 44.9188994, 19.3045447 44.9198098, 19.3061972 44.9204416, 19.3095339 44.9217558, 19.3136859 44.9233359, 19.317838 44.9249236, 19.3217759 44.9264808, 19.3260889 44.9281064, 19.3304019 44.9297699, 19.3345218 44.9313726, 19.3383305 44.9328309, 19.341796 44.9341449, 19.3456476 44.9356183, 19.3498104 44.9372588, 19.3515807 44.9397194, 19.3535762 44.9424761, 19.3553465 44.9450353, 19.3572348 44.9477158, 19.3590908 44.9503126, 19.3601208 44.9533498, 19.3612044 44.9566904, 19.362449 44.9604256, 19.3636399 44.9640164, 19.3660539 44.9666732, 19.3681782 44.9688897, 19.3703883 44.9712655, 19.3731563 44.9743167, 19.3759888 44.9773981, 19.3775659 44.9810865, 19.3789606 44.984342, 19.381085 44.9870586, 19.382941 44.9896461, 19.3847864 44.9920211, 19.3883055 44.993402, 19.3920498 44.9948208, 19.3953543 44.9961409, 19.3991952 44.9975976, 19.4026778 44.9989621, 19.4065552 45.0004198, 19.410975 45.0021343, 19.4138074 45.0049866, 19.4163501 45.007543, 19.4185495 45.009682, 19.4211137 45.0122913, 19.4238174 45.01487, 19.4263816 45.0175321, 19.4280016 45.0202623, 19.4294071 45.0224464, 19.4313276 45.0252977, 19.4330313 45.028202, 19.4347592 45.0311903, 19.4358444 45.0331529, 19.4374752 45.0359506, 19.4392212 45.0387205, 19.4411674 45.0419277, 19.4422555 45.043858, 19.4463137 45.0456563, 19.4502225 45.0473589, 19.4536096 45.0488671, 19.4570112 45.0503815, 19.460682 45.0520072, 19.4638791 45.0534049, 19.4684231 45.0524251, 19.4730043 45.0514122, 19.4777163 45.0503828, 19.482335 45.0493634, 19.4869256 45.0483636, 19.4912313 45.0474068, 19.4957145 45.0464269, 19.4999985 45.0454773, 19.5046172 45.0444577, 19.5093806 45.0434282, 19.513789 45.0424614, 19.5180668 45.0415177, 19.522634 45.0405079, 19.5267763 45.0396103, 19.5309046 45.0386996, 19.5348881 45.0378255, 19.5396535 45.0367726, 19.5446175 45.0356895, 19.54938 45.0346426, 19.5541511 45.0336056, 19.5588625 45.0325686, 19.5629978 45.0325145, 19.5670593 45.0324423, 19.5711407 45.0323881, 19.5752249 45.0323319, 19.5792324 45.0322938, 19.5835664 45.0323019, 19.5888284 45.032344, 19.5935087 45.0324042, 19.5965134 45.0323975, 19.59884 45.0301585, 19.6014539 45.0276125, 19.6042542 45.0249416, 19.6075191 45.0217858, 19.607776116765372 45.02153736984559, 19.612584150313108 45.01629601123313)",SremskaMitrovica,Loznica,SremskaMitrovica-Loznica
way/236110936-400,way/236110952-400,400.0,1787.4764334110816,61356.19,Al/St 240/40 4-bundle 380.0,"LINESTRING (19.612584150313108 45.01629601123313, 19.61113814360225 45.02193870803942, 19.6102596 45.0249479, 19.6092441 45.0284145, 19.6083225 45.0314151, 19.6098711 45.0329834, 19.6131357 45.0329646, 19.61741 45.0327917, 19.6204111 45.0326633, 19.6241359 45.0325383, 19.6288975 45.0323294, 19.634005 45.0321204, 19.6389364 45.0319382, 19.6427513 45.0317876, 19.6470694 45.0316233, 19.6510699 45.030712, 19.6552088 45.0297963, 19.659781 45.0287448, 19.6639655 45.0278244, 19.6676496 45.0269932, 19.6705486 45.0263421, 19.6752094 45.025297, 19.6798973 45.0242407, 19.6845541 45.0232127, 19.6886594 45.0222947, 19.6927869 45.021383, 19.6975193 45.020311, 19.702056 45.0192797, 19.7060812 45.0183743, 19.7105067 45.0173933, 19.7153903 45.0162835, 19.7198959 45.0153276, 19.7244904 45.0142586, 19.7289648 45.0132556, 19.7332614 45.0122934, 19.7344622 45.0095232, 19.7354852 45.0071081, 19.7366283 45.0044666, 19.7378381 45.0016677, 19.7392569 44.9984503, 19.7404534 44.9955882, 19.7418144 44.9924271, 19.743251 44.989118, 19.7440116 44.9873407, 19.746778 44.9850789, 19.7501672 44.9823073, 19.7533118 44.9797212, 19.7565764 44.9770375, 19.7598785 44.9743191, 19.7602788 44.9713613, 19.7622714 44.968416, 19.7642929 44.9653975, 19.76633 44.9623732, 19.7684115 44.9592607, 19.7702573 44.9565193, 19.7717651 44.9542532, 19.7736376 44.9514109, 19.7764397 44.948729, 19.7790283 44.9462421, 19.7817948 44.943582, 19.7850327 44.9404842, 19.7865939 44.9389761, 19.7889023 44.9367565, 19.7912151 44.9345304, 19.7941462 44.9317375, 19.7971617 44.9288249, 19.7997281 44.9263529, 19.8012359 44.9230526, 19.8026903 44.9198843, 19.8039223 44.9171474, 19.8053901 44.9139442, 19.8069734 44.9104353, 19.8084012 44.9073609, 19.809651 44.9045824, 19.8111232 44.901347, 19.8125998 44.8981114, 19.8138941 44.8952537, 19.8151528 44.892503, 19.8165494 44.8894182, 19.8180839 44.8860401, 19.8195472 44.8828509, 19.820966 44.8797341, 19.8224605 44.8764468, 19.8239193 44.8732035, 19.8253426 44.8701145, 19.8287852 44.8683493, 19.8323612 44.866502, 19.8354523 44.8649006, 19.8393575 44.8628736, 19.8418437 44.8615999, 19.8450773 44.8599227, 19.848889 44.8579554, 19.8503256 44.8571987, 19.8540039 44.8553164, 19.8575087 44.8535003, 19.8612404 44.8515706, 19.8648341 44.8496976, 19.8683478 44.8478939, 19.8717548 44.8461343, 19.8755799 44.8441759, 19.8793427 44.8422238, 19.8833012 44.8401897, 19.8867748 44.8383888, 19.8907422 44.8374963, 19.8948875 44.8365816, 19.8990551 44.8356354, 19.9036273 44.8346261, 19.9080884 44.8336136, 19.9124428 44.8326453, 19.9167971 44.8316675, 19.9212226 44.8306739, 19.9258216 44.8290431, 19.9306207 44.8273681, 19.9348816 44.8258697, 19.9391025 44.8243902, 19.9435191 44.8228191, 19.9474198 44.8214342, 19.95213 44.8197937, 19.9554969 44.8177745, 19.9586637 44.8158783, 19.9618794 44.8139473, 19.9651441 44.8120068, 19.9687823 44.8098328, 19.971998 44.8078921, 19.9752271 44.8059672, 19.9785051 44.804017, 19.9819832 44.8019341, 19.9858083 44.7996619, 19.9894714 44.7974661, 19.9932799 44.7951957, 19.9967431 44.7931229, 19.9995567 44.791429, 20.0023677 44.7898823, 20.0057543 44.7879908, 20.0092854 44.7860283, 20.0130634 44.7839199, 20.016694 44.7818969, 20.0196637 44.7802378, 20.0229842 44.7784138, 20.0266115 44.7764291, 20.0304506 44.7742445, 20.0317275 44.7715118, 20.0329151 44.7690052, 20.034107 44.7664483, 20.0352835 44.7639019, 20.0366812 44.7609485, 20.0378786 44.7583914, 20.0398726 44.7562698, 20.0424704 44.7534513, 20.0450304 44.750722, 20.0477571 44.7477689, 20.0502967 44.7450048, 20.0519691 44.7432231, 20.0539289 44.7411202, 20.0566018 44.7392432, 20.0592235 44.7373742, 20.0623119 44.7352027, 20.0657371 44.7327565, 20.0690855 44.7304088, 20.0724115 44.7280608, 20.0756509 44.7257772, 20.0785632 44.7237259, 20.0818833 44.7213675, 20.0854705 44.7188427, 20.0890244 44.7163039, 20.0923833 44.7139483, 20.0944527 44.7118609, 20.0968681 44.7094202, 20.0999943 44.7062149, 20.1026267 44.7036524, 20.1051758 44.701121, 20.1092961 44.6970543, 20.1115233 44.6946691, 20.1112492 44.6925048, 20.11095808113798 44.689499533322, 20.10961403562086 44.68369742803834)",SremskaMitrovica,Belgrade,Belgrade-SremskaMitrovica
way/52564762-220,way/144936638-220,220.0,491.5560191880474,93715.44,Al/St 240/40 2-bundle 220.0,"LINESTRING (19.845304948697546 45.33969475589437, 19.853514924238546 45.33814495949241, 19.855959 45.3376392, 19.8601255 45.3367697, 19.8644481 45.3358676, 19.8692436 45.3348676, 19.8739293 45.3339121, 19.878653 45.3329209, 19.8832417 45.3327904, 19.8879189 45.332645, 19.8929086 45.3325025, 19.8979447 45.3323245, 19.9030483 45.3321701, 19.9076074 45.3320366, 19.9124366 45.3319031, 19.9177219 45.3317493, 19.9231378 45.331544, 19.9276842 45.3314015, 19.9320406 45.3312977, 19.936777 45.3311226, 19.9415809 45.3310128, 19.9465874 45.3308644, 19.9507244 45.3307397, 19.9550175 45.330621, 19.9596146 45.3304637, 19.9638908 45.3303361, 19.9674199 45.329612, 19.9700202 45.3290897, 19.9730258 45.3284694, 19.9766604 45.3277453, 19.9813166 45.3267896, 19.9860572 45.3258162, 19.9910595 45.324807, 19.9961083 45.3237801, 20.0015496 45.3226849, 20.006687 45.3216193, 20.0117104 45.3205983, 20.0145015 45.3181775, 20.0175831 45.3154793, 20.0207787 45.3127066, 20.0238307 45.3100378, 20.0270136 45.3072649, 20.0301712 45.3044889, 20.0333837 45.301686, 20.0366046 45.2988593, 20.0397875 45.296077, 20.0429366 45.2933479, 20.0460646 45.290592, 20.0492729 45.2878063, 20.0523165 45.2851274, 20.0556512 45.2822019, 20.0591617 45.2791484, 20.0581243 45.275324, 20.0572743 45.2722095, 20.0566516 45.269971, 20.0558541 45.2670395, 20.0550262 45.2639168, 20.0542893 45.2613138, 20.057212 45.2595132, 20.0611737 45.2571003, 20.064652 45.2549769, 20.0681736 45.2527849, 20.072074 45.2504251, 20.0755559 45.2482583, 20.0794058 45.2458983, 20.0831547 45.2435992, 20.0868856 45.2412949, 20.0908113 45.2388915, 20.094488 45.2365895, 20.0982622 45.2343002, 20.101459 45.2325114, 20.1047424 45.2306818, 20.1079032 45.2289056, 20.1110748 45.2271319, 20.1147118 45.2250963, 20.1186159 45.222926, 20.1222637 45.2208928, 20.1258142 45.2188824, 20.1295017 45.2168466, 20.132814 45.2149886, 20.1363104 45.2130212, 20.140117 45.2109038, 20.1439705 45.2087405, 20.1453849 45.2053798, 20.1468354 45.2018944, 20.1481632 45.1986909, 20.1496137 45.1952635, 20.1506998 45.1926547, 20.1517534 45.1900831, 20.1530018 45.1871256, 20.1538832 45.1850291, 20.1552196 45.1818524, 20.1574968 45.1764408, 20.1587158 45.1734619, 20.159893 45.1691921, 20.1607466 45.1657779, 20.1614237 45.1630029, 20.1621524 45.159982, 20.1630283 45.1563501, 20.1638614 45.1530161, 20.1631333 45.149706, 20.1625164 45.1463638, 20.1617819 45.1429014, 20.1610513 45.1394728, 20.1604011 45.1364093, 20.1596465 45.1328104, 20.158932 45.1295115, 20.1582778 45.1263256, 20.1576998 45.1236125, 20.1567927 45.1193586, 20.1561611 45.1165149, 20.1556433 45.1140534, 20.1551681 45.1117586, 20.1547 45.1094985, 20.1534838 45.1060594, 20.1523158 45.1026711, 20.1510715 45.0990871, 20.150044 45.0961262, 20.1488117 45.0925729, 20.1475875 45.0890563, 20.1463874 45.0855989, 20.1451952 45.08213, 20.1441155 45.0790181, 20.1435977 45.077479, 20.1428712 45.0754524, 20.1420725 45.0730685, 20.1410851 45.0702509, 20.140202 45.0677903, 20.1402703 45.0643146, 20.1403104 45.0606205, 20.1403545 45.0570905, 20.1404027 45.0537815, 20.1404581 45.0500472, 20.1405184 45.0466131, 20.1405545 45.0436239, 20.1405866 45.0402262, 20.1406508 45.0365731, 20.140695 45.0331466, 20.1407391 45.0299355, 20.1407793 45.0262646, 20.1408234 45.0228489, 20.1408756 45.0195294, 20.1408997 45.0162012, 20.1379053 45.0135737, 20.13461 45.0106935, 20.1320371 45.0084489, 20.1297211 45.0064425, 20.1262933 45.0034371, 20.1240335 45.0015043, 20.1208706 44.9987172, 20.1176354 44.9958902, 20.115765 44.9942439, 20.1154077 44.9905963, 20.1151187 44.9871472, 20.1147896 44.9838058, 20.1144524 44.980078, 20.1141313 44.9766709, 20.1138223 44.9733175, 20.113469 44.9696487, 20.1131479 44.966221, 20.1128469 44.9628131, 20.1124937 44.9592742, 20.1121886 44.9557153, 20.1118515 44.952088, 20.1115143 44.9484548, 20.1111771 44.9449008, 20.11086 44.9414944, 20.1105229 44.9377639, 20.1101897 44.9343486, 20.1098445 44.9308478, 20.1095395 44.9273923, 20.1092384 44.9240104, 20.1088933 44.9204379, 20.1085521 44.9169249, 20.1082711 44.9138068, 20.1079861 44.9107539, 20.1076931 44.9074279, 20.107364 44.9040989, 20.1070629 44.9007299, 20.1067418 44.8970024, 20.1064528 44.8936756, 20.1061036 44.8902235, 20.1057544 44.8867912, 20.1055497 44.8844819, 20.1057223 44.8814587, 20.105923 44.8787909, 20.1060434 44.8760121, 20.1061638 44.8732217, 20.1063244 44.8708579, 20.1064568 44.8683972, 20.1058909 44.8652992, 20.1052687 44.8621897, 20.1048192 44.8597258, 20.1043175 44.857296, 20.1037234 44.8540808, 20.1031695 44.8511897, 20.1026878 44.84864, 20.1020938 44.8455495, 20.1015921 44.8429569, 20.100998 44.839812, 20.1002929 44.8361988, 20.0996799 44.8328604, 20.0990325 44.8294679, 20.0985027 44.8266587, 20.1001428 44.8240303, 20.1019743 44.8210638, 20.1035401 44.8186623, 20.1055192 44.8156609, 20.1073504 44.8128315, 20.1091854 44.8099912, 20.1111108 44.8070027, 20.1130437 44.8040644, 20.1148205 44.8013172, 20.1166258 44.7985412, 20.1183439 44.795959, 20.1201552 44.7931036, 20.12193 44.7903804, 20.1238443 44.7874518, 20.1257613 44.7845054, 20.1276303 44.7816035, 20.1294124 44.7788885, 20.1309819 44.7764264, 20.132845 44.773573, 20.134678 44.7707535, 20.1371221 44.7682315, 20.1397404 44.7655308, 20.1424801 44.762707, 20.145209 44.7598754, 20.1480022 44.7570082, 20.1507419 44.7542094, 20.1535423 44.7512961, 20.1562069 44.7485224, 20.1586067 44.7460585, 20.1609351 44.7436452, 20.16341 44.7410744, 20.1661497 44.7382545, 20.1662856 44.7347637, 20.1664608 44.7319638, 20.1664966 44.729179, 20.1666432 44.7262213, 20.1668002 44.7230102, 20.166886 44.7201134, 20.167004 44.7170182, 20.1671113 44.7142735, 20.1672401 44.7117118, 20.1679589 44.7089897, 20.1687314 44.7062295, 20.1695146 44.7031793, 20.1704373 44.6998316, 20.171317 44.6964989, 20.1721324 44.6934253, 20.1729478 44.6904278, 20.1737739 44.6872472, 20.1722221 44.6808483, 20.1709022 44.6749379, 20.170130720285204 44.67159237116058, 20.166458177704666 44.66241157637701)",StaraPazova,Petrovaradin,StaraPazova-Petrovaradin
way/411530745-220,way/152481174-220,220.0,491.5560191880474,72084.24,Al/St 240/40 2-bundle 220.0,"LINESTRING (21.28247565180948 43.585031263727224, 21.27878748422853 43.57991241198599, 21.2754698 43.5771262, 21.2731524 43.5751325, 21.2707276 43.5731582, 21.2719132 43.5699012, 21.2735064 43.5655363, 21.2747831 43.562034, 21.2757809 43.559344, 21.2768324 43.556339, 21.2782485 43.5525297, 21.2827977 43.5489096, 21.2869122 43.5456163, 21.2928906 43.5408378, 21.2965038 43.5379832, 21.3020345 43.533577, 21.3070151 43.5325779, 21.312619 43.5313875, 21.3172838 43.530434, 21.3202842 43.529824, 21.3230308 43.5289139, 21.3270303 43.5275915, 21.3319543 43.5259194, 21.3360902 43.5245269, 21.3400277 43.5231967, 21.3460198 43.5212479, 21.3491097 43.5195052, 21.3518777 43.5179725, 21.3555041 43.5158797, 21.3590982 43.5139034, 21.3636043 43.511328, 21.3679364 43.508887, 21.3748589 43.5049861, 21.3799366 43.5021337, 21.4048248 43.4904401, 21.4080378 43.4890995, 21.4142659 43.4867912, 21.4182451 43.4854939, 21.4223767 43.4841174, 21.4343011 43.4802327, 21.4384002 43.4798841, 21.4589111 43.4781357, 21.4656821 43.478023, 21.4780994 43.477733, 21.4860266 43.4775871, 21.4938076 43.4774067, 21.4971962 43.4773399, 21.504991 43.4771695, 21.5102628 43.4763476, 21.5179701 43.4751482, 21.5292272 43.473374, 21.5398121 43.4716967, 21.5463971 43.4706598, 21.5494674 43.470444, 21.5548079 43.4700215, 21.5607851 43.4695868, 21.5655895 43.469225, 21.5705962 43.4687985, 21.5746625 43.4684986, 21.58266 43.4649032, 21.5849674 43.4639366, 21.5883014 43.4624724, 21.5938342 43.4600312, 21.6009629 43.4566919, 21.6052744 43.4546498, 21.6072402 43.4537948, 21.6092591 43.4528045, 21.6132882 43.4509146, 21.6177219 43.4488314, 21.6212565 43.4493619, 21.6265031 43.4501904, 21.6309327 43.4508163, 21.6375134 43.4517223, 21.6426614 43.4525269, 21.6464488 43.4531111, 21.6537122 43.4541506, 21.6583278 43.4529958, 21.6626066 43.4519463, 21.6672164 43.4508379, 21.671112 43.44986, 21.6770919 43.4483848, 21.6835537 43.4467916, 21.6913209 43.4449068, 21.6954919 43.4438517, 21.6999338 43.4427756, 21.7044127 43.4431214, 21.710353 43.4435327, 21.7159444 43.443959, 21.7214044 43.4443912, 21.7265853 43.4447697, 21.7305822 43.4450407, 21.7347055 43.4454373, 21.7366842 43.4457592, 21.7387328 43.4446833, 21.7437207 43.4460692, 21.7480969 43.4473478, 21.7509542 43.4482181, 21.7541279 43.4491674, 21.7563589 43.4497982, 21.7598364 43.4478477, 21.7631001 43.4459849, 21.7668545 43.443853, 21.7702947 43.4419138, 21.7733557 43.4394473, 21.7767905 43.4366425, 21.7798785 43.4341247, 21.7828582 43.4317131, 21.7864176 43.428841, 21.7891752 43.4265944, 21.7903617 43.4233128, 21.791258 43.4207533, 21.7921794 43.4181537, 21.7932559 43.4151188, 21.7962727 43.4139751, 21.7998904 43.4126142, 21.8047194 43.4107409, 21.8080989 43.409491, 21.8134483 43.4074246, 21.8189549 43.4052797, 21.8215501 43.4054229, 21.8249542 43.4056227, 21.8291714 43.4058226, 21.8334954 43.4060523, 21.836878 43.4062385, 21.8403352 43.4063368, 21.8454036 43.4065977, 21.8486656 43.4042782, 21.8518314 43.401995, 21.8546057 43.400017, 21.8575111 43.3979467, 21.8606009 43.39573, 21.8637813 43.3934773, 21.8662455 43.3912317, 21.8682589 43.3894228, 21.8728947 43.3852416, 21.8756365 43.3828007, 21.8781901 43.3804787, 21.8822418 43.3768244, 21.8845627 43.3747249, 21.8871664 43.3723702, 21.8896461 43.3701408, 21.8927937 43.3684749, 21.8967896 43.3663207, 21.9000562 43.3645849, 21.9043208 43.3623133, 21.9100402 43.3592435, 21.9140131 43.3571252, 21.9169265 43.355565, 21.919053 43.3544319, 21.924912 43.3513396, 21.9288864 43.3491924, 21.9319646 43.3475967, 21.9354459 43.3457308, 21.938169 43.3441099, 21.9420641 43.3418473, 21.9464213 43.3392706, 21.9504477 43.3369183, 21.9541066 43.3347815, 21.9583267 43.3322945, 21.9621725 43.3300468, 21.9648679 43.3277088, 21.9675326 43.3245366, 21.9704316 43.3215536, 21.9729966 43.3189433, 21.9751544 43.3166888, 21.9745807 43.314663, 21.9736683 43.3116374, 21.9727827 43.3087077, 21.972557493725567 43.307919635087096, 21.970854084278034 43.30196923885573)",Krusevac,Aleksinac,Krusevac-Aleksinac
RS20-400,way/317499556-400,400.0,1787.4764334110816,124099.75,Al/St 240/40 4-bundle 380.0,"LINESTRING (19.73958960000001 42.98960068902937, 19.74062442325919 42.98515117836692, 19.74095 42.9831222, 19.7430094 42.98161, 19.7469321 42.9820123, 19.7494429 42.9848066, 19.7517113 42.9869354, 19.7536 42.9887077, 19.7587269 42.9934859, 19.7609546 42.9945254, 19.7655042 42.9966151, 19.7671085 42.9973788, 19.770553 42.9988457, 19.7742906 43.0004875, 19.7782521 43.0022343, 19.7842036 43.0048142, 19.7858154 43.0046089, 19.7930336 43.003687, 19.797784 43.0030786, 19.8005103 43.0010967, 19.803981 42.9985792, 19.8063221 42.9968544, 19.8100546 42.9941609, 19.8147426 42.9909391, 19.8175929 42.9889106, 19.8197929 42.9873978, 19.8250426 42.9837877, 19.8275738 42.9819801, 19.8313725 42.979318, 19.8365166 42.9757316, 19.8393263 42.9738067, 19.8432897 42.9710369, 19.8476019 42.966869, 19.8491842 42.9653367, 19.8526057 42.9621162, 19.8546172 42.9601973, 19.8578784 42.9570873, 19.8613295 42.9537989, 19.8643063 42.952218, 19.8681431 42.9501892, 19.8704793 42.9489303, 19.8723917 42.947941, 19.8775372 42.9452058, 19.8826052 42.9425404, 19.8862975 42.9406002, 19.8879412 42.9397364, 19.8904984 42.9383895, 19.8928488 42.9371515, 19.8981017 42.9343769, 19.9002388 42.933248, 19.9036027 42.9310836, 19.9055473 42.9298361, 19.9110586 42.9262942, 19.9144185 42.9241347, 19.9176031 42.9220814, 19.9200387 42.9205237, 19.9219293 42.9193111, 19.92688 42.9161246, 19.9291063 42.9146934, 19.930761 42.9136156, 19.9359261 42.9109004, 19.9390535 42.9092689, 19.9438338 42.9067606, 19.9491899 42.9039701, 19.9523279 42.9023351, 19.9562589 42.9002734, 19.9597932 42.8984197, 19.9646606 42.8958667, 19.9667247 42.8947863, 19.9700511 42.8930452, 19.9734295 42.892279, 19.9780198 42.8912925, 19.9837799 42.8901216, 19.9863919 42.8895685, 19.9905749 42.8886423, 19.9957829 42.8875591, 19.9995174 42.8867572, 20.0046656 42.8854776, 20.0076833 42.8847298, 20.0111747 42.8838834, 20.0139419 42.8831859, 20.0190343 42.8819374, 20.0228302 42.8810082, 20.0264885 42.8801041, 20.0314132 42.8789069, 20.0333564 42.8784185, 20.0371669 42.8774475, 20.0394473 42.8756692, 20.0417556 42.8738781, 20.0454717 42.8709626, 20.0471117 42.8696758, 20.0489866 42.8682047, 20.050692 42.8668666, 20.0541802 42.8641081, 20.0559549 42.8627078, 20.0576455 42.8614103, 20.0612431 42.8599617, 20.0638121 42.8589272, 20.067163 42.8575779, 20.0719879 42.8555886, 20.0751187 42.8543097, 20.0796662 42.8510478, 20.08237 42.8490638, 20.0852672 42.8469409, 20.0877498 42.845078, 20.0895202 42.8437695, 20.094664 42.8400798, 20.0973145 42.8381628, 20.0987791 42.8370864, 20.1019716 42.8371432, 20.1052179 42.837181, 20.1083422 42.8372211, 20.1109064 42.8372492, 20.1169328 42.8373655, 20.118844 42.8365846, 20.1239429 42.8345253, 20.1267011 42.8333996, 20.1297551 42.83215, 20.1339015 42.8304792, 20.1388439 42.8284699, 20.1406767 42.827724, 20.1425156 42.8269878, 20.1477958 42.8248173, 20.1525675 42.8228816, 20.1546197 42.8220553, 20.1565084 42.821283, 20.1617044 42.8191793, 20.165693 42.8175686, 20.1696491 42.8159613, 20.1751818 42.8136883, 20.1774044 42.8127756, 20.1824488 42.8107468, 20.1850794 42.8096822, 20.188825 42.8081859, 20.1933028 42.805897, 20.1965711 42.804198, 20.1999881 42.8024565, 20.2036896 42.8005597, 20.2080908 42.798312, 20.2118614 42.7964045, 20.2161939 42.7942062, 20.217764 42.7933958, 20.2207667 42.7919211, 20.2241928 42.7901668, 20.2292225 42.7876312, 20.2318112 42.7863537, 20.2355178 42.7844429, 20.239584 42.7824086, 20.242403 42.7828659, 20.2448641 42.7832843, 20.2487038 42.7839855, 20.2504186 42.7842516, 20.2580523 42.785489, 20.2596951 42.7857575, 20.2628779 42.7844572, 20.2662429 42.7829962, 20.2685574 42.7819988, 20.2711461 42.7809203, 20.2733576 42.7799584, 20.2753018 42.7790319, 20.2771289 42.7780254, 20.2788391 42.7770704, 20.2810521 42.7758121, 20.2818376 42.7710557, 20.2823447 42.7675267, 20.2849787 42.7653249, 20.2919264 42.7648572, 20.2940214 42.7630693, 20.2970548 42.7631786, 20.2988178 42.7631544, 20.3042777 42.7632555, 20.3104709 42.7633182, 20.3116516 42.7633301, 20.3141529 42.7634879, 20.3177341 42.7637237, 20.3237545 42.7609299, 20.3254339 42.7600862, 20.3340598 42.7589834, 20.3423392 42.7579248, 20.3457237 42.7574921, 20.3486593 42.7557538, 20.3529281 42.7532803, 20.3563089 42.7513038, 20.3602084 42.7490239, 20.3646482 42.7486323, 20.3680138 42.7483354, 20.3725101 42.7479388, 20.3771097 42.7475331, 20.3817808 42.7471211, 20.3863735 42.746716, 20.3913796 42.7462744, 20.3968023 42.7457961, 20.4022404 42.7453164, 20.4073312 42.7448673, 20.4121412 42.7454162, 20.4174226 42.7460298, 20.4215294 42.7465277, 20.4260152 42.7470492, 20.4300633 42.7468971, 20.4342744 42.7467257, 20.4387834 42.7465598, 20.4437103 42.7463668, 20.4481722 42.7461807, 20.4525981 42.7460301, 20.4593879 42.7457873, 20.4624664 42.7465485, 20.466016 42.7475113, 20.4703456 42.7486856, 20.4745859 42.7498357, 20.4791711 42.7510793, 20.4836829 42.7523029, 20.4879194 42.7534519, 20.491421 42.7544016, 20.4952368 42.7554364, 20.4997399 42.7551903, 20.5046087 42.7549242, 20.5092292 42.7546717, 20.5136057 42.7544326, 20.5183886 42.7541712, 20.5232216 42.753907, 20.5280165 42.753645, 20.5322273 42.7533914, 20.5376096 42.7530888, 20.5415268 42.7528591, 20.5472961 42.753405, 20.5516585 42.7538591, 20.5558341 42.7542129, 20.56097 42.7546989, 20.5654269 42.7546244, 20.5674937 42.7545618, 20.5714086 42.7557266, 20.5751149 42.7569175, 20.5794705 42.758231, 20.5820756 42.7590753, 20.582345 42.75916, 20.5858114 42.7602289, 20.5863352 42.7601723, 20.59053 42.7597195, 20.5964853 42.7591616, 20.6029111 42.7585221, 20.609258 42.7578815, 20.6147343 42.7573602, 20.6185545 42.7569598, 20.6243151 42.7563558, 20.6266976 42.7561189, 20.6314452 42.7570386, 20.6345942 42.7577909, 20.6400712 42.7589843, 20.6442152 42.7598721, 20.6444042 42.7599125, 20.6458809 42.7602289, 20.6485041 42.7607882, 20.6521833 42.7616178, 20.6598791 42.7632801, 20.6625457 42.7628199, 20.666778 42.7620895, 20.6712441 42.7626856, 20.6766138 42.7634023, 20.6836396 42.76434, 20.6875673 42.7632541, 20.6957007 42.7610053, 20.6986991 42.7601763, 20.70104 42.759529, 20.7093044 42.7572677, 20.7189653 42.7552206, 20.7267285 42.7536329, 20.7363579 42.751561, 20.7408751 42.7515943, 20.7488579 42.7516532, 20.752334 42.7516788, 20.7552616 42.7506373, 20.7628828 42.747926, 20.7660443 42.7468012, 20.7707948 42.7451111, 20.7776634 42.7426673, 20.7815693 42.7382049, 20.7859774 42.7329677, 20.7886795 42.7319632, 20.7943836 42.7299166, 20.7970081 42.7289708, 20.8000227 42.7279012, 20.8038067 42.7265051, 20.8082425 42.7249297, 20.8105729 42.7241219, 20.8135875 42.7230442, 20.8177581 42.7215267, 20.8217064 42.7200899, 20.8250719 42.7192976, 20.8304398 42.718034, 20.8340733 42.7171786, 20.8389714 42.7160255, 20.8422823 42.715246, 20.8471223 42.7141065, 20.8527968 42.7127706, 20.8579411 42.7101985, 20.8623664 42.7079404, 20.8698047 42.7041839, 20.8730019 42.7025817, 20.8758911 42.7009924, 20.8788219 42.6993802, 20.8831416 42.6970039, 20.8858856 42.6955048, 20.8897035 42.693419, 20.8932036 42.6915067, 20.8999373 42.6919135, 20.9105065 42.6925521, 20.9184485 42.6928907, 20.9247222 42.6931582, 20.9300101 42.6933836, 20.933743 42.6935178, 20.9366183 42.6936212, 20.9425161 42.6938333, 20.9453862 42.6939365, 20.9497416 42.6940931, 20.9534314 42.6942258, 20.9613787 42.6957012, 20.9676081 42.6968651, 20.974953 42.6982728, 20.9795235 42.7001993, 20.982538 42.7014769, 20.9857323 42.7028633, 20.9883672 42.7040366, 20.9893413 42.7044703, 20.9961232 42.7082875, 21.0008922 42.7089537, 21.0036924 42.7093242, 21.0079786 42.7099036, 21.011326 42.7103333, 21.0157731 42.7065136, 21.0202524 42.7041208, 21.0240343 42.7020709, 21.026518 42.7020393, 21.0298097 42.7019533, 21.0314962 42.7019092, 21.0340658 42.7018816, 21.0354225 42.701894, 21.0355197 42.7018949, 21.038368 42.7019211, 21.0429012 42.7019014, 21.0467419 42.7018698, 21.0511621 42.7018146, 21.0543918 42.7016884, 21.05797487830556 42.702142143695184, 21.06662440521797 42.700110252727924)",Sjenica,Medveda,Medveda-Sjenica
way/236110952-400,way/144936638-400,400.0,1787.4764334110816,92361.5,Al/St 240/40 4-bundle 380.0,"LINESTRING (19.845607353226224 45.33985883927314, 19.85337693431714 45.33770189580264, 19.8552121 45.3372954, 19.8592535 45.3364202, 19.8632183 45.3355414, 19.867724 45.3345478, 19.8726584 45.333486, 19.8775519 45.3323883, 19.8815014 45.3322484, 19.8859918 45.3320691, 19.8903852 45.3319076, 19.8946817 45.3317641, 19.8987384 45.3316135, 19.9028869 45.3314521, 19.9062292 45.3313552, 19.9102247 45.3311938, 19.9153529 45.331018, 19.9198688 45.3308996, 19.9243184 45.3307525, 19.9293446 45.3306019, 19.9338605 45.3304548, 19.9375906 45.3303472, 19.9418208 45.3302144, 19.9463316 45.3300781, 19.9502964 45.3299669, 19.9543684 45.3298414, 19.9588792 45.3296979, 19.9637268 45.3295185, 19.968207 45.3286288, 19.9731821 45.3276136, 19.9775858 45.3267203, 19.9814996 45.3259561, 19.9855409 45.3250915, 19.9900313 45.3241982, 19.9940319 45.3233802, 19.9980069 45.3225909, 20.0022422 45.3217262, 20.0067071 45.3208364, 20.0111005 45.3199394, 20.0138917 45.3174744, 20.0166268 45.3151134, 20.0191883 45.3128599, 20.021704 45.3106925, 20.0243523 45.308385, 20.0272864 45.3058118, 20.0305215 45.3029694, 20.0335168 45.3003852, 20.0358743 45.2983178, 20.0386706 45.295859, 20.0418393 45.2930915, 20.0447326 45.2905463, 20.0474166 45.2882093, 20.0500496 45.2858758, 20.0528051 45.2834811, 20.055433 45.2811869, 20.058006 45.2789353, 20.0571267 45.275616, 20.0563667 45.2726785, 20.055724 45.2702498, 20.0547851 45.2668274, 20.0539735 45.2636314, 20.0536285 45.2624179, 20.0552409 45.2614517, 20.0583893 45.2595373, 20.0612162 45.2577989, 20.0643085 45.2559167, 20.0670895 45.2542069, 20.0701511 45.2523317, 20.0737893 45.2500722, 20.0774123 45.2478341, 20.0814536 45.2453767, 20.0850613 45.2431636, 20.088822 45.2408497, 20.0919295 45.2389059, 20.0951494 45.2369476, 20.0987774 45.2347054, 20.1022013 45.2327937, 20.1059722 45.2307059, 20.1106668 45.2280968, 20.1148459 45.2257501, 20.118377 45.2237877, 20.121954 45.2217607, 20.1256994 45.2196796, 20.129506 45.2175553, 20.1334096 45.2153627, 20.1373336 45.2131771, 20.1413291 45.2109268, 20.1447836 45.2090107, 20.1458807 45.2064546, 20.1470798 45.2036754, 20.1483606 45.2007236, 20.1497588 45.1974408, 20.1510345 45.1945066, 20.1524485 45.1912347, 20.1538461 45.1879826, 20.1550007 45.1853074, 20.1562309 45.182738, 20.1590198 45.1764366, 20.1601411 45.1739229, 20.1601288 45.1713711, 20.1607369 45.1690174, 20.1611578 45.1674561, 20.1617139 45.1651176, 20.16225 45.1630333, 20.1629264 45.1600587, 20.1638583 45.1563774, 20.164695 45.1531622, 20.1675358 45.1508407, 20.1706121 45.1483107, 20.1737185 45.1457594, 20.1767046 45.1433069, 20.1791446 45.1413138, 20.1816747 45.139211, 20.1813841 45.1361114, 20.1810435 45.1326017, 20.1806727 45.1286358, 20.180327 45.1252034, 20.1799763 45.1216647, 20.1796456 45.1182177, 20.1761735 45.1167328, 20.172516 45.1151206, 20.1677763 45.1129956, 20.1647501 45.1116874, 20.1615324 45.1101853, 20.1584421 45.1088144, 20.1549669 45.1072932, 20.1537183 45.1036411, 20.1525478 45.1003151, 20.1514013 45.0970651, 20.1502247 45.0937471, 20.1489522 45.0900942, 20.1477336 45.0866063, 20.1467192 45.0837031, 20.1456207 45.0806175, 20.1443061 45.0768832, 20.1431956 45.0736447, 20.141923 45.070068, 20.1411003 45.0677972, 20.1411604 45.0649185, 20.1412024 45.0624128, 20.1412204 45.0598348, 20.1412504 45.0566207, 20.1413404 45.0529485, 20.1413825 45.0495347, 20.1414305 45.0460952, 20.1414545 45.0429355, 20.1414965 45.0405433, 20.1415565 45.0376886, 20.1416046 45.0348848, 20.1416226 45.0321571, 20.1416556 45.0287738, 20.1417104 45.0251544, 20.1417403 45.0219864, 20.1417658 45.0190221, 20.1418123 45.0160261, 20.1389274 45.0134959, 20.1359657 45.0107237, 20.1326776 45.0079597, 20.1295908 45.0052317, 20.1266642 45.002645, 20.1242391 45.0005224, 20.1212562 44.9978493, 20.1182206 44.9952303, 20.1166212 44.9937708, 20.1163403 44.9905997, 20.1160042 44.9870803, 20.115698 44.9837177, 20.1153619 44.9802531, 20.1150437 44.9766736, 20.1147076 44.9731618, 20.1143954 44.9696158, 20.1140473 44.9660654, 20.1137592 44.9628248, 20.113429 44.9593546, 20.1130749 44.9555147, 20.1127807 44.9522353, 20.1124446 44.9487007, 20.1121384 44.9455314, 20.1118443 44.9423406, 20.1115442 44.9390137, 20.111232 44.9356313, 20.1109319 44.932321, 20.1105717 44.928577, 20.1102356 44.9247733, 20.1098814 44.9212073, 20.1095633 44.9177006, 20.1092211 44.9141512, 20.108945 44.910997, 20.1086329 44.9074004, 20.1083507 44.9044584, 20.1080806 44.9015799, 20.1077805 44.8980253, 20.1074923 44.8951465, 20.1071922 44.8916468, 20.1069341 44.8889676, 20.106646 44.885931, 20.1064839 44.8840299, 20.1074623 44.8817162, 20.1086148 44.8788664, 20.1100435 44.8754039, 20.1102236 44.8724092, 20.1104097 44.869427, 20.1105597 44.8666362, 20.1064719 44.8639856, 20.1058116 44.8604967, 20.1053134 44.8578629, 20.1048812 44.8555311, 20.1042989 44.8525098, 20.1039027 44.8504884, 20.1034045 44.847786, 20.1027742 44.8444238, 20.1021799 44.8411721, 20.1014836 44.8377159, 20.1010034 44.8350299, 20.1004558 44.832115, 20.099972 44.8296888, 20.0993232 44.8262178, 20.0981227 44.82566, 20.0974821 44.8233525, 20.0968639 44.8210363, 20.0958914 44.8174128, 20.0949782 44.8140641, 20.0940953 44.8109053, 20.0931021 44.8072014, 20.0923041 44.804214, 20.0914849 44.8012957, 20.0907463 44.798579, 20.0899823 44.7957899, 20.0891692 44.7927841, 20.0884248 44.7897979, 20.0876073 44.7871003, 20.0884897 44.7844205, 20.0893421 44.7817193, 20.0902005 44.7791415, 20.0909928 44.7765764, 20.0920913 44.7731504, 20.0930938 44.7700438, 20.0939582 44.7673206, 20.0948406 44.7646058, 20.095765 44.761584, 20.0946185 44.7581401, 20.093622 44.7551861, 20.0925295 44.7519251, 20.0915511 44.7490476, 20.0905846 44.7462211, 20.0895282 44.7430235, 20.0910949 44.7401498, 20.0926436 44.7373783, 20.0943483 44.7342698, 20.0960831 44.731127, 20.0974937 44.7285427, 20.0991145 44.7256171, 20.1007892 44.7225335, 20.102554 44.7193773, 20.1043188 44.71611, 20.1063417 44.7128766, 20.1081125 44.7100228, 20.1094091 44.7079196, 20.1119243 44.7050954, 20.1159761 44.7005942, 20.1175728 44.698768, 20.1167144 44.6967498, 20.115718 44.6941213, 20.1145054 44.6910275, 20.1134883508656 44.68844088935145, 20.10961403562086 44.68369742803834)",Belgrade,Ruma,Belgrade-Ruma2
way/317499556-400,way/152481174-400,400.0,1787.4764334110816,124782.97,Al/St 240/40 4-bundle 380.0,"LINESTRING (21.06662440521797 42.700110252727924, 21.070482686189255 42.70665637203947, 21.0709028 42.70716, 21.0724907 42.7090876, 21.0717021 42.7116695, 21.0708062 42.7146374, 21.0696759 42.7182329, 21.0687358 42.7214046, 21.0679526 42.7239701, 21.0671064 42.7266154, 21.0691771 42.7294762, 21.0715756 42.732837, 21.0717305 42.7330541, 21.0728608 42.7344322, 21.077111 42.7363796, 21.0806017 42.7378838, 21.0838632 42.7393455, 21.0867241 42.7405718, 21.0902592 42.7421358, 21.0945491 42.7440141, 21.099876 42.7463778, 21.1037974 42.7480717, 21.1065885 42.7508932, 21.1095068 42.7538672, 21.1118923 42.7562965, 21.1155203 42.7599762, 21.1183564 42.7628858, 21.1203788 42.764918, 21.1211835 42.7682457, 21.1222188 42.7727152, 21.1229645 42.7757709, 21.1237369 42.7791177, 21.1246543 42.7830589, 21.1285809 42.7899407, 21.1309413 42.7942157, 21.1332807 42.7984728, 21.1387524 42.8083871, 21.1404256 42.8114508, 21.142464 42.8150161, 21.1437306 42.8170722, 21.1462733 42.8206804, 21.1497865 42.8253488, 21.1519703 42.8282621, 21.1545447 42.8333784, 21.1561707 42.8364684, 21.1574581 42.8391118, 21.1597487 42.8435644, 21.1597863 42.8511512, 21.1598882 42.8598853, 21.1598826 42.8639078, 21.1585144 42.8691941, 21.1575917 42.8730509, 21.1557034 42.8808543, 21.1547652 42.8846141, 21.155403 42.888405, 21.1558542 42.8917517, 21.1565993 42.8962103, 21.1575756 42.9024605, 21.1581711 42.9060029, 21.1583325 42.909934, 21.15845 42.9131184, 21.15859 42.9176501, 21.158686 42.9202331, 21.1588261 42.9237901, 21.1589763 42.9276867, 21.1590884 42.9317068, 21.1591586 42.9333741, 21.1623499 42.9365808, 21.1653331 42.9394222, 21.1706701 42.9444232, 21.173068 42.9467321, 21.1761853 42.9497222, 21.1766252 42.9530754, 21.1768929 42.955543, 21.1772255 42.9583069, 21.1775688 42.9612278, 21.1779228 42.9645057, 21.1783305 42.967752, 21.178647 42.9704762, 21.1788884 42.9725211, 21.1849937 42.9807494, 21.1904064 42.9841166, 21.1944989 42.9866222, 21.1977497 42.988596, 21.2002286 42.9900067, 21.2043324 42.9922904, 21.2098417 42.9954528, 21.2152275 42.998572, 21.2175841 42.9998481, 21.2206617 43.0015145, 21.2242982 43.0043999, 21.228622 43.007805, 21.2312778 43.0099309, 21.2357019 43.0134721, 21.2377434 43.0151062, 21.2393604 43.0164004, 21.2412196 43.0178672, 21.2436692 43.0197997, 21.247062 43.0224761, 21.2489696 43.023981, 21.2510023 43.0255844, 21.2556784 43.0291898, 21.2576252 43.0306908, 21.2600199 43.0325371, 21.2612382 43.0347545, 21.2636575 43.0385421, 21.26625 43.0423536, 21.2675455 43.0436756, 21.2711893 43.0473133, 21.2730127 43.049088, 21.2753202 43.0513614, 21.2778422 43.0538259, 21.2792599 43.0552101, 21.279289 43.0577858, 21.2797701 43.061311, 21.2803184 43.0667863, 21.2804949 43.0701878, 21.2805457 43.0707982, 21.2807017 43.0726705, 21.2810447 43.0766329, 21.2815628 43.0796552, 21.2814978 43.0818802, 21.2815484 43.0863961, 21.2815969 43.0907317, 21.281239 43.0923144, 21.280808 43.0942202, 21.2799162 43.0982465, 21.2803675 43.1032174, 21.2805796 43.1068104, 21.2810745 43.1124118, 21.2813384 43.1156593, 21.2835733 43.1174693, 21.2861236 43.1195889, 21.2877223 43.1201684, 21.2910502 43.1213909, 21.2964542 43.1232304, 21.2986991 43.1247538, 21.3013869 43.1269989, 21.3046208 43.1293768, 21.3068414 43.1310018, 21.3091955 43.13268, 21.313772 43.1359915, 21.317115 43.1384266, 21.3184863 43.1431194, 21.3201123 43.1486972, 21.3207312 43.1529997, 21.3214168 43.156669, 21.3220478 43.1599353, 21.3224603 43.1620419, 21.3233098 43.1666488, 21.323868 43.16918, 21.3242711 43.1716898, 21.3248126 43.1745741, 21.3252298 43.1768769, 21.3257809 43.1785172, 21.3274232 43.1834052, 21.3281451 43.1855539, 21.3296676 43.1900849, 21.330752 43.193312, 21.331728 43.1962164, 21.332759 43.1992842, 21.3320014 43.20376, 21.3316442 43.2058702, 21.3308883 43.2103357, 21.3304525 43.2129099, 21.3299447 43.215909, 21.3313283 43.2173131, 21.333255 43.2192681, 21.3349282 43.2209658, 21.3374886 43.2235638, 21.3396427 43.2257493, 21.3419247 43.2280646, 21.3454294 43.2294717, 21.3492918 43.2309986, 21.3565659 43.2339377, 21.3605642 43.2355219, 21.3644695 43.2370591, 21.3676309 43.2383097, 21.3719227 43.2400261, 21.3757676 43.2415747, 21.3803867 43.2433288, 21.3847827 43.2451355, 21.3890213 43.2468321, 21.3932008 43.2484857, 21.3964486 43.2497617, 21.4004837 43.2505312, 21.4046764 43.2512576, 21.4090754 43.252129, 21.4135566 43.2529279, 21.4169525 43.2535562, 21.4225492 43.2545358, 21.4263875 43.2553099, 21.4313412 43.2566814, 21.4365574 43.2580624, 21.4399443 43.2590116, 21.4449797 43.2603981, 21.449478 43.2617039, 21.4528242 43.2615605, 21.4588015 43.2613598, 21.4622643 43.2612594, 21.4667406 43.2611257, 21.4719329 43.2610019, 21.4759067 43.2608534, 21.4801583 43.260753, 21.4862997 43.2606145, 21.4906104 43.2603899, 21.4961809 43.2601414, 21.5009771 43.2600124, 21.5051763 43.2598213, 21.5110671 43.2597643, 21.5160902 43.2598088, 21.5212948 43.259719, 21.5258614 43.2596352, 21.5303345 43.2597376, 21.5349909 43.2596708, 21.5409795 43.259653, 21.544536 43.2595774, 21.5530606 43.2595507, 21.558032 43.259458, 21.5653661 43.2592944, 21.5698583 43.2592613, 21.5741837 43.2592503, 21.5766306 43.2592558, 21.5809182 43.2592006, 21.5880919 43.2591454, 21.5902059 43.2595634, 21.5957929 43.2604885, 21.600535 43.2613546, 21.6074967 43.2625351, 21.6101253 43.2629875, 21.6134584 43.2635226, 21.6162916 43.2640466, 21.6203595 43.2647031, 21.6235865 43.2650175, 21.6276772 43.265365, 21.6312603 43.2657015, 21.6366236 43.266198, 21.6404776 43.2665645, 21.64593 43.2670805, 21.6473072 43.2672084, 21.6491389 43.2674211, 21.6540575 43.2677896, 21.6558537 43.26701, 21.6603593 43.2649817, 21.6642966 43.2631971, 21.6682187 43.2614568, 21.6720545 43.2597127, 21.679711 43.2562651, 21.6830851 43.2547574, 21.6868753 43.253028, 21.6905437 43.2513761, 21.697779 43.2481498, 21.705953 43.2444465, 21.7096293 43.2428029, 21.7133982 43.2410997, 21.7174167 43.2392922, 21.7208213 43.2377582, 21.724236 43.2376473, 21.7288786 43.2374958, 21.7337749 43.2373331, 21.7386864 43.2371779, 21.7432681 43.2370152, 21.7490421 43.2368378, 21.7542936 43.2366456, 21.7582968 43.2365014, 21.7633352 43.236361, 21.7679879 43.2361872, 21.7718644 43.2360505, 21.7760249 43.2359248, 21.7809212 43.2357547, 21.785853 43.235581, 21.7890292 43.2345718, 21.7929158 43.2333409, 21.7965487 43.232206, 21.8004251 43.2309676, 21.80454 43.2296478, 21.8085179 43.2284056, 21.812577 43.2271117, 21.8172044 43.2256772, 21.8212584 43.2243795, 21.8249471 43.2232075, 21.8314816 43.2211265, 21.8330422 43.2208939, 21.8357613 43.220483, 21.841989 43.2205093, 21.844339 43.2205982, 21.8484807 43.2215538, 21.8509091 43.2220753, 21.8530872 43.2226325, 21.8575581 43.2237078, 21.8625614 43.2248712, 21.8704921 43.2267336, 21.8751053 43.2292175, 21.8767305 43.2300827, 21.8825356 43.2331966, 21.886293 43.2351568, 21.8899411 43.2371603, 21.896598 43.2407199, 21.8990792 43.2420172, 21.9038334 43.2445342, 21.9060963 43.2457724, 21.9106628 43.2481932, 21.9155337 43.2520292, 21.9190915 43.2550417, 21.9215139 43.2569485, 21.929411 43.2604375, 21.9315231 43.2614069, 21.9354828 43.263096, 21.9373073 43.2639828, 21.9396166 43.2649274, 21.9444466 43.2670906, 21.9506258 43.2697962, 21.9558472 43.2743959, 21.9580656 43.2763032, 21.9608396 43.2789174, 21.9633113 43.2811146, 21.9653958 43.2830645, 21.9692252 43.2865008, 21.9699254 43.2921993, 21.9701428 43.2938748, 21.9703656 43.2953263, 21.970477383021084 43.2961545371809, 21.971151297861017 43.30212750627423)",Medveda,Nis,Nis-Medveda
way/239947121-400,way/174921474-400,400.0,1787.4764334110816,56112.91,Al/St 240/40 4-bundle 380.0,"LINESTRING (20.963342129389783 44.59671893765847, 20.95637883830681 44.594624563937735, 20.9544264 44.5948668, 20.9508077 44.5927622, 20.9478369 44.5910265, 20.944976 44.5893683, 20.9421363 44.5877189, 20.9386107 44.585652, 20.9375866 44.5833678, 20.9365822 44.5811384, 20.9353623 44.5783794, 20.9337572 44.5747897, 20.9329048 44.5723092, 20.9322228 44.5703301, 20.9313683 44.5678521, 20.9304074 44.5650566, 20.9295988 44.5627003, 20.928626 44.5598481, 20.9299667 44.5588147, 20.933779 44.5591449, 20.9391857 44.5597748, 20.9443766 44.560346, 20.9478019 44.5600754, 20.9488736 44.5599908, 20.9527693 44.5596869, 20.9576518 44.5593317, 20.9630221 44.5588864, 20.9687131 44.5584307, 20.9728661 44.558129, 20.9769533 44.5578509, 20.9809708 44.5575524, 20.9851995 44.5572084, 20.9897826 44.5561329, 20.9946894 44.5549854, 20.9992993 44.5539134, 21.0033395 44.5529713, 21.0077956 44.5519155, 21.0121662 44.5509247, 21.016929 44.5497936, 21.0216917 44.5486625, 21.0251791 44.5496981, 21.028809 44.5507052, 21.0330258 44.5518544, 21.0358693 44.5526625, 21.0395789 44.5537304, 21.0443142 44.5550501, 21.0481435 44.5561464, 21.053027 44.5574742, 21.057808 44.55881, 21.0623268 44.560089, 21.0667487 44.5613192, 21.0713302 44.5599834, 21.0759857 44.5585745, 21.0806185 44.5571981, 21.0855419 44.5557241, 21.0905337 44.5542583, 21.0951493 44.5553587, 21.0997878 44.5565403, 21.1046257 44.5577381, 21.1091901 44.5588872, 21.113236 44.5598129, 21.1171735 44.5608361, 21.1209971 44.5618145, 21.125949 44.5630488, 21.131579 44.5644048, 21.1369184 44.5657689, 21.1416708 44.5669462, 21.1470729 44.5682778, 21.1516517 44.5694217, 21.1542876 44.5713422, 21.1572878 44.5735442, 21.1603877 44.5757889, 21.1634078 44.577997, 21.1665191 44.5802943, 21.1694082 44.5824007, 21.172132 44.5843772, 21.1754957 44.5868616, 21.1788019 44.5892638, 21.1825247 44.5903792, 21.1844203 44.5909691, 21.1870216 44.5917918, 21.1916994 44.5931125, 21.1961712 44.5943451, 21.2009829 44.5957098, 21.2026109 44.5958932, 21.2065136 44.5963337, 21.2103386 44.5967591, 21.2145207 44.5972208, 21.2184768 44.5976618, 21.2220978 44.5980561, 21.227992 44.5987512, 21.2321448 44.5990832, 21.2387311 44.5997991, 21.2429641 44.6002972, 21.2468401 44.6007122, 21.251503 44.6000326, 21.2562241 44.5993634, 21.2610696 44.598614, 21.2654491 44.5979583, 21.2705077 44.5972287, 21.2748368 44.5966099, 21.2767144 44.5963311, 21.2818213 44.5956282, 21.2861611 44.5949788, 21.2906294 44.5943409, 21.295157 44.593703, 21.3000493 44.5930077, 21.3035684 44.594658, 21.3034557 44.596247, 21.3026564 44.5991195, 21.3017391 44.6023432, 21.3008486 44.60554, 21.2999098 44.608897, 21.2989121 44.6124333, 21.2979786 44.615851, 21.2970219 44.6190343, 21.296012 44.6225351, 21.2950866 44.625782, 21.2929921 44.6290537, 21.2911412 44.6320513, 21.2891945 44.6351248, 21.2871119 44.6384043, 21.2850768 44.6416423, 21.2831365 44.6447879, 21.2811253 44.6478261, 21.2792653 44.6507851, 21.2778996 44.6528441, 21.2767969 44.6546891, 21.2748924 44.6577463, 21.2731383 44.6605269, 21.2713428 44.6633127, 21.2695916 44.666075, 21.2676433 44.669154, 21.2655565 44.6724358, 21.2637726 44.6754278, 21.2617877 44.678299, 21.2598366 44.6814113, 21.2555312 44.6823601, 21.2505734 44.6836791, 21.246298 44.6846924, 21.2439331 44.6873828, 21.2421696 44.6893018, 21.2397943 44.6920139, 21.2374311 44.6945378, 21.234759 44.6964493, 21.2316893 44.698665, 21.2285686 44.6981043, 21.2254824 44.6975762, 21.2244815 44.6961773, 21.2204316 44.6957632, 21.2178188 44.6957624, 21.2147237 44.6958093, 21.2131762 44.6975959, 21.2111878 44.6999111, 21.2088493 44.7021604, 21.2087192 44.703999, 21.2085296 44.7063592, 21.2087455 44.709565, 21.2089339 44.7109903, 21.2080138 44.7137908, 21.2073776 44.7158223, 21.2066285 44.7184589, 21.20521587645861 44.72411886779588, 21.207236357879328 44.7294150945953)",Mladenovac,Pozarevac,Pozarevac-Mladenovac
RS22-220,way/317499556-220,220.0,491.5560191880474,31574.29,Al/St 240/40 2-bundle 220.0,"LINESTRING (21.066332957334065 42.699949140704895, 21.078202719665587 42.70302744640675, 21.0788474 42.7031392, 21.0828278 42.7041603, 21.0871408 42.7052562, 21.0909817 42.7062377, 21.0944305 42.7071205, 21.0985777 42.708189, 21.1020592 42.7090286, 21.1041835 42.7095726, 21.1061743 42.7093301, 21.1113504 42.7087132, 21.1133985 42.7084766, 21.1160711 42.7087684, 21.1212751 42.7092552, 21.1239928 42.7103975, 21.1263815 42.711772, 21.1283932 42.7148504, 21.1303995 42.717901, 21.132218 42.7206322, 21.1320898 42.7239012, 21.1319925 42.7261471, 21.1319015 42.7273849, 21.1317356 42.7293058, 21.1316664 42.7307523, 21.1316171 42.7333271, 21.1314401 42.7365698, 21.1313275 42.7396194, 21.1311716 42.7424796, 21.1310753 42.745458, 21.1308929 42.7491492, 21.1307267 42.7522887, 21.1305925 42.7552902, 21.1305872 42.7585673, 21.1296055 42.7768557, 21.1294558 42.7808778, 21.1291871 42.7865491, 21.1376897 42.7994844, 21.1391815 42.8016157, 21.1414668 42.8050281, 21.1434891 42.8080624, 21.1460533 42.811864, 21.1485207 42.8155698, 21.149111 42.8164563, 21.1507252 42.8189058, 21.1539927 42.8237711, 21.1556336 42.8261966, 21.1586812 42.8307151, 21.1630473 42.8394776, 21.1641421 42.8436097, 21.1667868 42.8545943, 21.1675534 42.8576282, 21.1681333 42.8605557, 21.1693451 42.865111, 21.1691957 42.8658923, 21.1687926 42.8680009, 21.1683318 42.8704011, 21.1663893 42.8803255, 21.1650321 42.8874047, 21.1641577 42.89196, 21.1635145 42.89533, 21.1628702 42.8986448, 21.1621997 42.9020833, 21.1638734 42.9050775, 21.165869 42.9086374, 21.1677417 42.9121873, 21.1702731 42.9166758, 21.1725214 42.920131, 21.1745164 42.9234287, 21.1765978 42.9266458, 21.1786041 42.9298588, 21.1789693 42.9304409, 21.1806163 42.9330658, 21.181249274463386 42.93405932298013, 21.183861200000003 42.9381143889858)",Blace,Kursumlija,Kursumlija-Blace
way/196695540-220,way/317499556-220,220.0,491.5560191880474,15259.24,Al/St 240/40 2-bundle 220.0,"LINESTRING (20.900602204610045 42.66546310107873, 20.907442048646125 42.66703913639467, 20.9107356 42.667572, 20.9137356 42.66804, 20.9176848 42.668676, 20.9339617 42.6751995, 20.9413198 42.6778439, 20.9466684 42.6797482, 20.9530263 42.6820108, 20.9586895 42.6840261, 20.963507 42.6857254, 20.9709455 42.6896991, 20.9728324 42.6906981, 20.9770189 42.6930706, 20.9796945 42.6945868, 20.9812053 42.6971107, 20.9822974 42.6996479, 20.9848043 42.700559, 20.9892029 42.702213, 20.9927326 42.7035768, 20.9977162 42.7054257, 21.0014498 42.7068369, 21.0038209 42.7077514, 21.0060203 42.7073809, 21.0088098 42.7069355, 21.0132894 42.7061845, 21.0159177 42.704862, 21.019764 42.7029894, 21.0235727 42.7010816, 21.0255279 42.7010646, 21.0279018 42.7010106, 21.0314155 42.7009081, 21.0355032 42.7008293, 21.040197 42.7006637, 21.0446924 42.700577, 21.0488284 42.700506, 21.0521811 42.7004114, 21.0558826 42.7004863, 21.057634086997826 42.700030163964136, 21.066332957334065 42.699949140704895)",Tutin,Kursumlija,Kursumlija-Tutin2
way/419803318-220,way/411530745-220,220.0,491.5560191880474,47864.01,Al/St 240/40 2-bundle 220.0,"LINESTRING (20.739407328067802 43.6799222592969, 20.74222376454142 43.67469911599742, 20.7423589 43.6710306, 20.7424984 43.668136, 20.7443169 43.6653188, 20.7496384 43.6649637, 20.7532605 43.6647198, 20.7559767 43.664546, 20.7630846 43.664156, 20.768516 43.6637195, 20.772652 43.6635138, 20.7804706 43.6630306, 20.7846227 43.6627784, 20.7901403 43.6624372, 20.7955552 43.6621023, 20.8025908 43.6616666, 20.8064693 43.6614609, 20.8117264 43.6610806, 20.8156371 43.6608128, 20.8204543 43.6605644, 20.8248049 43.6588141, 20.8277767 43.6575955, 20.8318805 43.6560198, 20.8373898 43.6537493, 20.8407962 43.6524218, 20.8456993 43.6504423, 20.8496153 43.648847, 20.8534723 43.647306, 20.8587241 43.6452137, 20.8637613 43.6431835, 20.8670917 43.6418584, 20.8706842 43.6403493, 20.873636 43.6392021, 20.8765469 43.6384715, 20.8809167 43.6372321, 20.8891457 43.6350036, 20.8937752 43.6337806, 20.8976054 43.6327439, 20.9020805 43.6315307, 20.9052389 43.6306744, 20.9073257 43.6301464, 20.9123844 43.6286049, 20.9168583 43.6271643, 20.9212893 43.625747, 20.9260743 43.6242054, 20.9306556 43.6227336, 20.9381389 43.6203298, 20.9412556 43.6193318, 20.9455438 43.6179562, 20.9481006 43.6170987, 20.9515768 43.615118, 20.9547418 43.6133043, 20.9609117 43.6097516, 20.963223 43.6083909, 20.9707594 43.6056521, 20.9772399 43.6032735, 20.981804 43.6015866, 20.9885833 43.5991205, 20.9919839 43.5983414, 20.99616 43.597347, 21.0036879 43.595663, 21.0064437 43.5950446, 21.0129976 43.5935369, 21.0172946 43.5925767, 21.0200209 43.591924, 21.0253158 43.5908161, 21.0280526 43.5902243, 21.0338832 43.5888618, 21.0389633 43.5877195, 21.0441292 43.5865149, 21.0490862 43.5853568, 21.054284 43.5842107, 21.0599009 43.5829515, 21.0643852 43.5819219, 21.0678338 43.5811336, 21.0716272 43.5802665, 21.0771743 43.5789684, 21.080667 43.5782608, 21.0860818 43.5770143, 21.090544 43.5757886, 21.0942609 43.5747564, 21.0979496 43.5737379, 21.1020332 43.5725795, 21.1072836 43.571111, 21.1117669 43.5698818, 21.1163772 43.5685997, 21.1209684 43.5673346, 21.1251575 43.5671221, 21.1306325 43.5668822, 21.1372135 43.566582, 21.1412207 43.5663943, 21.1461884 43.5662075, 21.1508313 43.566026, 21.1559829 43.5659441, 21.1619845 43.5657833, 21.1674164 43.565627, 21.1725898 43.565498, 21.1767 43.5653945, 21.1830301 43.5658089, 21.1878968 43.5662997, 21.1930454 43.5667612, 21.1984042 43.5672626, 21.2038389 43.5676742, 21.2100128 43.5682654, 21.2153698 43.5687683, 21.2184821 43.5690792, 21.2217264 43.5694224, 21.2255834 43.5699121, 21.23183 43.5706554, 21.2368136 43.5712151, 21.2393378 43.5715445, 21.2469714 43.572419, 21.2522124 43.573033, 21.2590681 43.573822, 21.2622385 43.5741795, 21.266412 43.5761577, 21.2697648 43.5777433, 21.2732755 43.5794192, 21.27637490176168 43.58090417966, 21.28247565180948 43.585031263727224)",Aleksandrovac,Krusevac,Krusevac-Aleksandrovac
way/52456886-400,RS4-400,400.0,3574.952866822164,130689.42,Al/St 240/40 4-bundle 380.0,"LINESTRING (20.69914702538835 44.868700822881486, 20.705604732720875 44.86477267507447, 20.709312 44.8632388, 20.7138625 44.8633041, 20.7189199 44.8633767, 20.7236017 44.8634439, 20.727634 44.8635018, 20.7319596 44.8635639, 20.736529 44.8636295, 20.740924 44.8636926, 20.7450996 44.8637525, 20.7469921 44.8657585, 20.7495763 44.8684977, 20.7522328 44.8713133, 20.7547873 44.8740207, 20.7570322 44.8764, 20.7594621 44.8789751, 20.7620452 44.8817124, 20.764596 44.8844154, 20.7667391 44.8866863, 20.7694423 44.8895505, 20.7715253 44.8917575, 20.7747547 44.8947079, 20.7772155 44.8969561, 20.7800404 44.8995367, 20.7830985 44.9023303, 20.7860722 44.9050467, 20.7890347 44.9077526, 20.7917752 44.9102558, 20.7947926 44.9130116, 20.7978689 44.9158212, 20.8006682 44.9183776, 20.803263 44.9207472, 20.8059997 44.9232462, 20.8087841 44.9257887, 20.8116228 44.9283807, 20.8144869 44.9309957, 20.8173882 44.9336446, 20.8203127 44.9363146, 20.8229976 44.9387657, 20.8254668 44.9410197, 20.8283905 44.9436886, 20.831376 44.9464138, 20.834331 44.9491109, 20.8370248 44.9515696, 20.8399242 44.9542158, 20.8430733 44.9570898, 20.8459072 44.959676, 20.8488743 44.9623836, 20.8516629 44.9649283, 20.8545489 44.9675615, 20.8573506 44.9701179, 20.860286 44.9727961, 20.8631401 44.9754, 20.8657532 44.9777839, 20.8684739 44.9802659, 20.871334 44.982875, 20.8736313 44.9849705, 20.8760323 44.9871606, 20.878663 44.98956, 20.8815276 44.9921727, 20.8842851 44.9946877, 20.8868637 44.9970393, 20.8897987 44.9997159, 20.8927747 45.0024297, 20.8958224 45.0052088, 20.8984115 45.0075696, 20.9003927 45.0108698, 20.9027734 45.0134365, 20.9045501 45.0153638, 20.9062284 45.0171612, 20.9084505 45.0205385, 20.9100929 45.0230346, 20.9117788 45.0255967, 20.9139713 45.0289286, 20.9161273 45.0322046, 20.9179144 45.0349201, 20.9195266 45.0373697, 20.9235296 45.0390693, 20.9278892 45.0409203, 20.9321374 45.0427239, 20.9356494 45.0442149, 20.9385515 45.0441216, 20.9429116 45.0439814, 20.9476733 45.0438282, 20.9514672 45.0437062, 20.9559047 45.0435635, 20.9598764 45.0434358, 20.964077 45.0433007, 20.9681592 45.0431694, 20.972144 45.0430413, 20.9763767 45.0429051, 20.9798697 45.0427928, 20.9847525 45.0426358, 20.9884018 45.0425184, 20.9926755 45.042381, 20.9971931 45.0422357, 21.0017009 45.0420907, 21.0061088 45.041949, 21.0106632 45.0418025, 21.0152182 45.041656, 21.0197177 45.0415113, 21.0241822 45.0413677, 21.0284201 45.0412314, 21.0330575 45.0410823, 21.0370356 45.0409543, 21.0414053 45.0408138, 21.0458332 45.0406714, 21.050109 45.0405339, 21.0542433 45.0404009, 21.0587137 45.0402571, 21.0631844 45.0401134, 21.0678447 45.0399635, 21.0723005 45.0398202, 21.0763401 45.0396902, 21.0804636 45.0395576, 21.0848025 45.0394181, 21.0889801 45.0392837, 21.0938247 45.0391279, 21.097835 45.0389989, 21.1018494 45.0388698, 21.1062764 45.0387274, 21.1097627 45.0386153, 21.1139948 45.0384792, 21.11575 45.0403998, 21.1177136 45.0425484, 21.1196887 45.0447095, 21.1218571 45.0470819, 21.1232104 45.0485626, 21.1244547 45.0499239, 21.1275679 45.0512847, 21.1308777 45.0527315, 21.1341897 45.0541792, 21.1375544 45.0556499, 21.1409579 45.0571375, 21.1443844 45.058635, 21.1477891 45.0601231, 21.15225 45.0600254, 21.1567944 45.0599258, 21.1614313 45.0598242, 21.1652543 45.0597405, 21.1695306 45.0596468, 21.1736775 45.0595559, 21.177627 45.0594694, 21.1817378 45.0593793, 21.1855339 45.0592962, 21.1893429 45.0592127, 21.1932828 45.0591264, 21.1953642 45.0572148, 21.1975332 45.0552226, 21.1994803 45.0534343, 21.2014613 45.0516147, 21.2053852 45.0503459, 21.2097235 45.048943, 21.2137424 45.0476434, 21.2177117 45.0463598, 21.2219155 45.0450004, 21.2258753 45.0437198, 21.2303514 45.0422722, 21.2336622 45.0412015, 21.237677 45.0399031, 21.2415077 45.0386641, 21.245175 45.037478, 21.2495078 45.0360766, 21.2534356 45.0348062, 21.2573451 45.0335417, 21.261728 45.032124, 21.2656389 45.030859, 21.2697424 45.0295316, 21.2738855 45.0281914, 21.2775688 45.0269998, 21.2816386 45.0256833, 21.285893 45.024307, 21.2896123 45.0231037, 21.2937939 45.0217509, 21.2975834 45.020525, 21.3019366 45.0191165, 21.305549 45.0179478, 21.3092205 45.0167599, 21.3134721 45.0153843, 21.3174567 45.014095, 21.3214488 45.0128033, 21.3257304 45.0114179, 21.3297233 45.0101258, 21.3339894 45.0087454, 21.3376843 45.0075497, 21.3407722 45.0050734, 21.3428293 45.0034237, 21.3449816 45.0016975, 21.3476006 44.9995971, 21.3509325 44.9969247, 21.3539344 44.9945169, 21.3572731 44.9946163, 21.3611253 44.9947309, 21.364614 44.9948348, 21.3683789 44.9949468, 21.3727028 44.9950755, 21.3772797 44.9952118, 21.3810441 44.9953238, 21.3841742 44.9959248, 21.3872624 44.9965178, 21.3906866 44.9971752, 21.3941051 44.9982093, 21.3975854 44.9996308, 21.4010237 45.0010398, 21.4044719 45.002448, 21.4076232 45.0037429, 21.4117452 45.0054399, 21.4136242 45.0074951, 21.4157049 45.0097661, 21.4191968 45.0114095, 21.4221692 45.0127827, 21.4252323 45.0142006, 21.4281816 45.0155682, 21.4313041 45.0170099, 21.4344848 45.018485, 21.4375405 45.0198946, 21.4408674 45.0214329, 21.4441065 45.0229381, 21.447181 45.0243609, 21.4502637 45.0257841, 21.4532358 45.0271588, 21.4564262 45.0286449, 21.4591516 45.0305282, 21.4621884 45.0326515, 21.4654435 45.034929, 21.4686461 45.0371749, 21.4714888 45.039158, 21.4746104 45.0413323, 21.4774515 45.0433274, 21.4801543 45.0452095, 21.4824896 45.0468205, 21.4862344 45.0483815, 21.4898369 45.049879, 21.4935836 45.0514231, 21.4971159 45.0528802, 21.5006135 45.0543284, 21.504089 45.0557677, 21.5075645 45.0572091, 21.511286 45.0587396, 21.515121 45.0603236, 21.5191415 45.0619857, 21.5225715 45.0634078, 21.5260874 45.0648533, 21.5296249 45.0663413, 21.5324993 45.0676, 21.5358193 45.0690659, 21.5398766 45.0708778, 21.5435075 45.0724934, 21.5463387 45.0737569, 21.5501611 45.0754653, 21.5532778 45.0768368, 21.5568322 45.0784216, 21.5608879 45.080249, 21.5637023 45.0819907, 21.5664376 45.0837056, 21.5698555 45.0858423, 21.5723797 45.0874225, 21.5756144 45.0894502, 21.5787504 45.0914141, 21.5817074 45.0932587, 21.5848853 45.0952465, 21.588103 45.0972584, 21.590843 45.0989734, 21.5940112 45.1009485, 21.5973658 45.1030532, 21.6006551 45.1051093, 21.6038519 45.1070975, 21.6068964 45.109004, 21.6099744 45.110912, 21.6126991 45.112603, 21.6159492 45.1146163, 21.618985 45.1164959, 21.6219046 45.1183115, 21.6251057 45.1202911, 21.6284034 45.1223265, 21.6316714 45.1243545, 21.6349981 45.1264114, 21.6386514 45.1286813, 21.6416466 45.1304971, 21.6439952 45.1311989, 21.6476939 45.1322552, 21.6513366 45.1332853, 21.6550864 45.1343626, 21.6586927 45.1353828, 21.6625193 45.1365112, 21.6656378 45.1386631, 21.6677155 45.1400929, 21.6693522 45.1412162, 21.6734324 45.1440795, 21.6762393 45.1460134, 21.6778767 45.1471439, 21.679836 45.1485063, 21.6826511 45.1504912, 21.6861417 45.1530334, 21.6875234 45.154068, 21.6902058 45.1560376, 21.6930101 45.1581017, 21.6964452 45.1606367, 21.6992626 45.1627247, 21.7029299 45.1654277, 21.7057995 45.1675426, 21.7082887 45.1693771, 21.708118 45.1720447, 21.7078038 45.1754455, 21.7075501 45.1782903, 21.7072897 45.1814412, 21.7083091 45.1837575, 21.7091972 45.1857132, 21.7102236 45.188014, 21.7119965 45.191935, 21.7124192 45.1928892, 21.713792 45.1959627, 21.714959 45.1985343, 21.7176792 45.1997626, 21.7203226 45.2008942, 21.7234166 45.2022654, 21.72794 45.2042356, 21.7302301 45.2052152, 21.7344922 45.2070904, 21.7372662 45.2083219, 21.739273 45.2098574, 21.7416766 45.211735, 21.7442984 45.2137951, 21.7468531 45.2158005, 21.7485418 45.2171057, 21.7507056 45.2188125, 21.7530739 45.2206806, 21.7540264 45.2222062, 21.7558694 45.2257182, 21.7569942 45.2277146, 21.7591201 45.2302033, 21.7619361 45.2334883, 21.7625912 45.2349236, 21.7636878 45.2374819, 21.7644926 45.2393164, 21.7662767 45.240786, 21.7697443 45.243531, 21.7719914 45.2453099, 21.7744476 45.2472302, 21.7749 45.2502175, 21.7753923 45.2533248, 21.7759386 45.2565552, 21.7762482 45.2594579, 21.7770295 45.2642803, 21.77724 45.265438, 21.7777418 45.2688899, 21.7780516 45.2707671, 21.7798283 45.2718237, 21.7834641 45.2730076, 21.7861722 45.2738842, 21.789236 45.2748497, 21.7917026 45.2756086, 21.7940472 45.2782202, 21.7984755 45.2832327, 21.8010848 45.2861956, 21.8026511 45.2879717, 21.8065588 45.2923329, 21.8105439 45.2945157, 21.8126685 45.2956201, 21.8186973 45.2989192, 21.8203576 45.3022147, 21.8216818 45.3048711, 21.8233088 45.3081175, 21.8250007 45.3115228, 21.8260501 45.3136911, 21.8276489 45.3168666, 21.8291195 45.3198109, 21.8301826 45.3219301, 21.832012 45.3255975, 21.8330084 45.3275573, 21.8342358 45.3300283, 21.8352629 45.3321256, 21.8357182 45.3334625, 21.8362191 45.3348349, 21.8373595 45.3382357, 21.8382008 45.3413471, 21.8378878 45.3444192, 21.839778 45.3463322, 21.8413641 45.3479552, 21.8428473 45.3493188, 21.8453646 45.3497988, 21.8479985 45.3502588, 21.8496029 45.3505517, 21.8543679 45.3514003, 21.8592658 45.3522662, 21.8632177 45.35298, 21.8672139 45.3537004, 21.8719383 45.3545389, 21.8765123 45.3553686, 21.8789637 45.3563679, 21.8828154 45.3578785, 21.8857155 45.3569997, 21.8883119 45.356222, 21.8909407 45.3554478, 21.8950513 45.3541735, 21.8979552 45.3533278, 21.9028464 45.3523215, 21.9065234 45.3515737, 21.91075 45.350729, 21.9128964 45.3503003, 21.9160372 45.3496873, 21.917483837513117 45.34938598661893, 21.922245999999998 45.3463694908963)",Smederevo,Vrsac,Smederevo-Vrsac
way/239998425-400,way/239947121-400,400.0,1787.4764334110816,41703.47,Al/St 240/40 4-bundle 380.0,"LINESTRING (20.58768301648432 44.736109335469536, 20.593667176001848 44.73215542945154, 20.5937979 44.7289849, 20.5939568 44.7248732, 20.5941474 44.7203097, 20.594331 44.7159891, 20.5945209 44.7115575, 20.5946424 44.7085559, 20.598604 44.7053809, 20.6009929 44.7035226, 20.6077085 44.6981284, 20.6078891 44.6979815, 20.6103114 44.6960109, 20.6133829 44.6935643, 20.6166973 44.6909655, 20.6186384 44.689367, 20.6240118 44.6850586, 20.6312448 44.6792229, 20.6331724 44.6780979, 20.6353867 44.6767383, 20.639136 44.6745049, 20.6458572 44.6729638, 20.6504585 44.671928, 20.6544983 44.6710653, 20.6613098 44.6695911, 20.6666177 44.6683961, 20.672487 44.6670894, 20.676095 44.6662964, 20.6802055 44.6654029, 20.6872251 44.6638672, 20.6917243 44.6628815, 20.6970125 44.661731, 20.6999766 44.6611055, 20.7037966 44.6585113, 20.7093872 44.6548389, 20.7114718 44.6534258, 20.7160456 44.650362, 20.7188134 44.6485717, 20.7221819 44.6463093, 20.7266575 44.6433467, 20.7304273 44.6408717, 20.731031 44.6404756, 20.7363793 44.6369659, 20.7429675 44.6338587, 20.7471809 44.631659, 20.749414 44.6310947, 20.753838 44.6299471, 20.7585647 44.6287341, 20.7636322 44.6274311, 20.7698144 44.6258363, 20.772871 44.6244378, 20.7761575 44.6229411, 20.779306 44.6214799, 20.7850362 44.6188816, 20.7897743 44.6166868, 20.7940567 44.6147646, 20.7974804 44.6131235, 20.8011849 44.6114211, 20.8051808 44.6096054, 20.8092456 44.6077486, 20.8124567 44.6063128, 20.8135884 44.6041186, 20.8154994 44.6004828, 20.8172734 44.5970476, 20.8191335 44.5934615, 20.8206918 44.5905021, 20.8210756 44.5889264, 20.821834 44.5859919, 20.8231133 44.5808994, 20.8262187 44.5790969, 20.8289982 44.5774841, 20.8339612 44.5746679, 20.8366881 44.5730674, 20.8412096 44.5723484, 20.847848 44.5713521, 20.8520926 44.5707329, 20.8569505 44.5699863, 20.8608832 44.569391, 20.8675637 44.5678303, 20.872667 44.5667067, 20.8773514 44.5656353, 20.881468 44.5647464, 20.8842612 44.5641485, 20.8913333 44.5625131, 20.8946775 44.5617106, 20.8993369 44.5606716, 20.903353 44.5597445, 20.9075961 44.5587997, 20.9108937 44.5580524, 20.9149913 44.5570783, 20.9209456 44.5577868, 20.9238676 44.5580206, 20.9264813 44.558417, 20.9278227 44.5597414, 20.9287897 44.5624634, 20.9294652 44.5643704, 20.9304842 44.5672321, 20.9316747 44.5705796, 20.932319 44.5723673, 20.9331066 44.5745872, 20.9343773 44.578136, 20.9355854 44.5809143, 20.9367913 44.5836655, 20.937727 44.5858041, 20.9413919 44.5879172, 20.9442835 44.589564, 20.9474091 44.5913482, 20.9512988 44.5935764, 20.9542805 44.595304, 20.95624411324453 44.5950413933651, 20.963342129389783 44.59671893765847)",Pancevo,Mladenovac,Pancevo-Mladenovac
way/317499556-400,way/152481174-400,400.0,1787.476,124782.97,Al/St 240/40 4-bundle 380.0,"LINESTRING (21.06662440521797 42.700110252727924, 21.070482686189255 42.70665637203947, 21.0709028 42.70716, 21.0724907 42.7090876, 21.0717021 42.7116695, 21.0708062 42.7146374, 21.0696759 42.7182329, 21.0687358 42.7214046, 21.0679526 42.7239701, 21.0671064 42.7266154, 21.0691771 42.7294762, 21.0715756 42.732837, 21.0717305 42.7330541, 21.0728608 42.7344322, 21.077111 42.7363796, 21.0806017 42.7378838, 21.0838632 42.7393455, 21.0867241 42.7405718, 21.0902592 42.7421358, 21.0945491 42.7440141, 21.099876 42.7463778, 21.1037974 42.7480717, 21.1065885 42.7508932, 21.1095068 42.7538672, 21.1118923 42.7562965, 21.1155203 42.7599762, 21.1183564 42.7628858, 21.1203788 42.764918, 21.1211835 42.7682457, 21.1222188 42.7727152, 21.1229645 42.7757709, 21.1237369 42.7791177, 21.1246543 42.7830589, 21.1285809 42.7899407, 21.1309413 42.7942157, 21.1332807 42.7984728, 21.1387524 42.8083871, 21.1404256 42.8114508, 21.142464 42.8150161, 21.1437306 42.8170722, 21.1462733 42.8206804, 21.1497865 42.8253488, 21.1519703 42.8282621, 21.1545447 42.8333784, 21.1561707 42.8364684, 21.1574581 42.8391118, 21.1597487 42.8435644, 21.1597863 42.8511512, 21.1598882 42.8598853, 21.1598826 42.8639078, 21.1585144 42.8691941, 21.1575917 42.8730509, 21.1557034 42.8808543, 21.1547652 42.8846141, 21.155403 42.888405, 21.1558542 42.8917517, 21.1565993 42.8962103, 21.1575756 42.9024605, 21.1581711 42.9060029, 21.1583325 42.909934, 21.15845 42.9131184, 21.15859 42.9176501, 21.158686 42.9202331, 21.1588261 42.9237901, 21.1589763 42.9276867, 21.1590884 42.9317068, 21.1591586 42.9333741, 21.1623499 42.9365808, 21.1653331 42.9394222, 21.1706701 42.9444232, 21.173068 42.9467321, 21.1761853 42.9497222, 21.1766252 42.9530754, 21.1768929 42.955543, 21.1772255 42.9583069, 21.1775688 42.9612278, 21.1779228 42.9645057, 21.1783305 42.967752, 21.178647 42.9704762, 21.1788884 42.9725211, 21.1849937 42.9807494, 21.1904064 42.9841166, 21.1944989 42.9866222, 21.1977497 42.988596, 21.2002286 42.9900067, 21.2043324 42.9922904, 21.2098417 42.9954528, 21.2152275 42.998572, 21.2175841 42.9998481, 21.2206617 43.0015145, 21.2242982 43.0043999, 21.228622 43.007805, 21.2312778 43.0099309, 21.2357019 43.0134721, 21.2377434 43.0151062, 21.2393604 43.0164004, 21.2412196 43.0178672, 21.2436692 43.0197997, 21.247062 43.0224761, 21.2489696 43.023981, 21.2510023 43.0255844, 21.2556784 43.0291898, 21.2576252 43.0306908, 21.2600199 43.0325371, 21.2612382 43.0347545, 21.2636575 43.0385421, 21.26625 43.0423536, 21.2675455 43.0436756, 21.2711893 43.0473133, 21.2730127 43.049088, 21.2753202 43.0513614, 21.2778422 43.0538259, 21.2792599 43.0552101, 21.279289 43.0577858, 21.2797701 43.061311, 21.2803184 43.0667863, 21.2804949 43.0701878, 21.2805457 43.0707982, 21.2807017 43.0726705, 21.2810447 43.0766329, 21.2815628 43.0796552, 21.2814978 43.0818802, 21.2815969 43.0907317, 21.281239 43.0923144, 21.280808 43.0942202, 21.2799162 43.0982465, 21.2803675 43.1032174, 21.2805796 43.1068104, 21.2810745 43.1124118, 21.2813384 43.1156593, 21.2835733 43.1174693, 21.2861236 43.1195889, 21.2877223 43.1201684, 21.2910502 43.1213909, 21.2964542 43.1232304, 21.2986991 43.1247538, 21.3013869 43.1269989, 21.3046208 43.1293768, 21.3068414 43.1310018, 21.3091955 43.13268, 21.313772 43.1359915, 21.317115 43.1384266, 21.3184863 43.1431194, 21.3201123 43.1486972, 21.3207312 43.1529997, 21.3214168 43.156669, 21.3220478 43.1599353, 21.3224603 43.1620419, 21.3233098 43.1666488, 21.323868 43.16918, 21.3242711 43.1716898, 21.3248126 43.1745741, 21.3252298 43.1768769, 21.3257809 43.1785172, 21.3274232 43.1834052, 21.3281451 43.1855539, 21.3296676 43.1900849, 21.330752 43.193312, 21.331728 43.1962164, 21.332759 43.1992842, 21.3320014 43.20376, 21.3316442 43.2058702, 21.3308883 43.2103357, 21.3304525 43.2129099, 21.3299447 43.215909, 21.3313283 43.2173131, 21.333255 43.2192681, 21.3349282 43.2209658, 21.3374886 43.2235638, 21.3396427 43.2257493, 21.3419247 43.2280646, 21.3454294 43.2294717, 21.3492918 43.2309986, 21.3565659 43.2339377, 21.3605642 43.2355219, 21.3644695 43.2370591, 21.3676309 43.2383097, 21.3719227 43.2400261, 21.3757676 43.2415747, 21.3803867 43.2433288, 21.3847827 43.2451355, 21.3890213 43.2468321, 21.3932008 43.2484857, 21.3964486 43.2497617, 21.4004837 43.2505312, 21.4046764 43.2512576, 21.4090754 43.252129, 21.4135566 43.2529279, 21.4169525 43.2535562, 21.4225492 43.2545358, 21.4263875 43.2553099, 21.4313412 43.2566814, 21.4365574 43.2580624, 21.4399443 43.2590116, 21.4449797 43.2603981, 21.449478 43.2617039, 21.4528242 43.2615605, 21.4588015 43.2613598, 21.4622643 43.2612594, 21.4667406 43.2611257, 21.4719329 43.2610019, 21.4759067 43.2608534, 21.4801583 43.260753, 21.4862997 43.2606145, 21.4906104 43.2603899, 21.4961809 43.2601414, 21.5009771 43.2600124, 21.5051763 43.2598213, 21.5110671 43.2597643, 21.5160902 43.2598088, 21.5212948 43.259719, 21.5258614 43.2596352, 21.5303345 43.2597376, 21.5349909 43.2596708, 21.5409795 43.259653, 21.544536 43.2595774, 21.5530606 43.2595507, 21.558032 43.259458, 21.5653661 43.2592944, 21.5698583 43.2592613, 21.5741837 43.2592503, 21.5766306 43.2592558, 21.5809182 43.2592006, 21.5880919 43.2591454, 21.5902059 43.2595634, 21.5957929 43.2604885, 21.600535 43.2613546, 21.6074967 43.2625351, 21.6101253 43.2629875, 21.6134584 43.2635226, 21.6162916 43.2640466, 21.6203595 43.2647031, 21.6235865 43.2650175, 21.6276772 43.265365, 21.6312603 43.2657015, 21.6366236 43.266198, 21.6404776 43.2665645, 21.64593 43.2670805, 21.6473072 43.2672084, 21.6491389 43.2674211, 21.6540575 43.2677896, 21.6558537 43.26701, 21.6603593 43.2649817, 21.6642966 43.2631971, 21.6682187 43.2614568, 21.6720545 43.2597127, 21.679711 43.2562651, 21.6830851 43.2547574, 21.6868753 43.253028, 21.6905437 43.2513761, 21.697779 43.2481498, 21.705953 43.2444465, 21.7096293 43.2428029, 21.7133982 43.2410997, 21.7174167 43.2392922, 21.7208213 43.2377582, 21.724236 43.2376473, 21.7288786 43.2374958, 21.7337749 43.2373331, 21.7386864 43.2371779, 21.7432681 43.2370152, 21.7490421 43.2368378, 21.7542936 43.2366456, 21.7582968 43.2365014, 21.7633352 43.236361, 21.7679879 43.2361872, 21.7718644 43.2360505, 21.7760249 43.2359248, 21.7809212 43.2357547, 21.785853 43.235581, 21.7890292 43.2345718, 21.7929158 43.2333409, 21.7965487 43.232206, 21.8004251 43.2309676, 21.80454 43.2296478, 21.8085179 43.2284056, 21.812577 43.2271117, 21.8172044 43.2256772, 21.8212584 43.2243795, 21.8249471 43.2232075, 21.8314816 43.2211265, 21.8330422 43.2208939, 21.8357613 43.220483, 21.841989 43.2205093, 21.844339 43.2205982, 21.8484807 43.2215538, 21.8509091 43.2220753, 21.8530872 43.2226325, 21.8575581 43.2237078, 21.8625614 43.2248712, 21.8704921 43.2267336, 21.8751053 43.2292175, 21.8767305 43.2300827, 21.8825356 43.2331966, 21.886293 43.2351568, 21.8899411 43.2371603, 21.896598 43.2407199, 21.8990792 43.2420172, 21.9038334 43.2445342, 21.9060963 43.2457724, 21.9106628 43.2481932, 21.9155337 43.2520292, 21.9190915 43.2550417, 21.9215139 43.2569485, 21.929411 43.2604375, 21.9315231 43.2614069, 21.9354828 43.263096, 21.9373073 43.2639828, 21.9396166 43.2649274, 21.9444466 43.2670906, 21.9506258 43.2697962, 21.9558472 43.2743959, 21.9580656 43.2763032, 21.9608396 43.2789174, 21.9633113 43.2811146, 21.9653958 43.2830645, 21.9692252 43.2865008, 21.9699254 43.2921993, 21.9701428 43.2938748, 21.9703656 43.2953263, 21.970477383021084 43.2961545371809, 21.97115129786101 43.30212750627423)",Medveda,Nis,Nis-Medveda2
way/196695540-220,way/317499556-220,220.0,491.556,15259.25,Al/St 240/40 2-bundle 220.0,"LINESTRING (20.900602204610056 42.66546310107873, 20.907442048646125 42.66703913639467, 20.9107356 42.667572, 20.9137356 42.66804, 20.9176848 42.668676, 20.9339617 42.6751995, 20.9413198 42.6778439, 20.9466684 42.6797482, 20.9530263 42.6820108, 20.9586895 42.6840261, 20.963507 42.6857254, 20.9709455 42.6896991, 20.9728324 42.6906981, 20.9770189 42.6930706, 20.9796945 42.6945868, 20.9812053 42.6971107, 20.9822974 42.6996479, 20.9848043 42.700559, 20.9892029 42.702213, 20.9927326 42.7035768, 20.9977162 42.7054257, 21.0014498 42.7068369, 21.0038209 42.7077514, 21.0060203 42.7073809, 21.0088098 42.7069355, 21.0132894 42.7061845, 21.0159177 42.704862, 21.019764 42.7029894, 21.0235727 42.7010816, 21.0255279 42.7010646, 21.0279018 42.7010106, 21.0314155 42.7009081, 21.0355032 42.7008293, 21.040197 42.7006637, 21.0446924 42.700577, 21.0488284 42.700506, 21.0521811 42.7004114, 21.0558826 42.7004863, 21.057635568689637 42.70002977809029, 21.066332957334065 42.699949140704895)",Tutin,Kursumlija,Kursumlija-Tutin3
way/1302365574-220,way/196695540-220,220.0,491.556,56759.19,Al/St 240/40 2-bundle 220.0,"LINESTRING (20.66841986158237 42.23175749671769, 20.66793745595414 42.23703412476731, 20.6675416 42.2385861, 20.6666703 42.241992, 20.6660665 42.2444829, 20.665313 42.2474406, 20.6664916 42.2491818, 20.6684051 42.2519408, 20.6736856 42.256595, 20.676766 42.2593549, 20.6795212 42.2617345, 20.6835134 42.2652981, 20.689543 42.2706278, 20.6923924 42.2731588, 20.6962206 42.2762302, 20.6987158 42.2782521, 20.7002096 42.2794125, 20.7022379 42.2823278, 20.7044987 42.2854454, 20.7070183 42.2890714, 20.709346 42.2923567, 20.7113121 42.2951304, 20.7136439 42.2984402, 20.7165724 42.3009333, 20.719609 42.3034956, 20.7225714 42.3059905, 20.725586 42.3085068, 20.7284119 42.3109231, 20.7311549 42.3132598, 20.7343747 42.3159506, 20.7372173 42.3183738, 20.7405485 42.3211808, 20.7438103 42.3239302, 20.7440969 42.3280825, 20.7443871 42.3317634, 20.7446846 42.3357269, 20.7449529 42.3393477, 20.7452564 42.3434257, 20.7456544 42.3479925, 20.7470536 42.3512623, 20.749119 42.3558399, 20.7501759 42.3583095, 20.7516686 42.3617193, 20.7532821 42.3653462, 20.7546953 42.3684772, 20.7544583 42.3720758, 20.7542988 42.3744971, 20.7539692 42.3790368, 20.753656 42.3836802, 20.7534838 42.3868702, 20.7532494 42.3900616, 20.7531084 42.3940315, 20.7531687 42.3974781, 20.7532975 42.4008339, 20.753368 42.4036356, 20.7534978 42.4069791, 20.7535622 42.4099209, 20.753666 42.4123557, 20.7537411 42.4157008, 20.7537373 42.4182471, 20.7538492 42.4199952, 20.7539148 42.4217279, 20.7540229 42.4248125, 20.7521836 42.4283887, 20.7504497 42.4316523, 20.7488482 42.4347365, 20.7470352 42.4381862, 20.7452366 42.4415757, 20.7434234 42.4450338, 20.7416594 42.4484258, 20.7402538 42.4511205, 20.7387748 42.4539639, 20.7369137 42.457554, 20.7356423 42.4600352, 20.7341043 42.462964, 20.732416 42.466226, 20.7304266 42.4700225, 20.7284549 42.4738797, 20.7268485 42.4769932, 20.7285154 42.4808845, 20.7298257 42.4839504, 20.7315109 42.4879766, 20.7329375 42.4912815, 20.7362716 42.4949501, 20.738634 42.4975579, 20.7419517 42.5012385, 20.7438694 42.5033852, 20.7470775 42.5069543, 20.7493361 42.5094678, 20.7523032 42.5127401, 20.7536228 42.5141563, 20.7552247 42.515927, 20.7581896 42.5167674, 20.7615943 42.5176983, 20.7658779 42.5188913, 20.7699952 42.5200242, 20.7745434 42.5213444, 20.7784482 42.5224537, 20.782917 42.5236809, 20.7871157 42.5248676, 20.7910074 42.5259301, 20.7955677 42.5272027, 20.8003701 42.5285543, 20.8048999 42.5297931, 20.8086921 42.5308395, 20.8102732 42.5332807, 20.8123585 42.5364059, 20.8139807 42.5388272, 20.8160363 42.5418619, 20.8187634 42.545897, 20.8205929 42.5486295, 20.8223811 42.5513382, 20.8239207 42.5535809, 20.8260864 42.5568078, 20.8283328 42.5602069, 20.8303023 42.5631664, 20.831551 42.5652523, 20.8324109 42.5666285, 20.833083 42.567735, 20.8350508 42.5708587, 20.8369238 42.5738411, 20.8389785 42.5758993, 20.840561 42.5775584, 20.8433414 42.5803743, 20.8466313 42.5837086, 20.8490791 42.5862583, 20.8510672 42.5882742, 20.8533332 42.5906071, 20.8561476 42.5934482, 20.8587459 42.5960916, 20.8595399 42.5991444, 20.860442 42.6024993, 20.8613591 42.6060575, 20.8617417 42.6073558, 20.8623456 42.6097673, 20.8632231 42.6129018, 20.86471 42.6150461, 20.8668055 42.6182851, 20.8688475 42.6214066, 20.871274 42.6252401, 20.8725759 42.6280423, 20.8740218 42.6311964, 20.8757131 42.6348547, 20.8772662 42.6381576, 20.8788728 42.6416382, 20.8802461 42.644651, 20.8816353 42.647642, 20.883862 42.6503916, 20.8863428 42.6535029, 20.8885246 42.6562098, 20.8917299 42.6602398, 20.895323181923693 42.66232333812586, 20.900602204610056 42.66546310107873)",Bojnik,Tutin,Tutin-Bojnik2
way/616241694-220,way/196695540-220,220.0,491.556,2396.26,Al/St 240/40 2-bundle 220.0,"LINESTRING (20.897354322752005 42.64454013336954, 20.89674333208428 42.64961826736397, 20.8968113 42.6508793, 20.8972121 42.6589829, 20.897315197850485 42.66112886937647, 20.900602204610056 42.66546310107873)",NoviPazar,Tutin,Tutin-NoviPazar3
way/317499556-220,way/613473916-220,220.0,491.556,3612.22,Al/St 240/40 2-bundle 220.0,"LINESTRING (21.066332957334065 42.699949140704895, 21.078145412067663 42.69887124984664, 21.0795639 42.6975669, 21.080272 42.6947164, 21.0812537 42.6911008, 21.0820825 42.6879678, 21.085503 42.6852402, 21.0872638 42.6838901, 21.08796522023736 42.68334303167017, 21.089295146819236 42.67738816094869)",Kursumlija,Lebane,Kursumlija-Lebane3
way/317499556-220,way/235291237-220,220.0,491.556,18483.61,Al/St 240/40 2-bundle 220.0,"LINESTRING (21.066332957334065 42.699949140704895, 21.078224558714115 42.70075105800687, 21.0789065 42.7008369, 21.0827437 42.7015356, 21.0874842 42.7024177, 21.0921958 42.7033018, 21.0969202 42.7041562, 21.1003269 42.7045421, 21.105333 42.7051703, 21.1054869 42.7051891, 21.1096178 42.7056936, 21.1123537 42.7050668, 21.1154972 42.7043888, 21.1188875 42.703624, 21.1223368 42.7028474, 21.1252942 42.7022058, 21.1358181 42.6998277, 21.1407515 42.698747, 21.1446866 42.697885, 21.1487046 42.6969782, 21.1530551 42.6959807, 21.1556678 42.6954049, 21.1595824 42.6945092, 21.1631015 42.6937364, 21.1662021 42.6930819, 21.1693639 42.6922896, 21.1750481 42.6930898, 21.1774084 42.6912484, 21.1806372 42.6887645, 21.1831989 42.6868081, 21.1845157 42.6857322, 21.1848102 42.6856171, 21.1848721 42.6855929, 21.1850515 42.6855228, 21.1889062 42.6840163, 21.1903581 42.6834488, 21.1947087 42.6817492, 21.1988607 42.6801875, 21.201832 42.679075, 21.2040182 42.6782399, 21.205217 42.677782, 21.206478 42.672765, 21.207063 42.670675, 21.206988 42.669681, 21.2066992 42.667518, 21.206505 42.666064, 21.206076 42.661886, 21.2057327 42.6588613, 21.2053289 42.6552688, 21.2051366 42.653608, 21.204681 42.649593, 21.203114 42.646969, 21.200727 42.64285, 21.1983349 42.6418552, 21.195771 42.640924, 21.192536 42.639673, 21.188153 42.63961, 21.185696 42.639539, 21.182424 42.639472, 21.181836761645627 42.639135433749445, 21.17721602796341 42.634706337490485)",Kursumlija,Bujanovac,Kursumlija-Bujanovac3
way/317499556-220,way/235291237-220,220.0,491.556,18624.6,Al/St 240/40 2-bundle 220.0,"LINESTRING (21.066332957334065 42.699949140704895, 21.07834269617991 42.701392387227635, 21.0785219 42.7014213, 21.0828172 42.7022245, 21.0876038 42.7030613, 21.0919635 42.7038211, 21.0965125 42.7046174, 21.1000374 42.7051238, 21.1052512 42.705804, 21.1092798 42.7063243, 21.1112929 42.7058714, 21.1150788 42.7050195, 21.1188339 42.704168, 21.1220311 42.7034427, 21.1251065 42.7027735, 21.1361238 42.7003087, 21.1407582 42.6992838, 21.1447671 42.6983857, 21.1485114 42.6974868, 21.1534413 42.6963986, 21.1560806 42.6958348, 21.1594334 42.695066, 21.163396 42.6941821, 21.1666576 42.6934645, 21.1694216 42.6927765, 21.1752197 42.6935826, 21.1775473 42.6917494, 21.1812595 42.6890603, 21.1850575 42.6861502, 21.1888575 42.6846833, 21.1914734 42.6836698, 21.1949769 42.6823289, 21.1992952 42.6805582, 21.202213 42.679466, 21.205797 42.678129, 21.2062861 42.6760873, 21.2067952 42.6739618, 21.2068225 42.6738474, 21.207009 42.673069, 21.207384 42.671448, 21.207765 42.670201, 21.207165 42.665551, 21.206633 42.661527, 21.2059011 42.6552672, 21.205228 42.64951, 21.203694 42.646906, 21.201194 42.642562, 21.1990157 42.6415671, 21.19643 42.640486, 21.190433 42.637893, 21.1901945 42.6379128, 21.1863506 42.6382314, 21.182933 42.638564, 21.182815466801486 42.63851520951046, 21.17721602796341 42.634706337490485)",Kursumlija,Bujanovac,Kursumlija-Bujanovac4
way/196695540-220,way/317499556-220,220.0,491.556,15528.09,Al/St 240/40 2-bundle 220.0,"LINESTRING (20.900602204610056 42.66546310107873, 20.90679487490652 42.667873361996975, 20.9104297 42.6684061, 20.9140987 42.6688798, 20.9182335 42.6694136, 20.9348868 42.6768131, 20.9422305 42.6800764, 20.9460582 42.6814247, 20.9509245 42.6831153, 20.9537661 42.6840894, 20.9632027 42.6873278, 20.9662598 42.689673, 20.9789049 42.695578, 20.9797908 42.6995912, 20.9835413 42.7011496, 20.9871486 42.7026484, 20.9904957 42.7040381, 20.9965736 42.7076135, 21.0033864 42.7086265, 21.0105318 42.7096553, 21.0155904 42.7061628, 21.0197693 42.7038094, 21.0238302 42.7015389, 21.0273922 42.7014443, 21.0306591 42.7014009, 21.0346878 42.7014088, 21.0390061 42.7014324, 21.0431743 42.7014285, 21.0472566 42.7014364, 21.0509312 42.7014599, 21.0530233 42.7013497, 21.0552496 42.7012432, 21.0574114 42.7010934, 21.057635423491416 42.7010186738453, 21.066332957334065 42.699949140704895)",Tutin,Kursumlija,Kursumlija-Tutin4
way/317499556-220,way/613473916-220,220.0,491.556,3706.32,Al/St 240/40 2-bundle 220.0,"LINESTRING (21.066332957334065 42.699949140704895, 21.07829630580054 42.69956965960438, 21.0800495 42.6980851, 21.0809533 42.6945981, 21.0818116 42.6912979, 21.0826001 42.6883801, 21.0862409 42.6854422, 21.0883843 42.6837105, 21.088713955346098 42.68344714347843, 21.089295146819236 42.67738816094869)",Kursumlija,Lebane,Kursumlija-Lebane4
way/616241694-220,way/196695540-220,220.0,491.556,2355.68,Al/St 240/40 2-bundle 220.0,"LINESTRING (20.897354322752005 42.64454013336954, 20.89739206422374 42.64960350646112, 20.8975015 42.6508073, 20.8982318 42.6589928, 20.898374398635106 42.660605066090945, 20.900602204610056 42.66546310107873)",NoviPazar,Tutin,Tutin-NoviPazar4
