GEM location ID,bus_id,bus_name
L100000500289,way/420797421-765,Sikandarabad
L100000500278,way/420797421-765,Sikandarabad
L100000500290,way/293597835-765,Solapur
L100000500220,way/293597835-765,Solapur
L100000500044,way/331275940-765,Vadodara
L100000500206,way/386153973-765,Dharmapuri
L100000500287,way/353914865-765,Korba
L100000500108,way/386153973-765,Dharmapuri
L100000500218,way/386153973-765,Dharmapuri
L100000500288,way/331275940-765,Vadodara
L100000500219,way/420797421-765,Sikandarabad
L100000500164,way/369866141-765,Jaipur
L100000500186,way/201845280-765,Wardha
L100000200633,way/293597835-765,Solapur
L100000200185,way/420797421-765,Sikandarabad
L100001019039,way/386153973-765,Dharmapuri
L100000200179,way/420797421-765,Sikandarabad
L100000200186,way/420797421-765,Sikandarabad
L100000200184,way/420797421-765,Sikandarabad
L100001019040,way/386153973-765,Dharmapuri
L100000200180,way/420797421-765,Sikandarabad
L100000200178,way/293597835-765,Solapur
L100000200176,way/386153973-765,Dharmapuri
L100000200181,way/293597835-765,Solapur
L100000200182,way/293597835-765,Solapur
L100000200634,way/293597835-765,Solapur
L100000200177,way/386153973-765,Dharmapuri
L100000200635,way/201845280-765,Wardha
L100000200636,way/386153973-765,Dharmapuri
L100000200637,way/386153973-765,Dharmapuri
L100000200183,way/311118424-765,Fatehpur
L100000102430,way/293597835-765,Solapur
L100000200639,way/293597835-765,Solapur
L100000200640,way/293597835-765,Solapur
L100000407594,way/203673991-400,Tezpur
L100000408400,way/331275940-765,Vadodara
L100000401464,way/369866141-765,Jaipur
L100000408399,way/386153973-765,Dharmapuri
L100000407355,way/203673991-400,Tezpur
L100000401466,way/420797421-765,Sikandarabad
L100000407604,way/203673991-400,Tezpur
L100000407143,way/331275940-765,Vadodara
L100000408398,way/386153973-765,Dharmapuri
L100000408397,way/386153973-765,Dharmapuri
L100000401465,way/420797421-765,Sikandarabad
L100000407603,way/331275940-765,Vadodara
L100000401483,way/331275940-765,Vadodara
L100000401461,way/420797421-765,Sikandarabad
L100000401471,way/331275940-765,Vadodara
L100000401463,way/420797421-765,Sikandarabad
L100000407602,way/331275940-765,Vadodara
L100000401498,IN684-765,Rajahmundry
L100000401506,IN684-765,Rajahmundry
L100000401508,IN684-765,Rajahmundry
L100000408396,way/201845280-765,Wardha
L100000408395,way/372701897-765,Moga
L100000401479,way/331275940-765,Vadodara
L100000401467,way/331275940-765,Vadodara
L100000407600,way/331275940-765,Vadodara
L100000104861,way/331275940-765,Vadodara
L100000408393,IN684-765,Rajahmundry
L100000408392,way/759521252-765,Medinipur
L100000407726,way/420797421-765,Sikandarabad
L100000407593,way/420797421-765,Sikandarabad
L100000407592,way/420797421-765,Sikandarabad
L100000401503,IN684-765,Rajahmundry
L100000401489,way/331275940-765,Vadodara
L100000401518,way/386153973-765,Dharmapuri
L100000407144,way/420797421-765,Sikandarabad
L100000407123,way/420797421-765,Sikandarabad
L100000102556,way/386153973-765,Dharmapuri
L100000401490,way/331275940-765,Vadodara
L100000407598,way/386153973-765,Dharmapuri
L100000401501,IN684-765,Rajahmundry
L100000401494,way/315823978-765,Kurnool
L100000408391,way/386153973-765,Dharmapuri
L100000401510,way/386153973-765,Dharmapuri
L100000408390,way/203673991-400,Tezpur
L100000407596,way/420797421-765,Sikandarabad
L100000407597,way/386153973-765,Dharmapuri
L100000401488,way/201845280-765,Wardha
L100000407595,way/759521252-765,Medinipur
L100000401520,way/203673991-400,Tezpur
L100000401519,way/203673991-400,Tezpur
L100000401514,way/386153973-765,Dharmapuri
L100000401482,way/331275940-765,Vadodara
L100000408389,way/353914865-765,Korba
L100000401469,way/201845280-765,Wardha
L100000401459,way/420797421-765,Sikandarabad
L100000401458,way/420797421-765,Sikandarabad
L100000401462,way/1143180503-765,Phalodi
L100000401491,way/293597835-765,Solapur
L100000407590,way/420797421-765,Sikandarabad
L100000407589,way/386153973-765,Dharmapuri
L100000401502,IN684-765,Rajahmundry
L100000401475,way/331275940-765,Vadodara
L100000401511,way/386153973-765,Dharmapuri
L100000401521,way/203673991-400,Tezpur
L100000401487,way/201845280-765,Wardha
L100000401478,way/331275940-765,Vadodara
L100000401486,way/201845280-765,Wardha
L100000401474,way/331275940-765,Vadodara
L100000407146,way/688672711-765,Bhuj
L100000401480,way/331275940-765,Vadodara
L100000401512,way/386153973-765,Dharmapuri
L100000401505,IN684-765,Rajahmundry
L100000401499,IN684-765,Rajahmundry
L100000102082,IN684-765,Rajahmundry
L100000407120,way/386153973-765,Dharmapuri
L100000102373,way/311118424-765,Fatehpur
L100000102243,way/311118424-765,Fatehpur
L100000102121,way/353914865-765,Korba
L100000102441,way/353914865-765,Korba
L100000102519,way/369866141-765,Jaipur
L100000102193,way/688672711-765,Bhuj
L100000105017,way/353914865-765,Korba
L100000102194,way/688672711-765,Bhuj
L100000102375,way/201845280-765,Wardha
L100000102442,way/353914865-765,Korba
L100000102443,way/353914865-765,Korba
L100000102444,way/353914865-765,Korba
L100000102610,way/311118424-765,Fatehpur
L100000102611,way/311118424-765,Fatehpur
L100000102612,way/311118424-765,Fatehpur
L100001000082,way/311118424-765,Fatehpur
L100000102318,way/353914865-765,Korba
L100000102123,way/353914865-765,Korba
L100000102537,way/386153973-765,Dharmapuri
L100000102659,way/759521252-765,Medinipur
L100000102124,way/353914865-765,Korba
L100000104755,way/201845280-765,Wardha
L100000102661,way/759521252-765,Medinipur
L100000102032,IN684-765,Rajahmundry
L100000102125,way/353914865-765,Korba
L100000102377,way/201845280-765,Wardha
L100000102663,way/759521252-765,Medinipur
L100000102033,way/386153973-765,Dharmapuri
L100000102616,way/311118424-765,Fatehpur
L100000102127,way/353914865-765,Korba
L100000102090,way/311118424-765,Fatehpur
L100000102448,way/353914865-765,Korba
L100000102092,way/311118424-765,Fatehpur
L100000102093,way/311118424-765,Fatehpur
L100000102619,way/420797421-765,Sikandarabad
L100000102521,way/1143180503-765,Phalodi
L100000102450,way/353914865-765,Korba
L100000102379,way/201845280-765,Wardha
L100000102293,way/315823978-765,Kurnool
L100000102592,way/315823978-765,Kurnool
L100000102197,way/688672711-765,Bhuj
L100000102130,way/353914865-765,Korba
L100000102199,way/331275940-765,Vadodara
L100000102384,way/201845280-765,Wardha
L100000102132,way/353914865-765,Korba
L100000102452,way/353914865-765,Korba
L100000102385,way/201845280-765,Wardha
L100001042985,way/1143180503-765,Phalodi
L100000102324,way/420797421-765,Sikandarabad
L100000102133,way/353914865-765,Korba
L100000102522,way/1143180503-765,Phalodi
L100000104769,way/331275940-765,Vadodara
L100000102250,way/311118424-765,Fatehpur
L100000102248,way/311118424-765,Fatehpur
L100000102085,way/311118424-765,Fatehpur
L100000102665,way/759521252-765,Medinipur
L100000102387,way/201845280-765,Wardha
L100000102095,way/311118424-765,Fatehpur
L100000102539,way/386153973-765,Dharmapuri
L100000102137,way/353914865-765,Korba
L100000102523,way/209826798-765,Indore
L100000102388,way/201845280-765,Wardha
L100000102389,way/201845280-765,Wardha
L100000102252,way/311118424-765,Fatehpur
L100000102540,way/386153973-765,Dharmapuri
L100000102524,way/369866141-765,Jaipur
L100000102454,way/353914865-765,Korba
L100000102622,way/311118424-765,Fatehpur
L100000102623,way/311118424-765,Fatehpur
L100000102542,way/386153973-765,Dharmapuri
L100000102457,way/353914865-765,Korba
L100000102391,way/201845280-765,Wardha
L100000102295,way/315823978-765,Kurnool
L100000102458,way/353914865-765,Korba
L100000102234,way/420797421-765,Sikandarabad
L100000102394,way/201845280-765,Wardha
L100000102142,way/353914865-765,Korba
L100000102038,way/315823978-765,Kurnool
L100000102143,way/353914865-765,Korba
L100000102459,way/353914865-765,Korba
L100000102668,way/759521252-765,Medinipur
L100000102669,way/759521252-765,Medinipur
L100000102671,way/759521252-765,Medinipur
L100000102672,way/759521252-765,Medinipur
L100000102040,IN684-765,Rajahmundry
L100000102545,way/386153973-765,Dharmapuri
L100000102546,way/386153973-765,Dharmapuri
L100000102673,way/311118424-765,Fatehpur
L100000102626,way/311118424-765,Fatehpur
L100000104976,way/331275940-765,Vadodara
L100000102331,way/420797421-765,Sikandarabad
L100000102332,way/420797421-765,Sikandarabad
L100000102207,way/331275940-765,Vadodara
L100000102593,way/315823978-765,Kurnool
L100000102628,way/311118424-765,Fatehpur
L100000102402,way/201845280-765,Wardha
L100000102525,way/1143180503-765,Phalodi
L100000102400,way/201845280-765,Wardha
L100000102145,way/353914865-765,Korba
L100000102511,way/372701897-765,Moga
L100000102263,way/311118424-765,Fatehpur
L100000102548,way/386153973-765,Dharmapuri
L100000102549,way/386153973-765,Dharmapuri
L100001020387,way/1143180503-765,Phalodi
L100000102512,way/372701897-765,Moga
L100000102674,way/759521252-765,Medinipur
L100000102630,way/420797421-765,Sikandarabad
L100000102148,way/353914865-765,Korba
L100000102149,way/353914865-765,Korba
L100000102210,way/331275940-765,Vadodara
L100000102466,way/353914865-765,Korba
L100000104433,way/759521252-765,Medinipur
L100000102599,IN684-765,Rajahmundry
L100000102467,way/353914865-765,Korba
L100000102237,way/420797421-765,Sikandarabad
L100000102265,way/311118424-765,Fatehpur
L100000102632,way/420797421-765,Sikandarabad
L100000102338,way/311118424-765,Fatehpur
L100000102470,way/353914865-765,Korba
L100000102471,way/353914865-765,Korba
L100000102472,way/353914865-765,Korba
L100001000104,way/759521252-765,Medinipur
L100000102268,way/759521252-765,Medinipur
L100000102526,way/1143180503-765,Phalodi
L100000102172,way/353914865-765,Korba
L100000102405,way/201845280-765,Wardha
L100000104954,way/353914865-765,Korba
L100000102303,way/315823978-765,Kurnool
L100000102554,way/386153973-765,Dharmapuri
L100000102104,way/311118424-765,Fatehpur
L100001000079,way/688672711-765,Bhuj
L100000102595,way/315823978-765,Kurnool
L100000102474,way/353914865-765,Korba
L100000102527,way/369866141-765,Jaipur
L100000102476,way/353914865-765,Korba
L100000102152,way/353914865-765,Korba
L100000102153,way/353914865-765,Korba
L100000102528,way/369866141-765,Jaipur
L100000102635,way/311118424-765,Fatehpur
L100000102406,way/201845280-765,Wardha
L100000102477,way/353914865-765,Korba
L100000102345,way/209826798-765,Indore
L100000102407,way/201845280-765,Wardha
L100000102636,way/420797421-765,Sikandarabad
L100000102272,way/311118424-765,Fatehpur
L100000102677,way/759521252-765,Medinipur
L100000102411,way/201845280-765,Wardha
L100000102157,way/353914865-765,Korba
L100000102529,way/369866141-765,Jaipur
L100000102530,way/369866141-765,Jaipur
L100000102598,way/315823978-765,Kurnool
L100000102159,way/353914865-765,Korba
L100000102306,way/293597835-765,Solapur
L100000102637,way/311118424-765,Fatehpur
L100000102213,way/688672711-765,Bhuj
L100000102214,way/688672711-765,Bhuj
L100000102657,way/420797421-765,Sikandarabad
L100000102638,way/420797421-765,Sikandarabad
L100000102162,way/353914865-765,Korba
L100000102479,way/353914865-765,Korba
L100000102164,way/353914865-765,Korba
L100000105026,way/353914865-765,Korba
L100000102275,way/311118424-765,Fatehpur
L100000102347,way/311118424-765,Fatehpur
L100000102348,way/311118424-765,Fatehpur
L100000102238,way/420797421-765,Sikandarabad
L100000102276,way/759521252-765,Medinipur
L100000102052,IN684-765,Rajahmundry
L100000102480,way/353914865-765,Korba
L100000102414,way/201845280-765,Wardha
L100000102639,way/420797421-765,Sikandarabad
L100000102165,way/353914865-765,Korba
L100000102415,way/201845280-765,Wardha
L100000102053,way/386153973-765,Dharmapuri
L100000102640,way/311118424-765,Fatehpur
L100000102680,way/759521252-765,Medinipur
L100001000101,way/315823978-765,Kurnool
L100000102481,way/353914865-765,Korba
L100000102560,way/386153973-765,Dharmapuri
L100000102561,way/386153973-765,Dharmapuri
L100000102417,way/201845280-765,Wardha
L100000102655,way/311118424-765,Fatehpur
L100000104761,way/201845280-765,Wardha
L100000102353,way/311118424-765,Fatehpur
L100000102217,way/688672711-765,Bhuj
L100000102055,way/386153973-765,Dharmapuri
L100000102562,way/386153973-765,Dharmapuri
L100000102112,way/311118424-765,Fatehpur
L100000102113,way/311118424-765,Fatehpur
L100000102114,way/311118424-765,Fatehpur
L100000102563,way/386153973-765,Dharmapuri
L100001018066,way/353914865-765,Korba
L100000102419,way/201845280-765,Wardha
L100000102420,way/201845280-765,Wardha
L100000102421,way/201845280-765,Wardha
L100000102642,way/420797421-765,Sikandarabad
L100000102059,way/386153973-765,Dharmapuri
L100000102565,way/386153973-765,Dharmapuri
L100000102355,way/420797421-765,Sikandarabad
L100000102566,way/386153973-765,Dharmapuri
L100000102567,way/386153973-765,Dharmapuri
L100000102568,way/386153973-765,Dharmapuri
L100000102569,way/386153973-765,Dharmapuri
L100000102278,way/311118424-765,Fatehpur
L100000102340,way/420797421-765,Sikandarabad
L100000102644,way/311118424-765,Fatehpur
L100000102279,way/311118424-765,Fatehpur
L100000102600,way/315823978-765,Kurnool
L100000102239,way/420797421-765,Sikandarabad
L100000102645,way/311118424-765,Fatehpur
L100000102486,way/353914865-765,Korba
L100000102487,way/353914865-765,Korba
L100000102422,way/201845280-765,Wardha
L100000102423,way/293597835-765,Solapur
L100000102646,way/420797421-765,Sikandarabad
L100000102424,way/293597835-765,Solapur
L100000102281,way/311118424-765,Fatehpur
L100000102601,way/315823978-765,Kurnool
L100000102117,way/311118424-765,Fatehpur
L100000102426,way/201845280-765,Wardha
L100000102681,way/759521252-765,Medinipur
L100000102309,way/315823978-765,Kurnool
L100000102167,way/353914865-765,Korba
L100000102168,way/353914865-765,Korba
L100000102169,way/353914865-765,Korba
L100000102173,way/353914865-765,Korba
L100000102174,way/353914865-765,Korba
L100000102175,way/353914865-765,Korba
L100000102176,way/353914865-765,Korba
L100000102240,way/420797421-765,Sikandarabad
L100000102532,way/209826798-765,Indore
L100000102515,way/372701897-765,Moga
L100000102602,way/315823978-765,Kurnool
L100000102603,way/315823978-765,Kurnool
L100000102490,way/353914865-765,Korba
L100000102177,way/353914865-765,Korba
L100000102428,way/293597835-765,Solapur
L100000102178,way/209826798-765,Indore
L100000102491,way/353914865-765,Korba
L100000102066,way/315823978-765,Kurnool
L100000102492,way/353914865-765,Korba
L100000102648,way/311118424-765,Fatehpur
L100000102649,way/311118424-765,Fatehpur
L100000102516,way/372701897-765,Moga
L100000102650,way/420797421-765,Sikandarabad
L100000102494,way/353914865-765,Korba
L100000102223,way/331275940-765,Vadodara
L100000102684,way/311118424-765,Fatehpur
L100000102067,IN684-765,Rajahmundry
L100000102224,way/688672711-765,Bhuj
L100000102571,way/386153973-765,Dharmapuri
L100000102179,way/353914865-765,Korba
L100001000147,way/688672711-765,Bhuj
L100000102359,way/311118424-765,Fatehpur
L100000102686,way/759521252-765,Medinipur
L100000102360,way/311118424-765,Fatehpur
L100000102361,way/201845280-765,Wardha
L100000102574,way/386153973-765,Dharmapuri
L100000102366,way/209826798-765,Indore
L100000102533,way/369866141-765,Jaipur
L100000102367,way/311118424-765,Fatehpur
L100000102225,way/688672711-765,Bhuj
L100000102183,way/353914865-765,Korba
L100000102184,way/353914865-765,Korba
L100000102068,IN684-765,Rajahmundry
L100000102073,way/386153973-765,Dharmapuri
L100000102652,way/311118424-765,Fatehpur
L100000102185,way/353914865-765,Korba
L100000102606,way/315823978-765,Kurnool
L100000102431,way/293597835-765,Solapur
L100000102688,way/759521252-765,Medinipur
L100000102071,way/386153973-765,Dharmapuri
L100000102228,way/331275940-765,Vadodara
L100000102534,way/1143180503-765,Phalodi
L100000102188,way/353914865-765,Korba
L100000102501,way/353914865-765,Korba
L100000102502,way/353914865-765,Korba
L100000102504,way/353914865-765,Korba
L100000102518,way/372701897-765,Moga
L100000102189,way/353914865-765,Korba
L100000102653,way/311118424-765,Fatehpur
L100000102230,way/688672711-765,Bhuj
L100000102287,way/311118424-765,Fatehpur
L100001000571,way/420797421-765,Sikandarabad
L100000102583,way/386153973-765,Dharmapuri
L100000102582,way/386153973-765,Dharmapuri
L100000102432,way/201845280-765,Wardha
L100000102689,way/759521252-765,Medinipur
L100000102433,way/201845280-765,Wardha
L100000102550,way/386153973-765,Dharmapuri
L100000102584,way/386153973-765,Dharmapuri
L100000102586,way/386153973-765,Dharmapuri
L100000102587,way/386153973-765,Dharmapuri
L100000102190,way/353914865-765,Korba
L100000102588,way/386153973-765,Dharmapuri
L100000102311,way/386153973-765,Dharmapuri
L100000102231,way/331275940-765,Vadodara
L100000102589,way/386153973-765,Dharmapuri
L100000102506,way/353914865-765,Korba
L100000102654,way/311118424-765,Fatehpur
L100000102312,way/315823978-765,Kurnool
L100000102590,way/386153973-765,Dharmapuri
L100001000106,way/315823978-765,Kurnool
L100000102232,way/331275940-765,Vadodara
L100000102371,way/311118424-765,Fatehpur
L100000102079,IN684-765,Rajahmundry
L100000102081,IN684-765,Rajahmundry
L100000102083,IN684-765,Rajahmundry
L100000102535,way/1143180503-765,Phalodi
L100000102233,way/331275940-765,Vadodara
L100000102436,way/201845280-765,Wardha
L100000102437,way/201845280-765,Wardha
L100000102608,way/315823978-765,Kurnool
L100000102315,way/315823978-765,Kurnool
L100000102536,way/209826798-765,Indore
L100000900164,way/386153973-765,Dharmapuri
L100000900165,way/369866141-765,Jaipur
L100000900166,way/293597835-765,Solapur
L100000900167,way/420797421-765,Sikandarabad
L100000900168,way/386153973-765,Dharmapuri
L100000900169,way/331275940-765,Vadodara
L100000900170,way/369866141-765,Jaipur
L100000900171,way/201845280-765,Wardha
L100000900172,way/688672711-765,Bhuj
L100000900173,way/386153973-765,Dharmapuri
L100000900174,way/386153973-765,Dharmapuri
L100000900175,way/293597835-765,Solapur
L100000900176,way/293597835-765,Solapur
L100000900177,way/201845280-765,Wardha
L100000900178,way/386153973-765,Dharmapuri
L100000900179,way/201845280-765,Wardha
L100000900180,way/201845280-765,Wardha
L100000900181,way/331275940-765,Vadodara
L100000900182,way/209826798-765,Indore
L100000900183,way/331275940-765,Vadodara
L100000900184,way/386153973-765,Dharmapuri
L100000900185,way/315823978-765,Kurnool
L100000900186,way/1143180503-765,Phalodi
L100000900187,way/688672711-765,Bhuj
L100000900188,way/331275940-765,Vadodara
L100000900189,way/688672711-765,Bhuj
L100000900190,way/688672711-765,Bhuj
L100000900191,way/201845280-765,Wardha
L100000900192,way/386153973-765,Dharmapuri
L100000900193,way/420797421-765,Sikandarabad
L100000900194,way/386153973-765,Dharmapuri
L100000900195,way/386153973-765,Dharmapuri
L100000900196,way/386153973-765,Dharmapuri
L100000900197,way/386153973-765,Dharmapuri
L100000900198,way/369866141-765,Jaipur
L100000900199,way/209826798-765,Indore
L100000900200,way/386153973-765,Dharmapuri
L100000900201,way/369866141-765,Jaipur
L100000900202,way/1143180503-765,Phalodi
L100000900203,way/688672711-765,Bhuj
L100000900204,way/331275940-765,Vadodara
L100000900205,way/386153973-765,Dharmapuri
L100000900206,way/293597835-765,Solapur
L100000900207,way/293597835-765,Solapur
L100000900208,way/688672711-765,Bhuj
L100000900209,way/293597835-765,Solapur
L100000900210,way/331275940-765,Vadodara
L100000900211,way/293597835-765,Solapur
L100000900212,way/688672711-765,Bhuj
L100000900213,way/201845280-765,Wardha
L100000900214,way/315823978-765,Kurnool
L100000900215,way/386153973-765,Dharmapuri
L100000900216,way/688672711-765,Bhuj
L100000900217,way/386153973-765,Dharmapuri
L100000900218,way/386153973-765,Dharmapuri
L100000900219,way/293597835-765,Solapur
L100000900220,way/386153973-765,Dharmapuri
L100000900221,way/688672711-765,Bhuj
L100000900222,way/688672711-765,Bhuj
L100000900224,way/369866141-765,Jaipur
L100000900225,way/369866141-765,Jaipur
L100000900226,way/688672711-765,Bhuj
L100000900227,way/688672711-765,Bhuj
L100000900228,way/688672711-765,Bhuj
L100000900229,way/688672711-765,Bhuj
L100000900231,way/688672711-765,Bhuj
L100000900232,way/688672711-765,Bhuj
L100000900233,way/331275940-765,Vadodara
L100000900234,way/688672711-765,Bhuj
L100000900235,way/209826798-765,Indore
L100000900236,way/688672711-765,Bhuj
L100000900237,way/331275940-765,Vadodara
L100000900238,way/369866141-765,Jaipur
L100000900239,way/331275940-765,Vadodara
L100000900240,way/386153973-765,Dharmapuri
L100000900241,way/688672711-765,Bhuj
L100000900243,way/386153973-765,Dharmapuri
L100000900244,way/688672711-765,Bhuj
L100000900245,way/386153973-765,Dharmapuri
L100000900246,way/293597835-765,Solapur
L100000900247,way/201845280-765,Wardha
L100000900248,way/315823978-765,Kurnool
L100000900249,way/293597835-765,Solapur
L100000900250,IN684-765,Rajahmundry
L100000900251,way/386153973-765,Dharmapuri
L100000900252,way/420797421-765,Sikandarabad
L100000900253,way/688672711-765,Bhuj
L100000900254,way/369866141-765,Jaipur
L100000900255,way/293597835-765,Solapur
L100000900256,way/386153973-765,Dharmapuri
L100000900257,way/688672711-765,Bhuj
L100000900259,way/315823978-765,Kurnool
L100000900261,way/315823978-765,Kurnool
L100000900262,way/386153973-765,Dharmapuri
L100000900263,way/315823978-765,Kurnool
L100000900264,way/201845280-765,Wardha
L100000900265,way/201845280-765,Wardha
L100000900266,way/201845280-765,Wardha
L100000900268,way/386153973-765,Dharmapuri
L100000900269,way/688672711-765,Bhuj
L100000900270,way/369866141-765,Jaipur
L100000900272,way/201845280-765,Wardha
L100000900273,way/1143180503-765,Phalodi
L100000900275,way/315823978-765,Kurnool
L100000900276,way/386153973-765,Dharmapuri
L100000900277,way/386153973-765,Dharmapuri
L100000900278,way/386153973-765,Dharmapuri
L100000900279,way/386153973-765,Dharmapuri
L100000900280,way/209826798-765,Indore
L100000900281,way/331275940-765,Vadodara
L100000900282,way/688672711-765,Bhuj
L100000900283,way/201845280-765,Wardha
L100000900284,way/1143180503-765,Phalodi
L100000900285,way/420797421-765,Sikandarabad
L100000900286,way/293597835-765,Solapur
L100000900287,way/201845280-765,Wardha
L100000900288,way/201845280-765,Wardha
L100000900289,way/688672711-765,Bhuj
L100000900290,way/688672711-765,Bhuj
L100000900291,way/293597835-765,Solapur
L100000900292,way/369866141-765,Jaipur
L100000900293,way/369866141-765,Jaipur
L100000900294,way/386153973-765,Dharmapuri
L100000900295,way/201845280-765,Wardha
L100000900296,way/688672711-765,Bhuj
L100000900297,way/688672711-765,Bhuj
L100000900298,way/386153973-765,Dharmapuri
L100000900299,way/688672711-765,Bhuj
L100000900300,way/209826798-765,Indore
L100000900301,way/688672711-765,Bhuj
L100000900302,way/688672711-765,Bhuj
L100000900303,way/688672711-765,Bhuj
L100000900304,way/293597835-765,Solapur
L100000900305,way/315823978-765,Kurnool
L100000900306,way/315823978-765,Kurnool
L100000900307,way/315823978-765,Kurnool
L100000900308,way/315823978-765,Kurnool
L100000900309,way/386153973-765,Dharmapuri
L100000900310,way/386153973-765,Dharmapuri
L100000900311,way/315823978-765,Kurnool
L100000900312,way/315823978-765,Kurnool
L100000900313,way/688672711-765,Bhuj
L100000900314,way/293597835-765,Solapur
L100000900315,way/209826798-765,Indore
L100000900316,way/688672711-765,Bhuj
L100000900317,way/386153973-765,Dharmapuri
L100000900318,way/201845280-765,Wardha
L100000900319,way/688672711-765,Bhuj
L100000900320,way/386153973-765,Dharmapuri
L100000900321,way/386153973-765,Dharmapuri
L100000900322,way/386153973-765,Dharmapuri
L100000900323,way/386153973-765,Dharmapuri
L100000900324,way/293597835-765,Solapur
L100000900325,way/688672711-765,Bhuj
L100000900326,way/688672711-765,Bhuj
L100000900327,way/688672711-765,Bhuj
L100000900328,way/688672711-765,Bhuj
L100000900329,way/688672711-765,Bhuj
L100000900330,way/688672711-765,Bhuj
L100000900331,way/209826798-765,Indore
L100000900332,way/293597835-765,Solapur
L100000900333,way/209826798-765,Indore
L100000900334,way/688672711-765,Bhuj
L100000900335,way/688672711-765,Bhuj
L100000900336,way/293597835-765,Solapur
L100000900337,way/293597835-765,Solapur
L100000900338,way/293597835-765,Solapur
L100000900339,way/386153973-765,Dharmapuri
L100000900340,way/688672711-765,Bhuj
L100000900342,way/688672711-765,Bhuj
L100000900343,way/688672711-765,Bhuj
L100000900344,way/688672711-765,Bhuj
L100000900345,way/386153973-765,Dharmapuri
L100000900346,way/331275940-765,Vadodara
L100000900347,way/315823978-765,Kurnool
L100000900348,way/315823978-765,Kurnool
L100000900349,way/315823978-765,Kurnool
L100000900350,way/209826798-765,Indore
L100000900351,way/369866141-765,Jaipur
L100000900352,way/209826798-765,Indore
L100000900353,way/209826798-765,Indore
L100000900354,way/386153973-765,Dharmapuri
L100000900355,way/315823978-765,Kurnool
L100000900356,way/315823978-765,Kurnool
L100000900357,way/420797421-765,Sikandarabad
L100000900358,way/293597835-765,Solapur
L100000900359,way/688672711-765,Bhuj
L100000900360,way/209826798-765,Indore
L100000900361,way/315823978-765,Kurnool
L100000900362,way/315823978-765,Kurnool
L100000900363,way/315823978-765,Kurnool
L100000900364,way/315823978-765,Kurnool
L100000900365,way/315823978-765,Kurnool
L100000900366,way/386153973-765,Dharmapuri
L100000900367,way/386153973-765,Dharmapuri
L100000900368,way/1143180503-765,Phalodi
L100000900369,way/315823978-765,Kurnool
L100000900370,way/293597835-765,Solapur
L100000900371,way/386153973-765,Dharmapuri
L100000900374,way/386153973-765,Dharmapuri
L100000900375,way/688672711-765,Bhuj
L100000900376,way/688672711-765,Bhuj
L100000900377,way/688672711-765,Bhuj
L100000900378,way/688672711-765,Bhuj
L100000900379,way/688672711-765,Bhuj
L100000900380,way/688672711-765,Bhuj
L100000900381,way/688672711-765,Bhuj
L100000900382,way/688672711-765,Bhuj
L100000900383,way/1143180503-765,Phalodi
L100000900384,way/369866141-765,Jaipur
L100000900385,way/688672711-765,Bhuj
L100000900386,way/688672711-765,Bhuj
L100000900387,way/688672711-765,Bhuj
L100000900389,way/688672711-765,Bhuj
L100000900393,way/688672711-765,Bhuj
L100000900395,way/1143180503-765,Phalodi
L100000900396,way/688672711-765,Bhuj
L100000900397,way/688672711-765,Bhuj
L100000900398,way/688672711-765,Bhuj
L100000900399,way/688672711-765,Bhuj
L100000900400,way/688672711-765,Bhuj
L100000900401,way/688672711-765,Bhuj
L100000900402,way/688672711-765,Bhuj
L100000900403,way/688672711-765,Bhuj
L100000900404,way/688672711-765,Bhuj
L100000900405,way/688672711-765,Bhuj
L100000900406,way/688672711-765,Bhuj
L100000900407,way/688672711-765,Bhuj
L100000900408,way/688672711-765,Bhuj
L100000900409,way/315823978-765,Kurnool
L100000900410,way/293597835-765,Solapur
L100000900411,way/1143180503-765,Phalodi
L100000900412,way/209826798-765,Indore
L100000900413,way/1143180503-765,Phalodi
L100000900414,way/315823978-765,Kurnool
L100000900415,way/201845280-765,Wardha
L100000900416,way/315823978-765,Kurnool
L100000900417,way/386153973-765,Dharmapuri
L100000900418,way/201845280-765,Wardha
L100000900419,way/293597835-765,Solapur
L100000900420,way/386153973-765,Dharmapuri
L100000900421,way/369866141-765,Jaipur
L100000900422,way/386153973-765,Dharmapuri
L100000900423,way/688672711-765,Bhuj
L100000900424,way/1143180503-765,Phalodi
L100000900425,way/1143180503-765,Phalodi
L100000900426,way/1143180503-765,Phalodi
L100000900427,way/386153973-765,Dharmapuri
L100000900428,way/331275940-765,Vadodara
L100000900429,way/293597835-765,Solapur
L100000900430,way/386153973-765,Dharmapuri
L100000900431,way/688672711-765,Bhuj
L100000900432,way/688672711-765,Bhuj
L100000900433,way/386153973-765,Dharmapuri
L100000900434,way/369866141-765,Jaipur
L100000900435,way/688672711-765,Bhuj
L100000900436,way/1143180503-765,Phalodi
L100000900437,way/1143180503-765,Phalodi
L100000900438,way/386153973-765,Dharmapuri
L100000900439,way/386153973-765,Dharmapuri
L100000900440,way/315823978-765,Kurnool
L100000900441,way/386153973-765,Dharmapuri
L100000900442,way/201845280-765,Wardha
L100000900443,way/386153973-765,Dharmapuri
L100000900444,way/386153973-765,Dharmapuri
L100000900445,way/386153973-765,Dharmapuri
L100000900446,way/386153973-765,Dharmapuri
L100000900447,way/386153973-765,Dharmapuri
L100000900448,way/1143180503-765,Phalodi
L100000900449,way/293597835-765,Solapur
L100000900450,way/209826798-765,Indore
L100000900451,way/386153973-765,Dharmapuri
L100000900452,way/386153973-765,Dharmapuri
L100000900453,way/420797421-765,Sikandarabad
L100000900454,way/1143180503-765,Phalodi
L100000900455,way/386153973-765,Dharmapuri
L100000900457,way/209826798-765,Indore
L100000900458,way/315823978-765,Kurnool
L100000900459,way/1143180503-765,Phalodi
L100000900460,way/386153973-765,Dharmapuri
L100000900461,way/315823978-765,Kurnool
L100000900462,way/315823978-765,Kurnool
L100000900463,way/315823978-765,Kurnool
L100000900464,way/201845280-765,Wardha
L100000900466,way/331275940-765,Vadodara
L100000900467,way/369866141-765,Jaipur
L100000900468,way/331275940-765,Vadodara
L100000900469,way/386153973-765,Dharmapuri
L100000900470,way/331275940-765,Vadodara
L100000900471,way/315823978-765,Kurnool
L100000900472,way/369866141-765,Jaipur
L100000900473,way/369866141-765,Jaipur
L100000900474,way/315823978-765,Kurnool
L100000900475,way/315823978-765,Kurnool
L100000900476,way/315823978-765,Kurnool
L100000900477,way/386153973-765,Dharmapuri
L100000900478,way/201845280-765,Wardha
L100000900479,way/386153973-765,Dharmapuri
L100000900480,way/315823978-765,Kurnool
L100000900481,way/1143180503-765,Phalodi
L100000900482,way/315823978-765,Kurnool
L100000900483,way/293597835-765,Solapur
L100000900484,way/1143180503-765,Phalodi
L100000900485,way/688672711-765,Bhuj
L100000900486,way/386153973-765,Dharmapuri
L100000900487,way/386153973-765,Dharmapuri
L100000900488,way/386153973-765,Dharmapuri
L100000900489,way/293597835-765,Solapur
L100000900490,way/386153973-765,Dharmapuri
L100000900491,way/201845280-765,Wardha
L100000900492,way/386153973-765,Dharmapuri
L100000900493,way/293597835-765,Solapur
L100000900494,way/386153973-765,Dharmapuri
L100000900495,way/386153973-765,Dharmapuri
L100000900496,way/201845280-765,Wardha
L100000900497,way/386153973-765,Dharmapuri
L100000900498,way/201845280-765,Wardha
L100000900499,way/688672711-765,Bhuj
L100000900500,way/331275940-765,Vadodara
L100000900501,way/386153973-765,Dharmapuri
L100000900502,way/293597835-765,Solapur
L100000900503,way/331275940-765,Vadodara
L100000900504,way/369866141-765,Jaipur
L100000900505,way/331275940-765,Vadodara
L100000900506,way/369866141-765,Jaipur
L100000900507,way/688672711-765,Bhuj
L100000900508,way/420797421-765,Sikandarabad
L100000900509,way/1143180503-765,Phalodi
L100000900510,way/688672711-765,Bhuj
L100000900511,way/386153973-765,Dharmapuri
L100000900512,way/331275940-765,Vadodara
L100000900513,way/386153973-765,Dharmapuri
L100000900514,way/386153973-765,Dharmapuri
L100000900515,way/386153973-765,Dharmapuri
L100000900516,way/386153973-765,Dharmapuri
L100000900517,way/386153973-765,Dharmapuri
L100000900518,way/315823978-765,Kurnool
L100000900519,way/315823978-765,Kurnool
L100000900520,way/386153973-765,Dharmapuri
L100000900521,way/386153973-765,Dharmapuri
L100000900522,way/386153973-765,Dharmapuri
L100000900523,way/386153973-765,Dharmapuri
L100000900524,way/201845280-765,Wardha
L100000900525,way/209826798-765,Indore
L100000900526,way/293597835-765,Solapur
L100000900527,way/1143180503-765,Phalodi
L100000900528,way/688672711-765,Bhuj
L100000900529,way/688672711-765,Bhuj
L100000900530,way/331275940-765,Vadodara
L100000900531,way/386153973-765,Dharmapuri
L100000900532,way/420797421-765,Sikandarabad
L100000900533,way/331275940-765,Vadodara
L100000900534,way/1143180503-765,Phalodi
L100000900535,way/293597835-765,Solapur
L100000900536,way/386153973-765,Dharmapuri
L100000900537,way/688672711-765,Bhuj
L100000900538,way/315823978-765,Kurnool
L100000900539,way/688672711-765,Bhuj
L100000900540,way/315823978-765,Kurnool
L100000900541,way/688672711-765,Bhuj
L100000900542,way/315823978-765,Kurnool
L100000900543,way/386153973-765,Dharmapuri
L100000900544,way/315823978-765,Kurnool
L100000900545,way/209826798-765,Indore
L100000900546,way/315823978-765,Kurnool
L100000900547,way/315823978-765,Kurnool
L100000900548,way/369866141-765,Jaipur
L100000900549,way/420797421-765,Sikandarabad
L100000900550,way/201845280-765,Wardha
L100000900551,way/386153973-765,Dharmapuri
L100000900552,way/1143180503-765,Phalodi
L100000900553,way/293597835-765,Solapur
L100000900554,way/386153973-765,Dharmapuri
L100000900555,way/386153973-765,Dharmapuri
L100000900556,way/386153973-765,Dharmapuri
L100000900557,way/386153973-765,Dharmapuri
L100000900558,way/386153973-765,Dharmapuri
L100000900559,way/386153973-765,Dharmapuri
L100000900560,way/386153973-765,Dharmapuri
L100000900561,way/386153973-765,Dharmapuri
L100000900562,way/386153973-765,Dharmapuri
L100000900563,way/209826798-765,Indore
L100000900564,way/293597835-765,Solapur
L100000900565,way/315823978-765,Kurnool
L100000900566,way/293597835-765,Solapur
L100000900567,way/1143180503-765,Phalodi
L100000900568,way/386153973-765,Dharmapuri
L100000900569,way/201845280-765,Wardha
L100000900570,way/293597835-765,Solapur
L100000900571,way/209826798-765,Indore
L100000900572,way/1143180503-765,Phalodi
L100000900573,way/209826798-765,Indore
L100000900574,way/209826798-765,Indore
L100000900575,way/209826798-765,Indore
L100000900576,way/315823978-765,Kurnool
L100000900577,way/293597835-765,Solapur
L100000900578,way/293597835-765,Solapur
L100000900579,way/386153973-765,Dharmapuri
L100000900580,way/386153973-765,Dharmapuri
L100000900581,way/293597835-765,Solapur
L100000900582,way/688672711-765,Bhuj
L100000900585,way/209826798-765,Indore
L100000900586,way/209826798-765,Indore
L100000900587,way/315823978-765,Kurnool
L100000900588,way/209826798-765,Indore
L100000900589,way/369866141-765,Jaipur
L100000900590,way/315823978-765,Kurnool
L100000900591,way/315823978-765,Kurnool
L100000900592,way/369866141-765,Jaipur
L100000900593,way/315823978-765,Kurnool
L100000900594,way/331275940-765,Vadodara
L100000900595,way/1143180503-765,Phalodi
L100000900596,way/1143180503-765,Phalodi
L100000900597,way/386153973-765,Dharmapuri
L100000900598,way/293597835-765,Solapur
L100000900599,way/688672711-765,Bhuj
L100000900600,way/293597835-765,Solapur
L100000900601,way/293597835-765,Solapur
L100000900602,way/1143180503-765,Phalodi
L100000900603,way/386153973-765,Dharmapuri
L100000900604,way/688672711-765,Bhuj
L100000900605,way/201845280-765,Wardha
L100000900606,way/1143180503-765,Phalodi
L100000900607,way/1143180503-765,Phalodi
L100000900608,way/1143180503-765,Phalodi
L100000900609,way/1143180503-765,Phalodi
L100000900610,way/209826798-765,Indore
L100000900611,way/209826798-765,Indore
L100000900612,way/311118424-765,Fatehpur
L100000900613,way/688672711-765,Bhuj
L100000900614,way/688672711-765,Bhuj
L100000900615,way/688672711-765,Bhuj
L100000900616,way/688672711-765,Bhuj
L100000900617,way/331275940-765,Vadodara
L100000900618,way/688672711-765,Bhuj
L100000900619,way/688672711-765,Bhuj
L100000900620,way/688672711-765,Bhuj
L100000900621,way/201845280-765,Wardha
L100000900622,way/331275940-765,Vadodara
L100000900624,way/688672711-765,Bhuj
L100000900625,way/386153973-765,Dharmapuri
L100000900626,way/386153973-765,Dharmapuri
L100000900627,way/386153973-765,Dharmapuri
L100000900628,way/386153973-765,Dharmapuri
L100000900629,way/386153973-765,Dharmapuri
L100000900630,way/1143180503-765,Phalodi
L100000900631,way/688672711-765,Bhuj
L100000900632,way/369866141-765,Jaipur
L100000900633,way/688672711-765,Bhuj
L100000900635,way/209826798-765,Indore
L100000900636,way/209826798-765,Indore
L100000900637,way/209826798-765,Indore
L100000900638,way/420797421-765,Sikandarabad
L100000900639,way/209826798-765,Indore
L100000900640,way/315823978-765,Kurnool
L100000900641,way/420797421-765,Sikandarabad
L100000900642,way/420797421-765,Sikandarabad
L100000900643,way/331275940-765,Vadodara
L100000900644,way/331275940-765,Vadodara
L100000900645,way/331275940-765,Vadodara
L100000900646,way/331275940-765,Vadodara
L100000900647,way/331275940-765,Vadodara
L100000900648,way/420797421-765,Sikandarabad
L100000900650,way/293597835-765,Solapur
L100000900651,way/201845280-765,Wardha
L100000900652,way/209826798-765,Indore
L100000900653,way/1143180503-765,Phalodi
L100000900654,way/688672711-765,Bhuj
L100000900655,way/293597835-765,Solapur
L100000900656,way/293597835-765,Solapur
L100000900657,way/293597835-765,Solapur
L100000900658,way/201845280-765,Wardha
L100000900659,way/209826798-765,Indore
L100000900660,way/315823978-765,Kurnool
L100000900661,way/315823978-765,Kurnool
L100000900662,way/201845280-765,Wardha
L100000900663,way/386153973-765,Dharmapuri
L100000900664,way/209826798-765,Indore
L100000900665,way/331275940-765,Vadodara
L100000900666,way/293597835-765,Solapur
L100000900667,way/688672711-765,Bhuj
L100000900668,way/201845280-765,Wardha
L100000900669,way/386153973-765,Dharmapuri
L100000900670,way/293597835-765,Solapur
L100000900671,way/386153973-765,Dharmapuri
L100000900672,way/688672711-765,Bhuj
L100000900673,way/331275940-765,Vadodara
L100000900674,way/331275940-765,Vadodara
L100000900675,way/315823978-765,Kurnool
L100000900676,way/688672711-765,Bhuj
L100000900677,way/688672711-765,Bhuj
L100000900678,way/688672711-765,Bhuj
L100000900679,way/688672711-765,Bhuj
L100000900680,way/688672711-765,Bhuj
L100000900681,way/688672711-765,Bhuj
L100000900682,way/201845280-765,Wardha
L100000900683,way/688672711-765,Bhuj
L100000900684,way/293597835-765,Solapur
L100000900685,way/201845280-765,Wardha
L100000900686,way/201845280-765,Wardha
L100000900687,way/688672711-765,Bhuj
L100000900688,way/331275940-765,Vadodara
L100000900689,way/1143180503-765,Phalodi
L100000900690,way/688672711-765,Bhuj
L100000900691,way/688672711-765,Bhuj
L100000900692,way/209826798-765,Indore
L100000900693,way/420797421-765,Sikandarabad
L100000900694,way/293597835-765,Solapur
L100000900695,way/293597835-765,Solapur
L100000900696,way/331275940-765,Vadodara
L100000900697,way/386153973-765,Dharmapuri
L100000900698,way/315823978-765,Kurnool
L100000900699,way/688672711-765,Bhuj
L100000900700,way/688672711-765,Bhuj
L100000900701,way/688672711-765,Bhuj
L100000900702,way/386153973-765,Dharmapuri
L100000900703,way/386153973-765,Dharmapuri
L100000900704,way/315823978-765,Kurnool
L100000917027,way/1143180503-765,Phalodi
L100000917029,way/1143180503-765,Phalodi
L100000917030,way/1143180503-765,Phalodi
L100000917031,way/688672711-765,Bhuj
L100000917032,way/331275940-765,Vadodara
L100000917033,way/386153973-765,Dharmapuri
L100000917034,way/1143180503-765,Phalodi
L100000917035,way/201845280-765,Wardha
L100000917036,way/331275940-765,Vadodara
L100000917037,way/331275940-765,Vadodara
L100000917038,way/1143180503-765,Phalodi
L100000917039,way/386153973-765,Dharmapuri
L100000917040,way/201845280-765,Wardha
L100000917041,way/293597835-765,Solapur
L100000917042,way/386153973-765,Dharmapuri
L100000917043,way/386153973-765,Dharmapuri
L100000917044,way/386153973-765,Dharmapuri
L100000917045,way/1143180503-765,Phalodi
L100000917046,way/688672711-765,Bhuj
L100000917047,way/201845280-765,Wardha
L100000917048,way/688672711-765,Bhuj
L100000917049,way/688672711-765,Bhuj
L100000917050,way/688672711-765,Bhuj
L100000917051,way/688672711-765,Bhuj
L100000917052,way/688672711-765,Bhuj
L100000917053,way/688672711-765,Bhuj
L100000917054,way/688672711-765,Bhuj
L100000917056,way/1143180503-765,Phalodi
L100000917057,way/293597835-765,Solapur
L100000917058,way/1143180503-765,Phalodi
L100000917059,way/1143180503-765,Phalodi
L100000917060,way/688672711-765,Bhuj
L100000917061,way/293597835-765,Solapur
L100000917062,way/293597835-765,Solapur
L100000917063,way/293597835-765,Solapur
L100000917065,way/293597835-765,Solapur
L100000917066,way/293597835-765,Solapur
L100000917067,way/293597835-765,Solapur
L100000917068,way/386153973-765,Dharmapuri
L100000917069,way/293597835-765,Solapur
L100000917070,way/293597835-765,Solapur
L100000917071,way/386153973-765,Dharmapuri
L100000917072,way/331275940-765,Vadodara
L100000917073,way/201845280-765,Wardha
L100000917074,way/201845280-765,Wardha
L100000917075,way/293597835-765,Solapur
L100000917076,way/688672711-765,Bhuj
L100000917078,way/688672711-765,Bhuj
L100000917079,way/688672711-765,Bhuj
L100000917080,way/688672711-765,Bhuj
L100000917081,way/688672711-765,Bhuj
L100000917082,way/688672711-765,Bhuj
L100000917083,way/688672711-765,Bhuj
L100000917084,way/201845280-765,Wardha
L100000917085,way/201845280-765,Wardha
L100000917086,way/1143180503-765,Phalodi
L100000917087,way/1143180503-765,Phalodi
L100000917088,way/1143180503-765,Phalodi
L100000917089,way/1143180503-765,Phalodi
L100000917090,way/315823978-765,Kurnool
L100000917091,way/688672711-765,Bhuj
L100000917092,way/420797421-765,Sikandarabad
L100000917093,way/420797421-765,Sikandarabad
L100000917094,way/420797421-765,Sikandarabad
L100000917095,way/420797421-765,Sikandarabad
L100000917096,way/386153973-765,Dharmapuri
L100000917097,way/420797421-765,Sikandarabad
L100000917098,way/420797421-765,Sikandarabad
L100000917099,way/1143180503-765,Phalodi
L100000917100,way/369866141-765,Jaipur
L100000917102,way/688672711-765,Bhuj
L100000917104,way/386153973-765,Dharmapuri
L100000917105,way/1143180503-765,Phalodi
L100000917107,way/293597835-765,Solapur
L100000917108,way/386153973-765,Dharmapuri
L100000917109,way/1143180503-765,Phalodi
L100000917110,way/293597835-765,Solapur
L100000917111,way/293597835-765,Solapur
L100000917112,way/386153973-765,Dharmapuri
L100000917113,way/386153973-765,Dharmapuri
L100000917114,way/386153973-765,Dharmapuri
L100000917115,way/386153973-765,Dharmapuri
L100000917116,way/386153973-765,Dharmapuri
L100000917117,way/1143180503-765,Phalodi
L100000917118,way/315823978-765,Kurnool
L100000917119,way/386153973-765,Dharmapuri
L100000922337,way/688672711-765,Bhuj
L100000922338,way/331275940-765,Vadodara
L100000922339,way/688672711-765,Bhuj
L100000922340,way/293597835-765,Solapur
L100000922341,way/201845280-765,Wardha
L100000922342,way/201845280-765,Wardha
L100000922343,way/201845280-765,Wardha
L100000922344,way/293597835-765,Solapur
L100000922345,way/386153973-765,Dharmapuri
L100000922346,way/293597835-765,Solapur
L100000922347,way/293597835-765,Solapur
L100000922348,way/386153973-765,Dharmapuri
L100000922349,way/293597835-765,Solapur
L100000922350,way/688672711-765,Bhuj
L100000922351,way/293597835-765,Solapur
L100000922352,way/293597835-765,Solapur
L100000922353,way/386153973-765,Dharmapuri
L100000922354,way/1143180503-765,Phalodi
L100000922355,way/201845280-765,Wardha
L100000922356,way/386153973-765,Dharmapuri
L100000922357,way/315823978-765,Kurnool
L100000922358,way/386153973-765,Dharmapuri
L100000922359,way/315823978-765,Kurnool
L100000922360,way/293597835-765,Solapur
L100000922361,way/293597835-765,Solapur
L100000922362,way/386153973-765,Dharmapuri
L100000922363,way/315823978-765,Kurnool
L100000922364,way/293597835-765,Solapur
L100000922365,way/201845280-765,Wardha
L100000922366,way/331275940-765,Vadodara
L100000922367,way/293597835-765,Solapur
L100000922368,way/201845280-765,Wardha
L100000922369,way/386153973-765,Dharmapuri
L100000922370,way/386153973-765,Dharmapuri
L100000922371,way/386153973-765,Dharmapuri
L100000922372,way/386153973-765,Dharmapuri
L100000922373,way/386153973-765,Dharmapuri
L100000922374,way/386153973-765,Dharmapuri
L100000922375,way/386153973-765,Dharmapuri
L100000922376,way/201845280-765,Wardha
L100000922377,way/293597835-765,Solapur
L100000922378,way/386153973-765,Dharmapuri
L100000922379,way/201845280-765,Wardha
L100000922380,way/201845280-765,Wardha
L100000922381,way/688672711-765,Bhuj
L100000922382,way/293597835-765,Solapur
L100000922383,way/1143180503-765,Phalodi
L100000922384,way/386153973-765,Dharmapuri
L100000922385,way/386153973-765,Dharmapuri
L100000922386,way/293597835-765,Solapur
L100000922387,way/293597835-765,Solapur
L100000922388,way/293597835-765,Solapur
L100000922389,way/688672711-765,Bhuj
L100000922390,way/688672711-765,Bhuj
L100000922391,way/201845280-765,Wardha
L100000922392,way/293597835-765,Solapur
L100000922393,way/386153973-765,Dharmapuri
L100000922394,way/331275940-765,Vadodara
L100001019483,way/293597835-765,Solapur
L100001019488,way/293597835-765,Solapur
L100001019492,way/688672711-765,Bhuj
L100001019493,way/315823978-765,Kurnool
L100001019494,way/688672711-765,Bhuj
L100001019508,way/688672711-765,Bhuj
L100001019538,way/386153973-765,Dharmapuri
L100001019545,way/293597835-765,Solapur
L100001019599,way/201845280-765,Wardha
L100001019602,way/331275940-765,Vadodara
L100001019609,way/293597835-765,Solapur
L100001019611,way/420797421-765,Sikandarabad
L100001019612,way/688672711-765,Bhuj
L100001019616,way/201845280-765,Wardha
L100001019618,way/420797421-765,Sikandarabad
L100001019620,way/688672711-765,Bhuj
L100001019631,way/688672711-765,Bhuj
L100001019632,way/386153973-765,Dharmapuri
L100001019633,way/386153973-765,Dharmapuri
L100001019634,way/386153973-765,Dharmapuri
L100001019635,way/386153973-765,Dharmapuri
L100001019636,way/386153973-765,Dharmapuri
L100001019637,way/386153973-765,Dharmapuri
L100001019638,way/386153973-765,Dharmapuri
L100001019639,way/688672711-765,Bhuj
L100001019640,way/688672711-765,Bhuj
L100001019642,way/201845280-765,Wardha
L100001019643,way/369866141-765,Jaipur
L100001019659,way/331275940-765,Vadodara
L100001019665,way/688672711-765,Bhuj
L100001019667,way/688672711-765,Bhuj
L100001019681,way/420797421-765,Sikandarabad
L100001019682,way/420797421-765,Sikandarabad
L100001019683,way/420797421-765,Sikandarabad
L100001019684,way/420797421-765,Sikandarabad
L100001019685,way/420797421-765,Sikandarabad
L100001019686,way/420797421-765,Sikandarabad
L100001019687,way/420797421-765,Sikandarabad
L100001019688,way/420797421-765,Sikandarabad
L100001019689,way/386153973-765,Dharmapuri
L100001020633,way/386153973-765,Dharmapuri
L100001042982,way/688672711-765,Bhuj
L100001042986,way/315823978-765,Kurnool
L100000800529,way/386153973-765,Dharmapuri
L100000800631,way/315823978-765,Kurnool
L100000808835,way/209826798-765,Indore
L100000829416,way/369866141-765,Jaipur
L100000829419,way/315823978-765,Kurnool
L100000800632,way/293597835-765,Solapur
L100001020547,way/311118424-765,Fatehpur
L100000800564,way/209826798-765,Indore
L100000829424,way/331275940-765,Vadodara
L100000829426,way/420797421-765,Sikandarabad
L100000829427,way/1143180503-765,Phalodi
L100000829428,way/1143180503-765,Phalodi
L100000829429,way/1143180503-765,Phalodi
L100000829431,way/386153973-765,Dharmapuri
L100000808836,way/203673991-400,Tezpur
L100000800586,way/331275940-765,Vadodara
L100000800721,way/386153973-765,Dharmapuri
L100000800751,way/386153973-765,Dharmapuri
L100000800587,way/386153973-765,Dharmapuri
L100000800407,way/386153973-765,Dharmapuri
L100000800463,way/315823978-765,Kurnool
L100000800374,way/386153973-765,Dharmapuri
L100000800477,way/386153973-765,Dharmapuri
L100000800526,way/386153973-765,Dharmapuri
L100000800393,way/386153973-765,Dharmapuri
L100000800398,way/386153973-765,Dharmapuri
L100000800722,way/386153973-765,Dharmapuri
L100000829433,way/315823978-765,Kurnool
L100000808837,way/386153973-765,Dharmapuri
L100000808838,way/315823978-765,Kurnool
L100000808839,way/386153973-765,Dharmapuri
L100001020476,way/315823978-765,Kurnool
L100000800478,way/315823978-765,Kurnool
L100000800479,way/315823978-765,Kurnool
L100000800480,way/315823978-765,Kurnool
L100000800588,way/1143180503-765,Phalodi
L100001020326,way/311118424-765,Fatehpur
L100001020462,way/386153973-765,Dharmapuri
L100000800530,way/315823978-765,Kurnool
L100001020512,way/203673991-400,Tezpur
L100001020513,way/203673991-400,Tezpur
L100001020511,way/203673991-400,Tezpur
L100000800481,way/203673991-400,Tezpur
L100000808841,way/203673991-400,Tezpur
L100001019922,way/203673991-400,Tezpur
L100000800579,way/353914865-765,Korba
L100001023592,way/311118424-765,Fatehpur
L100000800589,way/420797421-765,Sikandarabad
L100000800590,way/420797421-765,Sikandarabad
L100000800466,way/201845280-765,Wardha
L100000808842,way/1143180503-765,Phalodi
L100000829460,way/293597835-765,Solapur
L100000800633,way/293597835-765,Solapur
L100001020315,way/420797421-765,Sikandarabad
L100001020415,way/688672711-765,Bhuj
L100001019728,way/688672711-765,Bhuj
L100001020323,way/420797421-765,Sikandarabad
L100001042922,way/1143180503-765,Phalodi
L100000808843,way/1143180503-765,Phalodi
L100000800634,way/369866141-765,Jaipur
L100000829463,way/386153973-765,Dharmapuri
L100000800415,way/386153973-765,Dharmapuri
L100000829464,way/311118424-765,Fatehpur
L100000829465,way/688672711-765,Bhuj
L100000829466,way/372701897-765,Moga
L100000800635,way/293597835-765,Solapur
L100000829469,way/315823978-765,Kurnool
L100000800514,way/353914865-765,Korba
L100000800386,way/372701897-765,Moga
L100001020531,way/331275940-765,Vadodara
L100000829470,way/331275940-765,Vadodara
L100000800467,way/386153973-765,Dharmapuri
L100001020322,way/311118424-765,Fatehpur
L100001020319,way/311118424-765,Fatehpur
L100000808844,way/311118424-765,Fatehpur
L100000829472,way/386153973-765,Dharmapuri
L100000800408,way/1143180503-765,Phalodi
L100000800723,way/201845280-765,Wardha
L100000800387,way/372701897-765,Moga
L100001019874,way/420797421-765,Sikandarabad
L100001020444,way/1143180503-765,Phalodi
L100001020361,way/1143180503-765,Phalodi
L100001020366,way/1143180503-765,Phalodi
L100001020368,way/1143180503-765,Phalodi
L100001020357,way/1143180503-765,Phalodi
L100001020482,way/1143180503-765,Phalodi
L100000829477,way/1143180503-765,Phalodi
L100000800567,way/1143180503-765,Phalodi
L100000800464,way/293597835-765,Solapur
L100001020575,way/372701897-765,Moga
L100000829483,way/1143180503-765,Phalodi
L100000829484,way/420797421-765,Sikandarabad
L100000800704,way/293597835-765,Solapur
L100000829486,way/293597835-765,Solapur
L100001020214,way/353914865-765,Korba
L100000829512,way/1143180503-765,Phalodi
L100000800409,way/1143180503-765,Phalodi
L100000800461,way/1143180503-765,Phalodi
L100000800372,way/1143180503-765,Phalodi
L100000800492,way/369866141-765,Jaipur
L100000800375,way/1143180503-765,Phalodi
L100000800508,way/1143180503-765,Phalodi
L100000800522,way/1143180503-765,Phalodi
L100000800555,way/1143180503-765,Phalodi
L100001020369,way/1143180503-765,Phalodi
L100001020359,way/1143180503-765,Phalodi
L100000829494,way/1143180503-765,Phalodi
L100000800591,way/1143180503-765,Phalodi
L100000829495,way/1143180503-765,Phalodi
L100000800615,way/1143180503-765,Phalodi
L100000800636,way/1143180503-765,Phalodi
L100000800685,way/1143180503-765,Phalodi
L100000800691,way/1143180503-765,Phalodi
L100000800752,way/1143180503-765,Phalodi
L100001020472,way/1143180503-765,Phalodi
L100001020010,way/1143180503-765,Phalodi
L100000800617,way/420797421-765,Sikandarabad
L100000800637,way/293597835-765,Solapur
L100001020537,way/1143180503-765,Phalodi
L100000829501,way/688672711-765,Bhuj
L100001020539,way/759521252-765,Medinipur
L100000800416,way/372701897-765,Moga
L100000800724,way/372701897-765,Moga
L100000829504,way/331275940-765,Vadodara
L100000800592,way/369866141-765,Jaipur
L100001020481,way/688672711-765,Bhuj
L100000829514,way/293597835-765,Solapur
L100001019867,way/315823978-765,Kurnool
L100000800361,way/315823978-765,Kurnool
L100000800618,way/293597835-765,Solapur
L100001020520,way/420797421-765,Sikandarabad
L100000829521,way/1143180503-765,Phalodi
L100000800474,way/1143180503-765,Phalodi
L100001020245,way/1143180503-765,Phalodi
L100001020232,way/1143180503-765,Phalodi
L100001020372,way/1143180503-765,Phalodi
L100001020371,way/1143180503-765,Phalodi
L100000829522,way/1143180503-765,Phalodi
L100001020119,way/1143180503-765,Phalodi
L100001020459,way/1143180503-765,Phalodi
L100001020458,way/1143180503-765,Phalodi
L100000829523,way/1143180503-765,Phalodi
L100001020385,way/1143180503-765,Phalodi
L100000829524,way/1143180503-765,Phalodi
L100000808848,way/369866141-765,Jaipur
L100000829525,way/1143180503-765,Phalodi
L100000808849,way/1143180503-765,Phalodi
L100000800639,way/293597835-765,Solapur
L100000800593,way/311118424-765,Fatehpur
L100001020006,way/311118424-765,Fatehpur
L100000829529,way/293597835-765,Solapur
L100000800417,way/688672711-765,Bhuj
L100001019881,way/1143180503-765,Phalodi
L100000829533,way/386153973-765,Dharmapuri
L100000829536,way/201845280-765,Wardha
L100000800418,way/293597835-765,Solapur
L100000829537,way/386153973-765,Dharmapuri
L100000829568,way/331275940-765,Vadodara
L100000829572,way/331275940-765,Vadodara
L100000800563,way/201845280-765,Wardha
L100000829541,way/386153973-765,Dharmapuri
L100000800550,way/331275940-765,Vadodara
L100000800531,way/386153973-765,Dharmapuri
L100000800419,way/386153973-765,Dharmapuri
L100000800370,way/331275940-765,Vadodara
L100000800371,way/688672711-765,Bhuj
L100000800381,way/688672711-765,Bhuj
L100000800378,way/688672711-765,Bhuj
L100000800380,way/331275940-765,Vadodara
L100000800532,way/331275940-765,Vadodara
L100000800382,way/331275940-765,Vadodara
L100000800384,way/331275940-765,Vadodara
L100000800640,way/688672711-765,Bhuj
L100000800391,way/688672711-765,Bhuj
L100000800394,way/688672711-765,Bhuj
L100000800725,way/331275940-765,Vadodara
L100000800402,way/688672711-765,Bhuj
L100000800706,way/293597835-765,Solapur
L100000800594,way/369866141-765,Jaipur
L100001020112,way/353914865-765,Korba
L100000829550,way/1143180503-765,Phalodi
L100000829551,way/209826798-765,Indore
L100000829552,way/209826798-765,Indore
L100000800362,way/315823978-765,Kurnool
L100000829553,way/293597835-765,Solapur
L100000800707,way/293597835-765,Solapur
L100000829557,way/386153973-765,Dharmapuri
L100000800505,way/315823978-765,Kurnool
L100000800641,way/315823978-765,Kurnool
L100000800465,way/386153973-765,Dharmapuri
L100000800533,way/386153973-765,Dharmapuri
L100000800420,way/311118424-765,Fatehpur
L100000808850,way/311118424-765,Fatehpur
L100000808851,way/386153973-765,Dharmapuri
L100000800642,way/315823978-765,Kurnool
L100000829588,way/372701897-765,Moga
L100000800768,way/331275940-765,Vadodara
L100000800389,way/331275940-765,Vadodara
L100001020552,way/420797421-765,Sikandarabad
L100000829593,way/386153973-765,Dharmapuri
L100000829595,way/209826798-765,Indore
L100000829596,way/209826798-765,Indore
L100000829601,way/372701897-765,Moga
L100001019714,way/688672711-765,Bhuj
L100000829612,way/311118424-765,Fatehpur
L100000800643,way/386153973-765,Dharmapuri
L100001020209,way/1143180503-765,Phalodi
L100000800595,way/1143180503-765,Phalodi
L100000829616,way/209826798-765,Indore
L100000829622,way/420797421-765,Sikandarabad
L100000808852,way/331275940-765,Vadodara
L100000800553,way/331275940-765,Vadodara
L100000829625,way/201845280-765,Wardha
L100000829626,way/201845280-765,Wardha
L100000800726,way/201845280-765,Wardha
L100000800551,way/331275940-765,Vadodara
L100000800644,way/315823978-765,Kurnool
L100000829627,way/688672711-765,Bhuj
L100000808857,way/386153973-765,Dharmapuri
L100000800769,way/386153973-765,Dharmapuri
L100000800753,way/201845280-765,Wardha
L100000829632,way/386153973-765,Dharmapuri
L100000829636,way/353914865-765,Korba
L100000800421,way/353914865-765,Korba
L100000808858,way/386153973-765,Dharmapuri
L100000800645,way/386153973-765,Dharmapuri
L100000808860,way/201845280-765,Wardha
L100000829641,way/386153973-765,Dharmapuri
L100000800758,way/386153973-765,Dharmapuri
L100000808861,way/369866141-765,Jaipur
L100001020544,way/688672711-765,Bhuj
L100001020545,way/688672711-765,Bhuj
L100001020528,way/688672711-765,Bhuj
L100000829644,way/293597835-765,Solapur
L100000829645,way/293597835-765,Solapur
L100000800646,way/293597835-765,Solapur
L100000829646,way/420797421-765,Sikandarabad
L100000829656,way/688672711-765,Bhuj
L100000829657,way/386153973-765,Dharmapuri
L100000800559,way/1143180503-765,Phalodi
L100000800501,way/201845280-765,Wardha
L100000800785,way/201845280-765,Wardha
L100001020247,way/386153973-765,Dharmapuri
L100001020518,way/688672711-765,Bhuj
L100000829661,way/315823978-765,Kurnool
L100001019878,way/353914865-765,Korba
L100000800727,way/311118424-765,Fatehpur
L100000800747,way/331275940-765,Vadodara
L100000829664,way/311118424-765,Fatehpur
L100000800692,way/315823978-765,Kurnool
L100000808862,way/315823978-765,Kurnool
L100000800780,way/759521252-765,Medinipur
L100000800647,way/293597835-765,Solapur
L100001020430,way/688672711-765,Bhuj
L100000829673,way/311118424-765,Fatehpur
L100000829674,way/386153973-765,Dharmapuri
L100000800556,way/209826798-765,Indore
L100000829676,way/1143180503-765,Phalodi
L100000800534,way/386153973-765,Dharmapuri
L100000800422,way/386153973-765,Dharmapuri
L100000829677,way/293597835-765,Solapur
L100000830052,way/688672711-765,Bhuj
L100000830054,way/331275940-765,Vadodara
L100000808863,way/688672711-765,Bhuj
L100001019732,way/688672711-765,Bhuj
L100001020277,way/688672711-765,Bhuj
L100001020111,way/331275940-765,Vadodara
L100000808864,way/688672711-765,Bhuj
L100001020461,way/688672711-765,Bhuj
L100000800483,way/331275940-765,Vadodara
L100000808865,way/688672711-765,Bhuj
L100000808867,way/331275940-765,Vadodara
L100000808869,way/688672711-765,Bhuj
L100000808870,way/688672711-765,Bhuj
L100000808871,way/688672711-765,Bhuj
L100001019716,way/688672711-765,Bhuj
L100000800688,way/311118424-765,Fatehpur
L100000800777,way/386153973-765,Dharmapuri
L100000808873,way/420797421-765,Sikandarabad
L100000800469,way/386153973-765,Dharmapuri
L100000829693,way/386153973-765,Dharmapuri
L100000829694,way/1143180503-765,Phalodi
L100000800619,way/420797421-765,Sikandarabad
L100000800620,way/420797421-765,Sikandarabad
L100000829697,way/331275940-765,Vadodara
L100000829698,way/688672711-765,Bhuj
L100000829699,way/1143180503-765,Phalodi
L100000829700,way/1143180503-765,Phalodi
L100000800395,way/386153973-765,Dharmapuri
L100000829712,way/386153973-765,Dharmapuri
L100000800423,way/386153973-765,Dharmapuri
L100000800648,way/386153973-765,Dharmapuri
L100000829713,way/293597835-765,Solapur
L100000829714,way/386153973-765,Dharmapuri
L100000829719,way/386153973-765,Dharmapuri
L100000829721,way/293597835-765,Solapur
L100000800649,way/293597835-765,Solapur
L100000800520,way/386153973-765,Dharmapuri
L100000829727,way/420797421-765,Sikandarabad
L100000800778,way/420797421-765,Sikandarabad
L100000829729,way/386153973-765,Dharmapuri
L100000829733,way/293597835-765,Solapur
L100000800754,way/315823978-765,Kurnool
L100000800650,way/293597835-765,Solapur
L100000800728,way/386153973-765,Dharmapuri
L100001020583,way/353914865-765,Korba
L100000829737,way/386153973-765,Dharmapuri
L100000829738,way/315823978-765,Kurnool
L100000829741,way/1143180503-765,Phalodi
L100000808859,way/386153973-765,Dharmapuri
L100000800424,way/1143180503-765,Phalodi
L100000800425,way/1143180503-765,Phalodi
L100000800426,way/1143180503-765,Phalodi
L100000829742,way/1143180503-765,Phalodi
L100001020363,way/1143180503-765,Phalodi
L100001020380,way/1143180503-765,Phalodi
L100000800629,way/1143180503-765,Phalodi
L100000800630,way/1143180503-765,Phalodi
L100000800729,way/1143180503-765,Phalodi
L100000829743,way/1143180503-765,Phalodi
L100000829744,way/1143180503-765,Phalodi
L100000808876,way/1143180503-765,Phalodi
L100000808877,way/1143180503-765,Phalodi
L100000808878,way/1143180503-765,Phalodi
L100000800523,way/1143180503-765,Phalodi
L100000800427,way/420797421-765,Sikandarabad
L100000800428,way/311118424-765,Fatehpur
L100000800519,way/420797421-765,Sikandarabad
L100000800621,way/420797421-765,Sikandarabad
L100001019884,way/420797421-765,Sikandarabad
L100000800470,way/201845280-765,Wardha
L100000829745,way/688672711-765,Bhuj
L100001042919,way/293597835-765,Solapur
L100001020383,way/293597835-765,Solapur
L100000800554,way/203673991-400,Tezpur
L100000800622,way/293597835-765,Solapur
L100001020524,way/293597835-765,Solapur
L100001020523,way/293597835-765,Solapur
L100000829747,way/688672711-765,Bhuj
L100000800730,way/311118424-765,Fatehpur
L100001020239,way/311118424-765,Fatehpur
L100000800598,way/420797421-765,Sikandarabad
L100000800429,way/293597835-765,Solapur
L100000800525,way/420797421-765,Sikandarabad
L100000829750,way/372701897-765,Moga
L100000800599,way/331275940-765,Vadodara
L100000800430,way/420797421-765,Sikandarabad
L100001020316,way/420797421-765,Sikandarabad
L100000808880,way/420797421-765,Sikandarabad
L100000800535,way/315823978-765,Kurnool
L100000808881,way/1143180503-765,Phalodi
L100000800568,way/1143180503-765,Phalodi
L100000800573,way/1143180503-765,Phalodi
L100001020377,way/1143180503-765,Phalodi
L100000829757,way/1143180503-765,Phalodi
L100001020541,way/315823978-765,Kurnool
L100000829759,way/315823978-765,Kurnool
L100000800765,way/293597835-765,Solapur
L100000808889,way/688672711-765,Bhuj
L100000800396,way/386153973-765,Dharmapuri
L100000800509,way/315823978-765,Kurnool
L100000829760,way/209826798-765,Indore
L100000829764,way/315823978-765,Kurnool
L100001020572,way/311118424-765,Fatehpur
L100000829765,way/311118424-765,Fatehpur
L100000829766,way/311118424-765,Fatehpur
L100000800363,way/293597835-765,Solapur
L100000800651,way/293597835-765,Solapur
L100000800515,way/353914865-765,Korba
L100000800431,way/420797421-765,Sikandarabad
L100001019894,way/420797421-765,Sikandarabad
L100000829772,way/688672711-765,Bhuj
L100000829773,way/331275940-765,Vadodara
L100000829774,way/331275940-765,Vadodara
L100000829775,way/315823978-765,Kurnool
L100000800369,way/386153973-765,Dharmapuri
L100000800471,way/386153973-765,Dharmapuri
L100000829777,way/386153973-765,Dharmapuri
L100000829778,way/386153973-765,Dharmapuri
L100000800432,way/1143180503-765,Phalodi
L100000800652,way/1143180503-765,Phalodi
L100001020542,way/315823978-765,Kurnool
L100000829783,way/331275940-765,Vadodara
L100000800404,way/311118424-765,Fatehpur
L100000800770,way/311118424-765,Fatehpur
L100000829784,way/386153973-765,Dharmapuri
L100000829785,way/311118424-765,Fatehpur
L100000800511,way/293597835-765,Solapur
L100001019920,way/203673991-400,Tezpur
L100000829790,way/315823978-765,Kurnool
L100000808882,way/386153973-765,Dharmapuri
L100000808883,way/386153973-765,Dharmapuri
L100000808884,way/386153973-765,Dharmapuri
L100001020109,way/386153973-765,Dharmapuri
L100001020599,way/386153973-765,Dharmapuri
L100000808885,way/386153973-765,Dharmapuri
L100001020463,way/386153973-765,Dharmapuri
L100000800676,way/386153973-765,Dharmapuri
L100000800731,way/386153973-765,Dharmapuri
L100000800484,way/386153973-765,Dharmapuri
L100000800485,way/386153973-765,Dharmapuri
L100000829793,way/386153973-765,Dharmapuri
L100000829794,way/386153973-765,Dharmapuri
L100001020590,way/1143180503-765,Phalodi
L100001020591,way/1143180503-765,Phalodi
L100000800536,way/315823978-765,Kurnool
L100001019868,way/386153973-765,Dharmapuri
L100000800746,way/386153973-765,Dharmapuri
L100000829797,way/386153973-765,Dharmapuri
L100000800537,way/386153973-765,Dharmapuri
L100000800755,way/201845280-765,Wardha
L100000800756,way/201845280-765,Wardha
L100000829799,way/201845280-765,Wardha
L100000829800,way/311118424-765,Fatehpur
L100000808886,way/293597835-765,Solapur
L100000800600,way/331275940-765,Vadodara
L100000829801,way/386153973-765,Dharmapuri
L100000800601,way/386153973-765,Dharmapuri
L100000829802,way/386153973-765,Dharmapuri
L100000800623,way/386153973-765,Dharmapuri
L100000800732,way/386153973-765,Dharmapuri
L100000800708,way/315823978-765,Kurnool
L100000829810,way/372701897-765,Moga
L100000829812,way/331275940-765,Vadodara
L100001020423,way/209826798-765,Indore
L100001020306,way/688672711-765,Bhuj
L100001020491,way/688672711-765,Bhuj
L100001020208,way/688672711-765,Bhuj
L100001020595,way/688672711-765,Bhuj
L100001020261,way/688672711-765,Bhuj
L100001019753,way/688672711-765,Bhuj
L100001019752,way/688672711-765,Bhuj
L100001020276,way/688672711-765,Bhuj
L100001020123,way/688672711-765,Bhuj
L100001020457,way/688672711-765,Bhuj
L100001019755,way/688672711-765,Bhuj
L100001020274,way/688672711-765,Bhuj
L100001020233,way/688672711-765,Bhuj
L100001020456,way/688672711-765,Bhuj
L100001019756,way/688672711-765,Bhuj
L100001020269,way/688672711-765,Bhuj
L100001020235,way/688672711-765,Bhuj
L100001020494,way/688672711-765,Bhuj
L100001020509,way/688672711-765,Bhuj
L100001020510,way/688672711-765,Bhuj
L100001019758,way/688672711-765,Bhuj
L100001020535,way/688672711-765,Bhuj
L100001020026,way/688672711-765,Bhuj
L100000800709,way/420797421-765,Sikandarabad
L100000800383,way/420797421-765,Sikandarabad
L100000829814,way/1143180503-765,Phalodi
L100000800653,way/1143180503-765,Phalodi
L100000800410,way/420797421-765,Sikandarabad
L100000800433,way/688672711-765,Bhuj
L100000800434,way/201845280-765,Wardha
L100000800397,way/293597835-765,Solapur
L100000808888,way/1143180503-765,Phalodi
L100000800499,way/201845280-765,Wardha
L100001020526,way/293597835-765,Solapur
L100001020525,way/293597835-765,Solapur
L100000829835,way/386153973-765,Dharmapuri
L100000829836,way/311118424-765,Fatehpur
L100000800697,way/315823978-765,Kurnool
L100000829841,way/1143180503-765,Phalodi
L100000829842,way/386153973-765,Dharmapuri
L100000800771,way/386153973-765,Dharmapuri
L100000800435,way/386153973-765,Dharmapuri
L100000829849,way/315823978-765,Kurnool
L100000800436,way/315823978-765,Kurnool
L100000800486,way/315823978-765,Kurnool
L100000800379,way/315823978-765,Kurnool
L100000800677,way/315823978-765,Kurnool
L100000800694,way/315823978-765,Kurnool
L100000800624,way/293597835-765,Solapur
L100000800437,way/688672711-765,Bhuj
L100000800602,way/688672711-765,Bhuj
L100000829850,way/688672711-765,Bhuj
L100000800783,way/372701897-765,Moga
L100000800654,way/386153973-765,Dharmapuri
L100000829854,way/420797421-765,Sikandarabad
L100001020278,way/201845280-765,Wardha
L100001020521,way/420797421-765,Sikandarabad
L100000808890,way/420797421-765,Sikandarabad
L100001020556,way/353914865-765,Korba
L100000800487,way/372701897-765,Moga
L100000829856,way/353914865-765,Korba
L100001020479,way/372701897-765,Moga
L100000829858,way/293597835-765,Solapur
L100000808891,way/1143180503-765,Phalodi
L100000829865,way/315823978-765,Kurnool
L100001020587,way/203673991-400,Tezpur
L100001020620,way/372701897-765,Moga
L100000800658,way/420797421-765,Sikandarabad
L100000829928,way/209826798-765,Indore
L100000800438,way/386153973-765,Dharmapuri
L100000829869,way/386153973-765,Dharmapuri
L100001020106,way/420797421-765,Sikandarabad
L100000800439,way/386153973-765,Dharmapuri
L100000829873,way/372701897-765,Moga
L100000808892,way/369866141-765,Jaipur
L100000800678,way/369866141-765,Jaipur
L100001020230,way/201845280-765,Wardha
L100001020110,way/201845280-765,Wardha
L100001020596,way/201845280-765,Wardha
L100001020280,way/201845280-765,Wardha
L100001020408,way/201845280-765,Wardha
L100001020034,way/201845280-765,Wardha
L100001020402,way/201845280-765,Wardha
L100001020330,way/201845280-765,Wardha
L100000800488,way/201845280-765,Wardha
L100000800625,way/315823978-765,Kurnool
L100000800655,way/315823978-765,Kurnool
L100000800744,way/311118424-765,Fatehpur
L100000800440,way/311118424-765,Fatehpur
L100000800441,way/311118424-765,Fatehpur
L100001020559,way/759521252-765,Medinipur
L100001020097,way/315823978-765,Kurnool
L100000800376,way/315823978-765,Kurnool
L100000808894,way/315823978-765,Kurnool
L100000800757,way/369866141-765,Jaipur
L100000800626,way/293597835-765,Solapur
L100000808895,way/315823978-765,Kurnool
L100000800528,way/353914865-765,Korba
L100000829882,way/1143180503-765,Phalodi
L100000800656,way/315823978-765,Kurnool
L100000800698,way/315823978-765,Kurnool
L100000829885,way/315823978-765,Kurnool
L100000808896,way/209826798-765,Indore
L100000800512,way/293597835-765,Solapur
L100000800603,way/369866141-765,Jaipur
L100000800772,way/209826798-765,Indore
L100000800773,way/209826798-765,Indore
L100000829886,way/369866141-765,Jaipur
L100000829887,way/369866141-765,Jaipur
L100000829888,way/369866141-765,Jaipur
L100000829889,way/369866141-765,Jaipur
L100000808897,way/420797421-765,Sikandarabad
L100000829891,way/420797421-765,Sikandarabad
L100000829896,way/420797421-765,Sikandarabad
L100000800759,way/372701897-765,Moga
L100000800760,way/372701897-765,Moga
L100000800627,way/372701897-765,Moga
L100000800699,IN684-765,Rajahmundry
L100000800580,way/386153973-765,Dharmapuri
L100000829901,way/386153973-765,Dharmapuri
L100000829903,way/315823978-765,Kurnool
L100000800748,way/209826798-765,Indore
L100000829904,way/201845280-765,Wardha
L100000829905,way/386153973-765,Dharmapuri
L100000800628,way/315823978-765,Kurnool
L100001020483,way/420797421-765,Sikandarabad
L100000829911,way/331275940-765,Vadodara
L100000800613,way/201845280-765,Wardha
L100000800657,way/315823978-765,Kurnool
L100000829914,way/372701897-765,Moga
L100001020554,way/311118424-765,Fatehpur
L100001020219,way/311118424-765,Fatehpur
L100000800733,way/688672711-765,Bhuj
L100000829918,way/201845280-765,Wardha
L100000829923,way/386153973-765,Dharmapuri
L100000808899,way/201845280-765,Wardha
L100000808900,way/420797421-765,Sikandarabad
L100001020543,way/315823978-765,Kurnool
L100000829929,way/293597835-765,Solapur
L100001042965,way/293597835-765,Solapur
L100000829931,way/201845280-765,Wardha
L100000800774,way/209826798-765,Indore
L100000829934,way/386153973-765,Dharmapuri
L100000800659,way/315823978-765,Kurnool
L100000829935,way/315823978-765,Kurnool
L100000829939,way/372701897-765,Moga
L100000829943,way/386153973-765,Dharmapuri
L100000800578,way/386153973-765,Dharmapuri
L100000808908,way/1143180503-765,Phalodi
L100000829987,way/386153973-765,Dharmapuri
L100000800538,way/315823978-765,Kurnool
L100000808910,way/369866141-765,Jaipur
L100000829951,way/386153973-765,Dharmapuri
L100000800779,way/386153973-765,Dharmapuri
L100000800489,way/1143180503-765,Phalodi
L100000808902,way/201845280-765,Wardha
L100000800576,way/315823978-765,Kurnool
L100001020586,way/203673991-400,Tezpur
L100001020367,way/315823978-765,Kurnool
L100000829960,way/315823978-765,Kurnool
L100000829961,way/372701897-765,Moga
L100000829964,way/293597835-765,Solapur
L100000800442,way/386153973-765,Dharmapuri
L100000800443,way/315823978-765,Kurnool
L100000800444,way/315823978-765,Kurnool
L100000800660,way/293597835-765,Solapur
L100000829970,way/386153973-765,Dharmapuri
L100000800734,way/209826798-765,Indore
L100000808904,way/209826798-765,Indore
L100000808903,way/209826798-765,Indore
L100000808906,way/386153973-765,Dharmapuri
L100000800581,way/386153973-765,Dharmapuri
L100000829981,way/315823978-765,Kurnool
L100000800661,way/293597835-765,Solapur
L100000808907,way/315823978-765,Kurnool
L100001020431,way/1143180503-765,Phalodi
L100001020563,way/1143180503-765,Phalodi
L100000800527,way/1143180503-765,Phalodi
L100000800604,way/1143180503-765,Phalodi
L100000829985,way/293597835-765,Solapur
L100000808909,way/1143180503-765,Phalodi
L100000829990,way/386153973-765,Dharmapuri
L100001020231,way/353914865-765,Korba
L100001042871,way/209826798-765,Indore
L100000800686,way/420797421-765,Sikandarabad
L100001020003,way/209826798-765,Indore
L100000830000,way/386153973-765,Dharmapuri
L100000830001,way/201845280-765,Wardha
L100000830003,way/386153973-765,Dharmapuri
L100000800662,way/369866141-765,Jaipur
L100000830024,way/386153973-765,Dharmapuri
L100000830035,way/386153973-765,Dharmapuri
L100000808923,way/369866141-765,Jaipur
L100001020474,way/209826798-765,Indore
L100001020480,way/688672711-765,Bhuj
L100000800735,way/293597835-765,Solapur
L100000800736,way/293597835-765,Solapur
L100000830007,way/331275940-765,Vadodara
L100000800574,way/386153973-765,Dharmapuri
L100000830011,way/331275940-765,Vadodara
L100000830012,way/759521252-765,Medinipur
L100000800737,way/386153973-765,Dharmapuri
L100001020213,way/201845280-765,Wardha
L100000830016,way/420797421-765,Sikandarabad
L100000808911,way/420797421-765,Sikandarabad
L100001020530,way/293597835-765,Solapur
L100000800516,way/293597835-765,Solapur
L100000800517,way/293597835-765,Solapur
L100000800390,way/293597835-765,Solapur
L100000800745,way/293597835-765,Solapur
L100001020228,way/293597835-765,Solapur
L100000808912,way/201845280-765,Wardha
L100000800749,way/688672711-765,Bhuj
L100000800702,way/315823978-765,Kurnool
L100000808913,way/331275940-765,Vadodara
L100000830020,way/420797421-765,Sikandarabad
L100000830021,way/315823978-765,Kurnool
L100001019877,way/201845280-765,Wardha
L100000800364,way/315823978-765,Kurnool
L100000800365,way/315823978-765,Kurnool
L100000800366,way/315823978-765,Kurnool
L100000800411,way/386153973-765,Dharmapuri
L100000800445,way/386153973-765,Dharmapuri
L100000800446,way/386153973-765,Dharmapuri
L100000808914,way/386153973-765,Dharmapuri
L100000800472,way/386153973-765,Dharmapuri
L100000800476,way/386153973-765,Dharmapuri
L100000800524,way/386153973-765,Dharmapuri
L100000808915,way/386153973-765,Dharmapuri
L100001020256,way/386153973-765,Dharmapuri
L100000830022,way/386153973-765,Dharmapuri
L100000800738,way/386153973-765,Dharmapuri
L100000800761,way/386153973-765,Dharmapuri
L100000800539,way/386153973-765,Dharmapuri
L100000830023,way/311118424-765,Fatehpur
L100000830031,way/386153973-765,Dharmapuri
L100000800447,way/386153973-765,Dharmapuri
L100000808916,way/386153973-765,Dharmapuri
L100001020560,way/1143180503-765,Phalodi
L100001020225,way/1143180503-765,Phalodi
L100000800560,way/1143180503-765,Phalodi
L100000800569,way/1143180503-765,Phalodi
L100000800739,way/1143180503-765,Phalodi
L100001020207,way/1143180503-765,Phalodi
L100001020562,way/1143180503-765,Phalodi
L100000800540,way/386153973-765,Dharmapuri
L100000808917,way/315823978-765,Kurnool
L100000830033,way/331275940-765,Vadodara
L100000808918,way/311118424-765,Fatehpur
L100001020561,way/1143180503-765,Phalodi
L100000808919,way/1143180503-765,Phalodi
L100000800664,way/1143180503-765,Phalodi
L100000800521,way/315823978-765,Kurnool
L100000800740,way/209826798-765,Indore
L100000808920,way/311118424-765,Fatehpur
L100000800762,way/311118424-765,Fatehpur
L100001020582,way/1143180503-765,Phalodi
L100001020581,way/420797421-765,Sikandarabad
L100000808921,way/311118424-765,Fatehpur
L100000800763,way/315823978-765,Kurnool
L100000808924,way/372701897-765,Moga
L100001020298,way/372701897-765,Moga
L100000800490,way/372701897-765,Moga
L100000800491,way/372701897-765,Moga
L100000800392,way/372701897-765,Moga
L100000830045,way/311118424-765,Fatehpur
L100001020567,way/1143180503-765,Phalodi
L100001020546,way/369866141-765,Jaipur
L100000830086,way/369866141-765,Jaipur
L100000808937,way/420797421-765,Sikandarabad
L100000800506,way/331275940-765,Vadodara
L100000800549,way/331275940-765,Vadodara
L100000800552,way/331275940-765,Vadodara
L100000800690,way/331275940-765,Vadodara
L100000800741,way/331275940-765,Vadodara
L100000800367,way/315823978-765,Kurnool
L100000800557,way/315823978-765,Kurnool
L100000808925,way/315823978-765,Kurnool
L100000800665,way/315823978-765,Kurnool
L100000800614,way/315823978-765,Kurnool
L100000808926,way/353914865-765,Korba
L100000800605,way/353914865-765,Korba
L100000800541,way/315823978-765,Kurnool
L100000800400,way/386153973-765,Dharmapuri
L100000800775,way/386153973-765,Dharmapuri
L100001019731,way/369866141-765,Jaipur
L100000808927,way/369866141-765,Jaipur
L100000808928,way/369866141-765,Jaipur
L100000808929,way/369866141-765,Jaipur
L100000830053,way/1143180503-765,Phalodi
L100001019733,way/369866141-765,Jaipur
L100001020594,way/369866141-765,Jaipur
L100001020624,way/369866141-765,Jaipur
L100000830055,way/369866141-765,Jaipur
L100001020625,way/369866141-765,Jaipur
L100001020536,way/369866141-765,Jaipur
L100001020626,way/369866141-765,Jaipur
L100001020622,way/369866141-765,Jaipur
L100000808930,way/369866141-765,Jaipur
L100001020466,way/369866141-765,Jaipur
L100001020623,way/369866141-765,Jaipur
L100001020628,way/369866141-765,Jaipur
L100001020501,way/369866141-765,Jaipur
L100001020401,way/369866141-765,Jaipur
L100001020627,way/369866141-765,Jaipur
L100000808931,way/369866141-765,Jaipur
L100000800493,way/369866141-765,Jaipur
L100000800494,way/369866141-765,Jaipur
L100000800495,way/369866141-765,Jaipur
L100000830061,way/369866141-765,Jaipur
L100000830065,way/331275940-765,Vadodara
L100000808933,way/688672711-765,Bhuj
L100000830067,way/688672711-765,Bhuj
L100000808934,way/353914865-765,Korba
L100000808935,way/353914865-765,Korba
L100000830069,way/293597835-765,Solapur
L100001019766,way/386153973-765,Dharmapuri
L100000800607,way/315823978-765,Kurnool
L100000800608,way/315823978-765,Kurnool
L100000800700,way/315823978-765,Kurnool
L100001020453,way/315823978-765,Kurnool
L100001020455,way/315823978-765,Kurnool
L100000800542,way/386153973-765,Dharmapuri
L100000800582,way/386153973-765,Dharmapuri
L100000830072,way/386153973-765,Dharmapuri
L100000800448,way/386153973-765,Dharmapuri
L100000800377,way/315823978-765,Kurnool
L100000830076,way/209826798-765,Indore
L100000800449,way/293597835-765,Solapur
L100000800572,way/1143180503-765,Phalodi
L100000808936,way/353914865-765,Korba
L100000800412,way/311118424-765,Fatehpur
L100000800609,way/311118424-765,Fatehpur
L100000830083,way/209826798-765,Indore
L100000830084,way/293597835-765,Solapur
L100000808938,way/386153973-765,Dharmapuri
L100000800679,way/1143180503-765,Phalodi
L100000800680,way/369866141-765,Jaipur
L100000800681,way/369866141-765,Jaipur
L100000808939,way/369866141-765,Jaipur
L100000800682,way/369866141-765,Jaipur
L100000808940,way/369866141-765,Jaipur
L100000800683,way/369866141-765,Jaipur
L100000808941,way/369866141-765,Jaipur
L100000808942,way/369866141-765,Jaipur
L100000808943,way/1143180503-765,Phalodi
L100000808944,way/1143180503-765,Phalodi
L100000830153,way/386153973-765,Dharmapuri
L100000830087,way/311118424-765,Fatehpur
L100000800368,way/315823978-765,Kurnool
L100000800666,way/315823978-765,Kurnool
L100000800562,way/353914865-765,Korba
L100000800450,way/420797421-765,Sikandarabad
L100001019875,way/201845280-765,Wardha
L100000830089,way/201845280-765,Wardha
L100000800570,way/201845280-765,Wardha
L100000830093,way/353914865-765,Korba
L100000830096,way/688672711-765,Bhuj
L100000800610,way/369866141-765,Jaipur
L100000830097,way/315823978-765,Kurnool
L100000830101,way/315823978-765,Kurnool
L100000830103,way/386153973-765,Dharmapuri
L100000830104,way/1143180503-765,Phalodi
L100001020522,way/293597835-765,Solapur
L100000800473,way/293597835-765,Solapur
L100000830107,way/386153973-765,Dharmapuri
L100000830110,way/293597835-765,Solapur
L100000830112,way/331275940-765,Vadodara
L100001020569,way/688672711-765,Bhuj
L100001020477,way/688672711-765,Bhuj
L100000808945,way/315823978-765,Kurnool
L100000830113,way/386153973-765,Dharmapuri
L100000800583,way/386153973-765,Dharmapuri
L100000830114,way/386153973-765,Dharmapuri
L100000800584,way/386153973-765,Dharmapuri
L100000808946,way/209826798-765,Indore
L100001020618,way/331275940-765,Vadodara
L100000800667,way/420797421-765,Sikandarabad
L100000830122,way/293597835-765,Solapur
L100001020592,way/1143180503-765,Phalodi
L100000800543,way/420797421-765,Sikandarabad
L100001020540,way/353914865-765,Korba
L100000800451,way/293597835-765,Solapur
L100000800558,way/315823978-765,Kurnool
L100000800703,way/315823978-765,Kurnool
L100000830131,way/386153973-765,Dharmapuri
L100000800413,way/353914865-765,Korba
L100000800611,way/315823978-765,Kurnool
L100000800500,IN684-765,Rajahmundry
L100000808947,way/311118424-765,Fatehpur
L100000830138,way/315823978-765,Kurnool
L100000830139,way/386153973-765,Dharmapuri
L100000800668,way/315823978-765,Kurnool
L100000800750,way/1143180503-765,Phalodi
L100000808948,way/386153973-765,Dharmapuri
L100000800452,way/315823978-765,Kurnool
L100001020356,way/293597835-765,Solapur
L100001020375,way/293597835-765,Solapur
L100000830142,way/293597835-765,Solapur
L100001019963,way/293597835-765,Solapur
L100000808950,way/201845280-765,Wardha
L100000800577,way/293597835-765,Solapur
L100000800612,way/293597835-765,Solapur
L100000830144,way/331275940-765,Vadodara
L100000830145,way/315823978-765,Kurnool
L100001020610,way/203673991-400,Tezpur
L100000800712,way/1143180503-765,Phalodi
L100000800714,way/315823978-765,Kurnool
L100000800715,way/315823978-765,Kurnool
L100000800716,way/331275940-765,Vadodara
L100000830152,way/386153973-765,Dharmapuri
L100000800544,way/315823978-765,Kurnool
L100000800545,way/315823978-765,Kurnool
L100000800453,way/315823978-765,Kurnool
L100000800454,way/315823978-765,Kurnool
L100000800546,way/315823978-765,Kurnool
L100000830156,way/209826798-765,Indore
L100000830157,way/315823978-765,Kurnool
L100001020588,way/688672711-765,Bhuj
L100001020593,way/688672711-765,Bhuj
L100000800373,way/688672711-765,Bhuj
L100001020126,way/688672711-765,Bhuj
L100000830158,way/688672711-765,Bhuj
L100000830159,way/688672711-765,Bhuj
L100000830160,way/688672711-765,Bhuj
L100000800687,way/688672711-765,Bhuj
L100000800719,way/331275940-765,Vadodara
L100000830161,way/331275940-765,Vadodara
L100000830162,way/209826798-765,Indore
L100000800547,way/201845280-765,Wardha
L100000800766,way/315823978-765,Kurnool
L100000800767,way/315823978-765,Kurnool
L100000830166,way/315823978-765,Kurnool
L100000800742,way/372701897-765,Moga
L100001020107,way/386153973-765,Dharmapuri
L100001020108,way/386153973-765,Dharmapuri
L100001020113,way/386153973-765,Dharmapuri
L100001020617,way/386153973-765,Dharmapuri
L100001020210,way/386153973-765,Dharmapuri
L100001020442,way/386153973-765,Dharmapuri
L100000800764,way/315823978-765,Kurnool
L100000830178,way/315823978-765,Kurnool
L100000800696,way/353914865-765,Korba
L100001020597,way/315823978-765,Kurnool
L100000800496,way/315823978-765,Kurnool
L100000830184,way/372701897-765,Moga
L100000808951,way/1143180503-765,Phalodi
L100000830187,way/1143180503-765,Phalodi
L100000808952,way/293597835-765,Solapur
L100000830191,way/386153973-765,Dharmapuri
L100000800399,way/386153973-765,Dharmapuri
L100001020589,way/315823978-765,Kurnool
L100001020412,way/386153973-765,Dharmapuri
L100000800585,way/386153973-765,Dharmapuri
L100000808953,way/420797421-765,Sikandarabad
L100000830197,way/311118424-765,Fatehpur
L100000800455,way/386153973-765,Dharmapuri
L100000830208,way/386153973-765,Dharmapuri
L100000830206,way/386153973-765,Dharmapuri
L100000830207,way/386153973-765,Dharmapuri
L100000800669,way/386153973-765,Dharmapuri
L100000800776,way/386153973-765,Dharmapuri
L100000800502,way/201845280-765,Wardha
L100000800787,way/201845280-765,Wardha
L100000800456,way/331275940-765,Vadodara
L100000830211,way/420797421-765,Sikandarabad
L100000800406,way/386153973-765,Dharmapuri
L100000830217,way/293597835-765,Solapur
L100000800462,way/293597835-765,Solapur
L100001020446,way/386153973-765,Dharmapuri
L100001020447,way/386153973-765,Dharmapuri
L100001020445,way/386153973-765,Dharmapuri
L100000800670,way/386153973-765,Dharmapuri
L100001020584,way/386153973-765,Dharmapuri
L100000808954,way/311118424-765,Fatehpur
L100000830224,way/420797421-765,Sikandarabad
L100000800565,way/1143180503-765,Phalodi
L100000830223,way/315823978-765,Kurnool
L100000830226,way/372701897-765,Moga
L100001020374,way/311118424-765,Fatehpur
L100000800497,way/311118424-765,Fatehpur
L100000800498,way/311118424-765,Fatehpur
L100001020386,way/311118424-765,Fatehpur
L100001020608,way/420797421-765,Sikandarabad
L100000830243,way/203673991-400,Tezpur
L100000830244,way/353914865-765,Korba
L100000800503,way/315823978-765,Kurnool
L100000830253,way/315823978-765,Kurnool
L100001020403,way/369866141-765,Jaipur
L100000808956,way/315823978-765,Kurnool
L100000800457,way/293597835-765,Solapur
L100000800458,way/420797421-765,Sikandarabad
L100000800459,way/293597835-765,Solapur
L100000800510,way/311118424-765,Fatehpur
L100000830257,way/315823978-765,Kurnool
L100000830258,way/315823978-765,Kurnool
L100000800401,way/386153973-765,Dharmapuri
L100000800403,way/386153973-765,Dharmapuri
L100000830261,way/315823978-765,Kurnool
L100000830263,way/315823978-765,Kurnool
L100000800671,way/315823978-765,Kurnool
L100000800385,way/293597835-765,Solapur
L100000800717,way/315823978-765,Kurnool
L100000800672,way/315823978-765,Kurnool
L100000800460,way/386153973-765,Dharmapuri
L100000800781,way/209826798-765,Indore
L100001020260,way/386153973-765,Dharmapuri
L100000800673,way/315823978-765,Kurnool
L100001020117,way/201845280-765,Wardha
L100000800701,way/315823978-765,Kurnool
L100000800513,way/315823978-765,Kurnool
L100000800548,way/315823978-765,Kurnool
L100000829409,way/386153973-765,Dharmapuri
L100000829410,way/386153973-765,Dharmapuri
L100001042418,way/688672711-765,Bhuj
L100001042550,way/688672711-765,Bhuj
L100000829411,way/315823978-765,Kurnool
L100000829412,way/386153973-765,Dharmapuri
L100001041892,way/331275940-765,Vadodara
L100001042483,way/331275940-765,Vadodara
L100000829414,way/315823978-765,Kurnool
L100000829413,way/315823978-765,Kurnool
L100001041554,way/315823978-765,Kurnool
L100001041586,way/315823978-765,Kurnool
L100001042159,way/293597835-765,Solapur
L100001042588,way/209826798-765,Indore
L100000829415,way/386153973-765,Dharmapuri
L100001042201,way/293597835-765,Solapur
L100001042204,way/293597835-765,Solapur
L100001042207,way/293597835-765,Solapur
L100001041719,way/201845280-765,Wardha
L100001042096,way/201845280-765,Wardha
L100000829417,way/315823978-765,Kurnool
L100001041386,way/372701897-765,Moga
L100001041403,way/372701897-765,Moga
L100001041462,way/293597835-765,Solapur
L100001041992,way/293597835-765,Solapur
L100001042118,way/293597835-765,Solapur
L100001042119,way/293597835-765,Solapur
L100001042642,way/293597835-765,Solapur
L100001042120,way/293597835-765,Solapur
L100001042121,way/293597835-765,Solapur
L100001042123,way/293597835-765,Solapur
L100001042160,way/293597835-765,Solapur
L100000829418,way/315823978-765,Kurnool
L100001042578,way/293597835-765,Solapur
L100000829420,way/315823978-765,Kurnool
L100001041841,way/293597835-765,Solapur
L100001041638,way/386153973-765,Dharmapuri
L100000829421,way/420797421-765,Sikandarabad
L100000829422,way/315823978-765,Kurnool
L100000829423,way/315823978-765,Kurnool
L100001041546,way/386153973-765,Dharmapuri
L100001042009,way/386153973-765,Dharmapuri
L100000829425,way/315823978-765,Kurnool
L100001041423,way/315823978-765,Kurnool
L100001041583,way/315823978-765,Kurnool
L100000829430,way/201845280-765,Wardha
L100001041763,way/420797421-765,Sikandarabad
L100001041527,way/386153973-765,Dharmapuri
L100001041551,way/386153973-765,Dharmapuri
L100000829432,way/209826798-765,Indore
L100001042048,way/331275940-765,Vadodara
L100001042050,way/331275940-765,Vadodara
L100001042051,way/331275940-765,Vadodara
L100001042052,way/331275940-765,Vadodara
L100001042053,way/331275940-765,Vadodara
L100001042509,way/331275940-765,Vadodara
L100001042627,way/331275940-765,Vadodara
L100001042279,way/201845280-765,Wardha
L100001042433,way/688672711-765,Bhuj
L100001042113,way/372701897-765,Moga
L100000829434,way/353914865-765,Korba
L100000829435,way/353914865-765,Korba
L100000829436,way/315823978-765,Kurnool
L100000829437,way/315823978-765,Kurnool
L100000829438,way/315823978-765,Kurnool
L100000829439,way/315823978-765,Kurnool
L100000829440,way/315823978-765,Kurnool
L100000829441,way/315823978-765,Kurnool
L100001041823,way/386153973-765,Dharmapuri
L100000829442,way/293597835-765,Solapur
L100000829443,way/315823978-765,Kurnool
L100001041342,way/688672711-765,Bhuj
L100001041693,way/331275940-765,Vadodara
L100000829444,way/386153973-765,Dharmapuri
L100001041409,way/353914865-765,Korba
L100001042369,way/353914865-765,Korba
L100000829445,way/386153973-765,Dharmapuri
L100001042147,way/386153973-765,Dharmapuri
L100001042148,way/386153973-765,Dharmapuri
L100001041392,way/386153973-765,Dharmapuri
L100001041944,way/386153973-765,Dharmapuri
L100001041998,way/386153973-765,Dharmapuri
L100001042261,way/386153973-765,Dharmapuri
L100001042262,way/386153973-765,Dharmapuri
L100001042267,way/386153973-765,Dharmapuri
L100001042268,way/386153973-765,Dharmapuri
L100001042503,way/386153973-765,Dharmapuri
L100001041894,way/386153973-765,Dharmapuri
L100001042515,way/386153973-765,Dharmapuri
L100001042303,way/386153973-765,Dharmapuri
L100001042305,way/386153973-765,Dharmapuri
L100001042307,way/386153973-765,Dharmapuri
L100001042308,way/386153973-765,Dharmapuri
L100000829446,way/203673991-400,Tezpur
L100000829447,way/203673991-400,Tezpur
L100000829448,way/203673991-400,Tezpur
L100001041408,way/386153973-765,Dharmapuri
L100001041528,way/386153973-765,Dharmapuri
L100001041547,way/386153973-765,Dharmapuri
L100001041548,way/386153973-765,Dharmapuri
L100001041995,way/386153973-765,Dharmapuri
L100000829449,way/386153973-765,Dharmapuri
L100000829450,way/315823978-765,Kurnool
L100000829451,way/315823978-765,Kurnool
L100001042623,way/759521252-765,Medinipur
L100001041915,way/201845280-765,Wardha
L100001042492,way/201845280-765,Wardha
L100000829452,way/1143180503-765,Phalodi
L100000829453,way/1143180503-765,Phalodi
L100000829454,way/203673991-400,Tezpur
L100000829455,way/203673991-400,Tezpur
L100000829456,way/203673991-400,Tezpur
L100000829457,way/203673991-400,Tezpur
L100001041791,IN684-765,Rajahmundry
L100001041728,way/293597835-765,Solapur
L100001042236,way/386153973-765,Dharmapuri
L100001042248,way/386153973-765,Dharmapuri
L100001042085,way/293597835-765,Solapur
L100000829458,way/293597835-765,Solapur
L100001042014,way/420797421-765,Sikandarabad
L100001042163,way/293597835-765,Solapur
L100001042580,way/293597835-765,Solapur
L100001042399,way/759521252-765,Medinipur
L100001041345,way/386153973-765,Dharmapuri
L100001041641,way/386153973-765,Dharmapuri
L100001041989,way/386153973-765,Dharmapuri
L100001041991,way/386153973-765,Dharmapuri
L100001042194,way/386153973-765,Dharmapuri
L100000829459,way/386153973-765,Dharmapuri
L100001041381,way/293597835-765,Solapur
L100000829461,way/353914865-765,Korba
L100001042430,way/688672711-765,Bhuj
L100001042431,way/688672711-765,Bhuj
L100001042434,way/688672711-765,Bhuj
L100001042438,way/688672711-765,Bhuj
L100001042439,way/688672711-765,Bhuj
L100001042440,way/688672711-765,Bhuj
L100001042441,way/688672711-765,Bhuj
L100001041608,way/315823978-765,Kurnool
L100001041589,way/353914865-765,Korba
L100001041401,way/420797421-765,Sikandarabad
L100000829462,way/353914865-765,Korba
L100001042349,way/311118424-765,Fatehpur
L100001041761,way/293597835-765,Solapur
L100001042428,way/688672711-765,Bhuj
L100001041519,way/386153973-765,Dharmapuri
L100001042605,way/420797421-765,Sikandarabad
L100000829467,way/311118424-765,Fatehpur
L100000829468,way/201845280-765,Wardha
L100001041847,way/293597835-765,Solapur
L100001041541,way/372701897-765,Moga
L100001041748,way/372701897-765,Moga
L100001042319,way/315823978-765,Kurnool
L100001041426,way/353914865-765,Korba
L100001041834,way/353914865-765,Korba
L100001041618,way/315823978-765,Kurnool
L100001041621,way/315823978-765,Kurnool
L100001042055,way/331275940-765,Vadodara
L100001041716,way/1143180503-765,Phalodi
L100001042488,way/1143180503-765,Phalodi
L100001041883,way/420797421-765,Sikandarabad
L100001041736,way/420797421-765,Sikandarabad
L100001042281,way/420797421-765,Sikandarabad
L100001042352,way/311118424-765,Fatehpur
L100000829471,way/386153973-765,Dharmapuri
L100001041434,way/369866141-765,Jaipur
L100001042105,way/369866141-765,Jaipur
L100001041496,way/386153973-765,Dharmapuri
L100001041785,way/386153973-765,Dharmapuri
L100001042010,way/386153973-765,Dharmapuri
L100001041389,way/386153973-765,Dharmapuri
L100001042170,way/420797421-765,Sikandarabad
L100001042594,way/420797421-765,Sikandarabad
L100001042073,way/1143180503-765,Phalodi
L100001042568,way/1143180503-765,Phalodi
L100000829473,way/1143180503-765,Phalodi
L100000829474,way/1143180503-765,Phalodi
L100000829475,way/1143180503-765,Phalodi
L100001041267,way/1143180503-765,Phalodi
L100001041746,way/1143180503-765,Phalodi
L100001041884,way/1143180503-765,Phalodi
L100001041896,way/1143180503-765,Phalodi
L100001041908,way/1143180503-765,Phalodi
L100001042490,way/1143180503-765,Phalodi
L100001041715,way/1143180503-765,Phalodi
L100001041455,way/201845280-765,Wardha
L100001041460,way/201845280-765,Wardha
L100001041845,way/369866141-765,Jaipur
L100001041832,way/353914865-765,Korba
L100001041396,way/353914865-765,Korba
L100001041710,way/1143180503-765,Phalodi
L100001041837,way/759521252-765,Medinipur
L100000829478,way/372701897-765,Moga
L100001042211,way/201845280-765,Wardha
L100000829479,way/1143180503-765,Phalodi
L100000829480,way/1143180503-765,Phalodi
L100001041855,way/293597835-765,Solapur
L100000829481,way/293597835-765,Solapur
L100000829482,way/386153973-765,Dharmapuri
L100001041937,way/420797421-765,Sikandarabad
L100001041481,way/372701897-765,Moga
L100001041549,way/372701897-765,Moga
L100001041876,way/372701897-765,Moga
L100001042390,way/353914865-765,Korba
L100001041422,way/311118424-765,Fatehpur
L100001042059,way/331275940-765,Vadodara
L100001042473,way/331275940-765,Vadodara
L100000829485,way/386153973-765,Dharmapuri
L100001041725,way/293597835-765,Solapur
L100000829487,way/386153973-765,Dharmapuri
L100000829488,way/315823978-765,Kurnool
L100000829489,way/315823978-765,Kurnool
L100001042373,way/353914865-765,Korba
L100001042647,way/353914865-765,Korba
L100000829490,way/293597835-765,Solapur
L100000829491,way/1143180503-765,Phalodi
L100000829492,way/386153973-765,Dharmapuri
L100000829493,way/386153973-765,Dharmapuri
L100000829507,way/1143180503-765,Phalodi
L100000829508,way/1143180503-765,Phalodi
L100000829509,way/1143180503-765,Phalodi
L100000829510,way/1143180503-765,Phalodi
L100000829511,way/1143180503-765,Phalodi
L100001042035,way/331275940-765,Vadodara
L100001042636,way/688672711-765,Bhuj
L100000829496,way/331275940-765,Vadodara
L100001041288,way/386153973-765,Dharmapuri
L100000829497,way/386153973-765,Dharmapuri
L100000829498,way/315823978-765,Kurnool
L100001042377,way/311118424-765,Fatehpur
L100001041380,way/315823978-765,Kurnool
L100000829499,way/1143180503-765,Phalodi
L100001041333,way/201845280-765,Wardha
L100001042080,way/1143180503-765,Phalodi
L100001041697,way/1143180503-765,Phalodi
L100001042138,way/369866141-765,Jaipur
L100000829500,way/315823978-765,Kurnool
L100001042546,way/688672711-765,Bhuj
L100001042673,way/688672711-765,Bhuj
L100000829502,way/386153973-765,Dharmapuri
L100000829503,way/1143180503-765,Phalodi
L100001041286,way/331275940-765,Vadodara
L100001042641,way/353914865-765,Korba
L100001041651,way/386153973-765,Dharmapuri
L100000829505,way/331275940-765,Vadodara
L100001042429,way/688672711-765,Bhuj
L100001042346,way/201845280-765,Wardha
L100001041431,way/420797421-765,Sikandarabad
L100001041312,way/315823978-765,Kurnool
L100001041568,way/315823978-765,Kurnool
L100000829506,way/293597835-765,Solapur
L100001041602,way/315823978-765,Kurnool
L100001042072,way/369866141-765,Jaipur
L100001041391,way/372701897-765,Moga
L100001041681,way/372701897-765,Moga
L100001041711,way/688672711-765,Bhuj
L100001042419,way/688672711-765,Bhuj
L100001042672,way/688672711-765,Bhuj
L100000829513,way/315823978-765,Kurnool
L100001041448,way/201845280-765,Wardha
L100001041655,way/315823978-765,Kurnool
L100001042665,way/293597835-765,Solapur
L100000829515,way/386153973-765,Dharmapuri
L100000829516,way/386153973-765,Dharmapuri
L100001041796,way/315823978-765,Kurnool
L100001041916,way/315823978-765,Kurnool
L100001041538,way/759521252-765,Medinipur
L100001042008,way/759521252-765,Medinipur
L100001041373,way/420797421-765,Sikandarabad
L100000829517,way/311118424-765,Fatehpur
L100000829518,way/311118424-765,Fatehpur
L100000829519,way/311118424-765,Fatehpur
L100000829520,way/311118424-765,Fatehpur
L100001042398,way/311118424-765,Fatehpur
L100001042391,way/353914865-765,Korba
L100001042511,way/353914865-765,Korba
L100001041882,way/1143180503-765,Phalodi
L100001042079,way/1143180503-765,Phalodi
L100001042564,way/1143180503-765,Phalodi
L100001042570,way/1143180503-765,Phalodi
L100001042116,way/293597835-765,Solapur
L100001041698,way/420797421-765,Sikandarabad
L100001041321,way/420797421-765,Sikandarabad
L100001041430,way/420797421-765,Sikandarabad
L100001042522,way/420797421-765,Sikandarabad
L100000829526,way/209826798-765,Indore
L100000829527,way/209826798-765,Indore
L100000829528,way/209826798-765,Indore
L100001042357,way/420797421-765,Sikandarabad
L100000829530,way/293597835-765,Solapur
L100001042383,way/311118424-765,Fatehpur
L100000829531,way/1143180503-765,Phalodi
L100000829532,way/293597835-765,Solapur
L100000829534,way/209826798-765,Indore
L100001041788,way/386153973-765,Dharmapuri
L100001041789,way/386153973-765,Dharmapuri
L100000829535,way/420797421-765,Sikandarabad
L100001041278,way/372701897-765,Moga
L100001041737,way/372701897-765,Moga
L100001041897,way/372701897-765,Moga
L100001042212,way/420797421-765,Sikandarabad
L100001042518,way/420797421-765,Sikandarabad
L100001041427,way/353914865-765,Korba
L100000829579,way/386153973-765,Dharmapuri
L100000829561,way/331275940-765,Vadodara
L100000829562,way/688672711-765,Bhuj
L100000829563,way/688672711-765,Bhuj
L100000829564,way/688672711-765,Bhuj
L100000829565,way/688672711-765,Bhuj
L100000829566,way/688672711-765,Bhuj
L100000829567,way/688672711-765,Bhuj
L100000829569,way/688672711-765,Bhuj
L100000829570,way/331275940-765,Vadodara
L100000829571,way/331275940-765,Vadodara
L100000829573,way/331275940-765,Vadodara
L100000829574,way/688672711-765,Bhuj
L100000829575,way/688672711-765,Bhuj
L100000829576,way/688672711-765,Bhuj
L100000829538,way/331275940-765,Vadodara
L100000829539,way/201845280-765,Wardha
L100001042315,way/315823978-765,Kurnool
L100001041319,way/386153973-765,Dharmapuri
L100001041487,way/386153973-765,Dharmapuri
L100001041507,way/386153973-765,Dharmapuri
L100001041511,way/386153973-765,Dharmapuri
L100001042659,way/386153973-765,Dharmapuri
L100001041695,way/386153973-765,Dharmapuri
L100001041839,way/386153973-765,Dharmapuri
L100001042149,way/386153973-765,Dharmapuri
L100001042151,way/386153973-765,Dharmapuri
L100000829540,way/386153973-765,Dharmapuri
L100001041500,way/386153973-765,Dharmapuri
L100001041505,way/386153973-765,Dharmapuri
L100001041985,way/386153973-765,Dharmapuri
L100001042501,way/331275940-765,Vadodara
L100001042650,way/331275940-765,Vadodara
L100000829542,way/372701897-765,Moga
L100001041821,way/201845280-765,Wardha
L100001042598,way/386153973-765,Dharmapuri
L100001041690,way/203673991-400,Tezpur
L100001041887,way/203673991-400,Tezpur
L100001041878,way/311118424-765,Fatehpur
L100000829543,way/315823978-765,Kurnool
L100001042332,way/420797421-765,Sikandarabad
L100000829544,way/386153973-765,Dharmapuri
L100000829545,way/315823978-765,Kurnool
L100001041305,way/386153973-765,Dharmapuri
L100000829546,way/315823978-765,Kurnool
L100001041640,way/386153973-765,Dharmapuri
L100001042575,way/386153973-765,Dharmapuri
L100000829547,way/201845280-765,Wardha
L100000829548,way/759521252-765,Medinipur
L100000829549,way/353914865-765,Korba
L100001042646,way/353914865-765,Korba
L100001042656,way/353914865-765,Korba
L100001042366,way/353914865-765,Korba
L100001042145,way/386153973-765,Dharmapuri
L100001041676,way/293597835-765,Solapur
L100001041720,way/293597835-765,Solapur
L100000829554,way/315823978-765,Kurnool
L100000829555,way/315823978-765,Kurnool
L100000829556,way/315823978-765,Kurnool
L100000829558,way/386153973-765,Dharmapuri
L100001041819,IN684-765,Rajahmundry
L100000829559,way/386153973-765,Dharmapuri
L100001041671,way/386153973-765,Dharmapuri
L100001041604,way/315823978-765,Kurnool
L100001042654,way/315823978-765,Kurnool
L100000829560,way/293597835-765,Solapur
L100001041390,way/386153973-765,Dharmapuri
L100001041667,way/386153973-765,Dharmapuri
L100001042150,way/386153973-765,Dharmapuri
L100001042663,way/386153973-765,Dharmapuri
L100001042523,way/293597835-765,Solapur
L100001042103,way/209826798-765,Indore
L100001041902,way/386153973-765,Dharmapuri
L100001041817,way/315823978-765,Kurnool
L100001041567,way/331275940-765,Vadodara
L100001042638,way/331275940-765,Vadodara
L100001041708,way/688672711-765,Bhuj
L100001041829,way/353914865-765,Korba
L100001041387,way/315823978-765,Kurnool
L100000829577,way/420797421-765,Sikandarabad
L100000829578,way/420797421-765,Sikandarabad
L100001042507,way/315823978-765,Kurnool
L100000829580,way/386153973-765,Dharmapuri
L100000829581,way/386153973-765,Dharmapuri
L100000829582,way/386153973-765,Dharmapuri
L100000829583,way/386153973-765,Dharmapuri
L100001041649,way/386153973-765,Dharmapuri
L100001042005,way/386153973-765,Dharmapuri
L100001041993,way/386153973-765,Dharmapuri
L100001042198,way/315823978-765,Kurnool
L100001041361,way/331275940-765,Vadodara
L100000829584,way/315823978-765,Kurnool
L100000829585,way/201845280-765,Wardha
L100000829586,way/201845280-765,Wardha
L100000829587,way/420797421-765,Sikandarabad
L100001042612,way/386153973-765,Dharmapuri
L100000829589,way/201845280-765,Wardha
L100000829590,way/201845280-765,Wardha
L100000829591,way/201845280-765,Wardha
L100000829592,way/420797421-765,Sikandarabad
L100001041371,way/311118424-765,Fatehpur
L100000829594,way/201845280-765,Wardha
L100001041662,way/315823978-765,Kurnool
L100000829597,way/311118424-765,Fatehpur
L100001042108,way/369866141-765,Jaipur
L100000829598,way/209826798-765,Indore
L100000829599,way/311118424-765,Fatehpur
L100000829600,way/311118424-765,Fatehpur
L100001041280,way/331275940-765,Vadodara
L100001041684,way/331275940-765,Vadodara
L100001041685,way/331275940-765,Vadodara
L100001042025,way/331275940-765,Vadodara
L100001042026,way/331275940-765,Vadodara
L100001041571,way/353914865-765,Korba
L100001041352,way/201845280-765,Wardha
L100001042090,way/201845280-765,Wardha
L100000829602,way/209826798-765,Indore
L100001042561,way/1143180503-765,Phalodi
L100001041384,way/420797421-765,Sikandarabad
L100000829603,way/201845280-765,Wardha
L100000829604,way/1143180503-765,Phalodi
L100000829605,way/1143180503-765,Phalodi
L100001042283,way/420797421-765,Sikandarabad
L100000829606,way/209826798-765,Indore
L100000829607,way/420797421-765,Sikandarabad
L100000829608,way/420797421-765,Sikandarabad
L100000829609,way/420797421-765,Sikandarabad
L100000829610,way/420797421-765,Sikandarabad
L100001042017,way/420797421-765,Sikandarabad
L100001041703,way/386153973-765,Dharmapuri
L100000829611,way/293597835-765,Solapur
L100000829613,way/372701897-765,Moga
L100001041669,way/372701897-765,Moga
L100001041877,way/372701897-765,Moga
L100001042472,way/331275940-765,Vadodara
L100001041301,way/386153973-765,Dharmapuri
L100001041807,way/386153973-765,Dharmapuri
L100001041808,way/386153973-765,Dharmapuri
L100001041729,way/293597835-765,Solapur
L100000829614,way/293597835-765,Solapur
L100001041603,way/315823978-765,Kurnool
L100000829615,way/420797421-765,Sikandarabad
L100000829617,way/369866141-765,Jaipur
L100001042626,way/203673991-400,Tezpur
L100000829618,way/331275940-765,Vadodara
L100000829619,way/331275940-765,Vadodara
L100000829620,way/331275940-765,Vadodara
L100000829621,way/688672711-765,Bhuj
L100001042619,way/353914865-765,Korba
L100001042620,way/353914865-765,Korba
L100001042556,way/331275940-765,Vadodara
L100001042285,way/420797421-765,Sikandarabad
L100001042484,way/331275940-765,Vadodara
L100000829623,way/688672711-765,Bhuj
L100000829624,way/688672711-765,Bhuj
L100001041276,way/331275940-765,Vadodara
L100001042058,way/331275940-765,Vadodara
L100001041584,way/315823978-765,Kurnool
L100001042137,way/209826798-765,Indore
L100001042573,way/201845280-765,Wardha
L100001041296,way/386153973-765,Dharmapuri
L100001041929,way/386153973-765,Dharmapuri
L100001041946,way/386153973-765,Dharmapuri
L100001042181,way/386153973-765,Dharmapuri
L100001042266,way/386153973-765,Dharmapuri
L100001042182,way/386153973-765,Dharmapuri
L100001042260,way/386153973-765,Dharmapuri
L100001042263,way/386153973-765,Dharmapuri
L100001042265,way/386153973-765,Dharmapuri
L100001041744,way/293597835-765,Solapur
L100001042426,way/688672711-765,Bhuj
L100001041595,way/315823978-765,Kurnool
L100001041973,way/688672711-765,Bhuj
L100001041974,way/688672711-765,Bhuj
L100001041975,way/688672711-765,Bhuj
L100001042019,way/688672711-765,Bhuj
L100001042024,way/688672711-765,Bhuj
L100001042464,way/688672711-765,Bhuj
L100001042553,way/688672711-765,Bhuj
L100001042416,way/688672711-765,Bhuj
L100001042457,way/688672711-765,Bhuj
L100001042459,way/688672711-765,Bhuj
L100001041331,way/201845280-765,Wardha
L100001042098,way/201845280-765,Wardha
L100000829628,way/386153973-765,Dharmapuri
L100001041297,way/386153973-765,Dharmapuri
L100001041316,way/386153973-765,Dharmapuri
L100001042249,way/386153973-765,Dharmapuri
L100001042252,way/386153973-765,Dharmapuri
L100001042253,way/386153973-765,Dharmapuri
L100001041318,way/201845280-765,Wardha
L100001041454,way/201845280-765,Wardha
L100001041701,way/201845280-765,Wardha
L100001041552,way/201845280-765,Wardha
L100001042406,way/203673991-400,Tezpur
L100000829629,way/315823978-765,Kurnool
L100000829630,way/293597835-765,Solapur
L100001042614,way/353914865-765,Korba
L100001042615,way/353914865-765,Korba
L100001042616,way/353914865-765,Korba
L100001042617,way/353914865-765,Korba
L100001042367,way/353914865-765,Korba
L100001042379,way/311118424-765,Fatehpur
L100000829631,way/372701897-765,Moga
L100000829633,way/353914865-765,Korba
L100000829634,way/353914865-765,Korba
L100000829635,way/353914865-765,Korba
L100001041900,way/353914865-765,Korba
L100001041901,way/353914865-765,Korba
L100001042370,way/353914865-765,Korba
L100001042541,way/315823978-765,Kurnool
L100000829637,way/315823978-765,Kurnool
L100000829638,way/386153973-765,Dharmapuri
L100000829639,way/386153973-765,Dharmapuri
L100000829640,way/315823978-765,Kurnool
L100001042234,way/386153973-765,Dharmapuri
L100001042235,way/386153973-765,Dharmapuri
L100001042633,way/311118424-765,Fatehpur
L100001041812,way/420797421-765,Sikandarabad
L100001041273,way/315823978-765,Kurnool
L100001041889,way/315823978-765,Kurnool
L100001041712,way/1143180503-765,Phalodi
L100001042040,way/1143180503-765,Phalodi
L100001042041,way/1143180503-765,Phalodi
L100001042557,way/1143180503-765,Phalodi
L100000829642,way/331275940-765,Vadodara
L100001042545,way/372701897-765,Moga
L100001042111,way/372701897-765,Moga
L100000829643,way/386153973-765,Dharmapuri
L100000829655,way/293597835-765,Solapur
L100001041341,way/293597835-765,Solapur
L100001042571,way/293597835-765,Solapur
L100000829647,way/420797421-765,Sikandarabad
L100000829648,way/420797421-765,Sikandarabad
L100000829649,way/420797421-765,Sikandarabad
L100001042442,way/688672711-765,Bhuj
L100000829650,way/1143180503-765,Phalodi
L100000829651,way/315823978-765,Kurnool
L100000829652,way/315823978-765,Kurnool
L100000829653,way/420797421-765,Sikandarabad
L100000829654,way/420797421-765,Sikandarabad
L100001042648,way/293597835-765,Solapur
L100000829658,way/1143180503-765,Phalodi
L100000829659,way/1143180503-765,Phalodi
L100001041617,IN684-765,Rajahmundry
L100001041542,way/331275940-765,Vadodara
L100001041558,way/331275940-765,Vadodara
L100001042676,way/331275940-765,Vadodara
L100001042016,way/315823978-765,Kurnool
L100000829660,way/1143180503-765,Phalodi
L100001041355,way/209826798-765,Indore
L100001041338,way/315823978-765,Kurnool
L100001042611,way/420797421-765,Sikandarabad
L100001042653,way/331275940-765,Vadodara
L100001041572,way/353914865-765,Korba
L100001041425,way/311118424-765,Fatehpur
L100001042599,way/386153973-765,Dharmapuri
L100001041414,way/420797421-765,Sikandarabad
L100001041428,way/420797421-765,Sikandarabad
L100001041767,way/420797421-765,Sikandarabad
L100001041872,way/420797421-765,Sikandarabad
L100000829662,way/201845280-765,Wardha
L100000829663,way/420797421-765,Sikandarabad
L100000829665,way/372701897-765,Moga
L100000829666,way/372701897-765,Moga
L100000829667,way/315823978-765,Kurnool
L100001042134,way/201845280-765,Wardha
L100001042135,way/201845280-765,Wardha
L100000829668,way/201845280-765,Wardha
L100001041936,way/372701897-765,Moga
L100000829669,way/293597835-765,Solapur
L100001041327,way/311118424-765,Fatehpur
L100000829670,way/315823978-765,Kurnool
L100000829671,way/315823978-765,Kurnool
L100001041388,way/420797421-765,Sikandarabad
L100001041432,way/420797421-765,Sikandarabad
L100000829672,IN684-765,Rajahmundry
L100001041557,way/688672711-765,Bhuj
L100001042443,way/688672711-765,Bhuj
L100001042448,way/688672711-765,Bhuj
L100001042505,way/688672711-765,Bhuj
L100001042552,way/688672711-765,Bhuj
L100001041933,way/315823978-765,Kurnool
L100001042273,way/315823978-765,Kurnool
L100001041395,way/353914865-765,Korba
L100000829675,way/386153973-765,Dharmapuri
L100000829678,way/386153973-765,Dharmapuri
L100000829679,way/688672711-765,Bhuj
L100000829680,way/688672711-765,Bhuj
L100000829681,way/688672711-765,Bhuj
L100000829682,way/688672711-765,Bhuj
L100000829683,way/688672711-765,Bhuj
L100000829684,way/688672711-765,Bhuj
L100000829685,way/688672711-765,Bhuj
L100000829686,way/315823978-765,Kurnool
L100001041531,way/386153973-765,Dharmapuri
L100001041952,way/386153973-765,Dharmapuri
L100001042213,way/420797421-765,Sikandarabad
L100001041562,way/315823978-765,Kurnool
L100000829687,way/331275940-765,Vadodara
L100000829688,way/331275940-765,Vadodara
L100001041666,way/315823978-765,Kurnool
L100000829689,way/1143180503-765,Phalodi
L100001041564,way/315823978-765,Kurnool
L100000829690,way/420797421-765,Sikandarabad
L100001041502,way/293597835-765,Solapur
L100001041760,way/293597835-765,Solapur
L100000829691,way/293597835-765,Solapur
L100000829692,way/386153973-765,Dharmapuri
L100001041657,way/331275940-765,Vadodara
L100001041971,way/688672711-765,Bhuj
L100001041972,way/688672711-765,Bhuj
L100001042021,way/688672711-765,Bhuj
L100001042022,way/688672711-765,Bhuj
L100001042023,way/688672711-765,Bhuj
L100001042408,way/688672711-765,Bhuj
L100001041443,way/209826798-765,Indore
L100001041450,way/209826798-765,Indore
L100001041412,way/311118424-765,Fatehpur
L100001041787,way/311118424-765,Fatehpur
L100001041864,way/386153973-765,Dharmapuri
L100001042195,way/386153973-765,Dharmapuri
L100000829695,way/386153973-765,Dharmapuri
L100000829696,way/386153973-765,Dharmapuri
L100001041910,way/386153973-765,Dharmapuri
L100001042356,way/420797421-765,Sikandarabad
L100001041466,way/420797421-765,Sikandarabad
L100001042032,way/331275940-765,Vadodara
L100001042479,way/331275940-765,Vadodara
L100001041885,way/372701897-765,Moga
L100001042169,way/209826798-765,Indore
L100000829701,way/386153973-765,Dharmapuri
L100000829702,way/293597835-765,Solapur
L100000829703,way/420797421-765,Sikandarabad
L100000829704,way/420797421-765,Sikandarabad
L100000829705,way/420797421-765,Sikandarabad
L100000829706,way/420797421-765,Sikandarabad
L100000829707,way/420797421-765,Sikandarabad
L100000829708,way/420797421-765,Sikandarabad
L100001041605,way/315823978-765,Kurnool
L100001041358,way/293597835-765,Solapur
L100001042011,way/293597835-765,Solapur
L100000829709,way/315823978-765,Kurnool
L100001042015,way/420797421-765,Sikandarabad
L100001041458,way/201845280-765,Wardha
L100001041461,way/201845280-765,Wardha
L100001041912,way/201845280-765,Wardha
L100001042521,way/293597835-765,Solapur
L100000829710,way/688672711-765,Bhuj
L100001041682,way/372701897-765,Moga
L100001042060,way/331275940-765,Vadodara
L100001042277,way/315823978-765,Kurnool
L100001042395,way/353914865-765,Korba
L100001041326,way/201845280-765,Wardha
L100000829711,way/386153973-765,Dharmapuri
L100001041492,way/386153973-765,Dharmapuri
L100001041679,way/386153973-765,Dharmapuri
L100001041694,way/386153973-765,Dharmapuri
L100001041762,way/386153973-765,Dharmapuri
L100001041840,way/386153973-765,Dharmapuri
L100001042141,way/420797421-765,Sikandarabad
L100001042143,way/420797421-765,Sikandarabad
L100001041488,way/386153973-765,Dharmapuri
L100001041508,way/386153973-765,Dharmapuri
L100001041399,way/386153973-765,Dharmapuri
L100001041479,way/386153973-765,Dharmapuri
L100001041506,way/386153973-765,Dharmapuri
L100000829715,way/386153973-765,Dharmapuri
L100000829716,way/386153973-765,Dharmapuri
L100001041283,way/386153973-765,Dharmapuri
L100001041705,way/386153973-765,Dharmapuri
L100001041645,way/372701897-765,Moga
L100000829717,way/315823978-765,Kurnool
L100000829718,way/293597835-765,Solapur
L100001041497,way/293597835-765,Solapur
L100000829720,way/293597835-765,Solapur
L100001041363,way/293597835-765,Solapur
L100001041509,way/293597835-765,Solapur
L100000829722,way/293597835-765,Solapur
L100001041494,way/386153973-765,Dharmapuri
L100000829723,way/293597835-765,Solapur
L100001041339,way/369866141-765,Jaipur
L100001041439,way/369866141-765,Jaipur
L100000829724,way/386153973-765,Dharmapuri
L100001041376,way/420797421-765,Sikandarabad
L100001042012,way/420797421-765,Sikandarabad
L100001042380,way/311118424-765,Fatehpur
L100000829725,way/315823978-765,Kurnool
L100000829726,way/315823978-765,Kurnool
L100001042318,way/315823978-765,Kurnool
L100001041347,way/420797421-765,Sikandarabad
L100001041424,way/420797421-765,Sikandarabad
L100001041442,way/420797421-765,Sikandarabad
L100001042563,way/331275940-765,Vadodara
L100000829728,way/386153973-765,Dharmapuri
L100001041706,way/201845280-765,Wardha
L100000829730,way/293597835-765,Solapur
L100001041582,way/315823978-765,Kurnool
L100001041302,way/386153973-765,Dharmapuri
L100001042294,way/386153973-765,Dharmapuri
L100001042297,way/386153973-765,Dharmapuri
L100001042536,way/386153973-765,Dharmapuri
L100001042092,way/201845280-765,Wardha
L100000829731,way/353914865-765,Korba
L100000829732,way/201845280-765,Wardha
L100001041289,way/293597835-765,Solapur
L100001041362,way/293597835-765,Solapur
L100000829734,way/386153973-765,Dharmapuri
L100001041596,way/315823978-765,Kurnool
L100000829735,way/420797421-765,Sikandarabad
L100000829736,way/386153973-765,Dharmapuri
L100000829756,way/315823978-765,Kurnool
L100001041556,way/315823978-765,Kurnool
L100001041860,way/201845280-765,Wardha
L100001041958,way/201845280-765,Wardha
L100001042421,way/201845280-765,Wardha
L100001041846,way/386153973-765,Dharmapuri
L100001041419,IN684-765,Rajahmundry
L100001041620,way/315823978-765,Kurnool
L100001041798,way/315823978-765,Kurnool
L100001042340,way/315823978-765,Kurnool
L100001042624,way/311118424-765,Fatehpur
L100001041987,way/1143180503-765,Phalodi
L100001041591,way/315823978-765,Kurnool
L100001042043,way/331275940-765,Vadodara
L100001041398,way/372701897-765,Moga
L100001042203,way/293597835-765,Solapur
L100001042205,way/293597835-765,Solapur
L100001042206,way/293597835-765,Solapur
L100001042502,way/293597835-765,Solapur
L100001042485,way/331275940-765,Vadodara
L100001041274,way/688672711-765,Bhuj
L100001041959,way/688672711-765,Bhuj
L100001042409,way/688672711-765,Bhuj
L100001041513,way/293597835-765,Solapur
L100001041738,way/293597835-765,Solapur
L100001041285,way/331275940-765,Vadodara
L100001041714,way/331275940-765,Vadodara
L100001041654,way/688672711-765,Bhuj
L100001041963,way/688672711-765,Bhuj
L100001041964,way/688672711-765,Bhuj
L100001041965,way/688672711-765,Bhuj
L100001041966,way/688672711-765,Bhuj
L100001042410,way/688672711-765,Bhuj
L100001042089,way/293597835-765,Solapur
L100001042094,way/293597835-765,Solapur
L100000829746,way/372701897-765,Moga
L100001041721,way/688672711-765,Bhuj
L100001041967,way/688672711-765,Bhuj
L100001041969,way/688672711-765,Bhuj
L100001042414,way/688672711-765,Bhuj
L100001042415,way/688672711-765,Bhuj
L100001041456,way/201845280-765,Wardha
L100001041886,way/759521252-765,Medinipur
L100001041570,way/315823978-765,Kurnool
L100001042101,way/209826798-765,Indore
L100001042435,way/688672711-765,Bhuj
L100001042436,way/688672711-765,Bhuj
L100001042445,way/688672711-765,Bhuj
L100001042082,way/293597835-765,Solapur
L100001042122,way/293597835-765,Solapur
L100001042529,way/293597835-765,Solapur
L100001042532,way/209826798-765,Indore
L100000829748,way/293597835-765,Solapur
L100001042365,way/353914865-765,Korba
L100000829749,way/315823978-765,Kurnool
L100001042424,way/331275940-765,Vadodara
L100001042364,way/353914865-765,Korba
L100001042049,way/331275940-765,Vadodara
L100001041691,way/420797421-765,Sikandarabad
L100001041692,way/420797421-765,Sikandarabad
L100001042329,way/420797421-765,Sikandarabad
L100001042609,way/420797421-765,Sikandarabad
L100001042610,way/420797421-765,Sikandarabad
L100001041941,way/315823978-765,Kurnool
L100000829751,way/311118424-765,Fatehpur
L100000829752,way/311118424-765,Fatehpur
L100000829753,way/311118424-765,Fatehpur
L100000829754,way/311118424-765,Fatehpur
L100000829755,way/372701897-765,Moga
L100001042167,way/293597835-765,Solapur
L100001042107,way/369866141-765,Jaipur
L100001042068,way/1143180503-765,Phalodi
L100001042462,way/688672711-765,Bhuj
L100001042463,way/688672711-765,Bhuj
L100000829758,way/315823978-765,Kurnool
L100001041891,way/209826798-765,Indore
L100001042286,way/386153973-765,Dharmapuri
L100001041344,way/386153973-765,Dharmapuri
L100001042000,way/386153973-765,Dharmapuri
L100001042002,way/386153973-765,Dharmapuri
L100001042658,way/386153973-765,Dharmapuri
L100001041579,way/315823978-765,Kurnool
L100000829761,way/209826798-765,Indore
L100000829762,way/209826798-765,Indore
L100000829763,way/209826798-765,Indore
L100001042404,way/311118424-765,Fatehpur
L100001042360,way/420797421-765,Sikandarabad
L100001042361,way/420797421-765,Sikandarabad
L100000829767,way/386153973-765,Dharmapuri
L100001042131,way/293597835-765,Solapur
L100001042581,way/293597835-765,Solapur
L100001042582,way/293597835-765,Solapur
L100001041949,way/315823978-765,Kurnool
L100001042209,way/201845280-765,Wardha
L100001041343,way/688672711-765,Bhuj
L100001041907,way/688672711-765,Bhuj
L100001041968,way/688672711-765,Bhuj
L100001041970,way/688672711-765,Bhuj
L100001042447,way/688672711-765,Bhuj
L100001042411,way/688672711-765,Bhuj
L100001042412,way/688672711-765,Bhuj
L100001042413,way/688672711-765,Bhuj
L100001042446,way/688672711-765,Bhuj
L100001042450,way/688672711-765,Bhuj
L100001042451,way/688672711-765,Bhuj
L100001042506,way/688672711-765,Bhuj
L100001042549,way/688672711-765,Bhuj
L100001041438,way/353914865-765,Korba
L100001042396,way/353914865-765,Korba
L100001042622,way/353914865-765,Korba
L100001041563,way/315823978-765,Kurnool
L100000829768,way/386153973-765,Dharmapuri
L100000829769,way/315823978-765,Kurnool
L100001042316,way/315823978-765,Kurnool
L100000829770,way/315823978-765,Kurnool
L100001041717,way/201845280-765,Wardha
L100000829771,way/386153973-765,Dharmapuri
L100000829776,way/386153973-765,Dharmapuri
L100001041687,way/386153973-765,Dharmapuri
L100001041514,way/315823978-765,Kurnool
L100001042158,way/315823978-765,Kurnool
L100001041447,way/201845280-765,Wardha
L100001041453,way/201845280-765,Wardha
L100001041323,way/386153973-765,Dharmapuri
L100001041543,way/386153973-765,Dharmapuri
L100001041625,way/386153973-765,Dharmapuri
L100001042289,way/386153973-765,Dharmapuri
L100001042497,way/386153973-765,Dharmapuri
L100001042156,way/315823978-765,Kurnool
L100001042632,way/315823978-765,Kurnool
L100000829779,way/315823978-765,Kurnool
L100001041529,way/386153973-765,Dharmapuri
L100001041678,way/386153973-765,Dharmapuri
L100000829780,way/315823978-765,Kurnool
L100001041268,way/315823978-765,Kurnool
L100000829781,way/386153973-765,Dharmapuri
L100001041815,way/315823978-765,Kurnool
L100000829782,way/386153973-765,Dharmapuri
L100001041291,way/386153973-765,Dharmapuri
L100001041515,way/386153973-765,Dharmapuri
L100001041522,way/386153973-765,Dharmapuri
L100001041530,way/386153973-765,Dharmapuri
L100001042185,way/386153973-765,Dharmapuri
L100001041921,way/386153973-765,Dharmapuri
L100001041922,way/386153973-765,Dharmapuri
L100001042183,way/386153973-765,Dharmapuri
L100001042184,way/386153973-765,Dharmapuri
L100001042187,way/386153973-765,Dharmapuri
L100001042188,way/386153973-765,Dharmapuri
L100001042264,way/386153973-765,Dharmapuri
L100001042543,way/386153973-765,Dharmapuri
L100001041630,way/315823978-765,Kurnool
L100001042036,way/331275940-765,Vadodara
L100001042038,way/331275940-765,Vadodara
L100001042478,way/331275940-765,Vadodara
L100001042559,way/331275940-765,Vadodara
L100001041633,way/759521252-765,Medinipur
L100001041764,way/420797421-765,Sikandarabad
L100000829786,way/209826798-765,Indore
L100000829787,way/353914865-765,Korba
L100000829788,way/201845280-765,Wardha
L100001042112,way/372701897-765,Moga
L100001042512,way/386153973-765,Dharmapuri
L100001041805,way/386153973-765,Dharmapuri
L100001042326,way/201845280-765,Wardha
L100000829789,way/311118424-765,Fatehpur
L100001042237,way/386153973-765,Dharmapuri
L100001042239,way/386153973-765,Dharmapuri
L100001042241,way/386153973-765,Dharmapuri
L100001042242,way/386153973-765,Dharmapuri
L100001042244,way/386153973-765,Dharmapuri
L100001042093,way/201845280-765,Wardha
L100000829791,way/688672711-765,Bhuj
L100000829792,way/386153973-765,Dharmapuri
L100000829795,way/386153973-765,Dharmapuri
L100001041485,way/315823978-765,Kurnool
L100001041504,way/315823978-765,Kurnool
L100000829796,way/315823978-765,Kurnool
L100001041950,way/386153973-765,Dharmapuri
L100000829798,way/315823978-765,Kurnool
L100001041825,way/203673991-400,Tezpur
L100001041822,way/201845280-765,Wardha
L100001042401,way/311118424-765,Fatehpur
L100001041981,way/386153973-765,Dharmapuri
L100001041664,way/315823978-765,Kurnool
L100001041814,way/315823978-765,Kurnool
L100001041366,way/201845280-765,Wardha
L100000829804,way/293597835-765,Solapur
L100000829805,way/293597835-765,Solapur
L100000829806,way/386153973-765,Dharmapuri
L100000829807,way/386153973-765,Dharmapuri
L100001042139,way/369866141-765,Jaipur
L100000829808,way/353914865-765,Korba
L100000829809,way/331275940-765,Vadodara
L100001042618,way/353914865-765,Korba
L100001041718,way/331275940-765,Vadodara
L100001042470,way/331275940-765,Vadodara
L100000829811,way/293597835-765,Solapur
L100001041539,way/759521252-765,Medinipur
L100001042671,way/759521252-765,Medinipur
L100000829813,way/1143180503-765,Phalodi
L100001042397,way/311118424-765,Fatehpur
L100001042565,way/201845280-765,Wardha
L100001041413,way/293597835-765,Solapur
L100001042061,way/331275940-765,Vadodara
L100001042062,way/331275940-765,Vadodara
L100001041934,way/420797421-765,Sikandarabad
L100000829815,way/1143180503-765,Phalodi
L100000829816,way/688672711-765,Bhuj
L100000829817,way/688672711-765,Bhuj
L100000829818,way/203673991-400,Tezpur
L100001041317,way/353914865-765,Korba
L100000829819,way/420797421-765,Sikandarabad
L100001042359,way/420797421-765,Sikandarabad
L100000829820,way/386153973-765,Dharmapuri
L100001042276,way/315823978-765,Kurnool
L100000829821,way/1143180503-765,Phalodi
L100000829822,way/1143180503-765,Phalodi
L100000829823,way/1143180503-765,Phalodi
L100000829824,way/293597835-765,Solapur
L100000829825,way/386153973-765,Dharmapuri
L100001041404,way/315823978-765,Kurnool
L100001041555,way/315823978-765,Kurnool
L100001041601,way/315823978-765,Kurnool
L100001041609,way/315823978-765,Kurnool
L100000829826,way/315823978-765,Kurnool
L100001041734,way/315823978-765,Kurnool
L100001041357,way/420797421-765,Sikandarabad
L100000829827,way/293597835-765,Solapur
L100001041378,way/293597835-765,Solapur
L100000829828,way/386153973-765,Dharmapuri
L100000829829,way/315823978-765,Kurnool
L100001041325,way/1143180503-765,Phalodi
L100001041440,way/1143180503-765,Phalodi
L100001041441,way/1143180503-765,Phalodi
L100001041451,way/1143180503-765,Phalodi
L100001041874,way/1143180503-765,Phalodi
L100000829830,way/293597835-765,Solapur
L100001042272,way/315823978-765,Kurnool
L100001041490,way/386153973-765,Dharmapuri
L100000829831,way/386153973-765,Dharmapuri
L100000829832,way/386153973-765,Dharmapuri
L100001042339,way/315823978-765,Kurnool
L100001041899,way/386153973-765,Dharmapuri
L100000829833,way/315823978-765,Kurnool
L100000829834,way/386153973-765,Dharmapuri
L100001041674,way/315823978-765,Kurnool
L100001041743,way/293597835-765,Solapur
L100001042577,way/293597835-765,Solapur
L100001041773,way/386153973-765,Dharmapuri
L100001042196,way/386153973-765,Dharmapuri
L100001042321,way/201845280-765,Wardha
L100001042322,way/201845280-765,Wardha
L100001042324,way/201845280-765,Wardha
L100001041948,IN684-765,Rajahmundry
L100000829837,way/315823978-765,Kurnool
L100000829838,way/386153973-765,Dharmapuri
L100001042336,way/386153973-765,Dharmapuri
L100001041905,way/688672711-765,Bhuj
L100001042444,way/688672711-765,Bhuj
L100000829839,way/315823978-765,Kurnool
L100001042140,way/420797421-765,Sikandarabad
L100000829840,way/1143180503-765,Phalodi
L100001041446,way/369866141-765,Jaipur
L100000829843,way/386153973-765,Dharmapuri
L100001042152,way/386153973-765,Dharmapuri
L100001042576,way/386153973-765,Dharmapuri
L100001041516,way/386153973-765,Dharmapuri
L100001041906,way/386153973-765,Dharmapuri
L100001041580,IN684-765,Rajahmundry
L100001041597,way/315823978-765,Kurnool
L100001041800,way/315823978-765,Kurnool
L100001041495,way/386153973-765,Dharmapuri
L100001041749,way/386153973-765,Dharmapuri
L100001041778,way/386153973-765,Dharmapuri
L100001041911,way/386153973-765,Dharmapuri
L100001041303,way/386153973-765,Dharmapuri
L100001041824,way/386153973-765,Dharmapuri
L100001041940,way/386153973-765,Dharmapuri
L100001041999,way/386153973-765,Dharmapuri
L100001042298,way/386153973-765,Dharmapuri
L100001042302,way/386153973-765,Dharmapuri
L100001041680,way/386153973-765,Dharmapuri
L100000829844,way/293597835-765,Solapur
L100000829845,way/420797421-765,Sikandarabad
L100001041489,way/293597835-765,Solapur
L100001041590,way/315823978-765,Kurnool
L100001041545,way/386153973-765,Dharmapuri
L100001042608,way/386153973-765,Dharmapuri
L100001041939,way/386153973-765,Dharmapuri
L100001041945,way/386153973-765,Dharmapuri
L100001042299,way/386153973-765,Dharmapuri
L100001042300,way/386153973-765,Dharmapuri
L100000829846,way/386153973-765,Dharmapuri
L100000829847,way/386153973-765,Dharmapuri
L100001042574,way/386153973-765,Dharmapuri
L100001042645,way/386153973-765,Dharmapuri
L100000829848,way/293597835-765,Solapur
L100001041765,way/315823978-765,Kurnool
L100001042115,way/293597835-765,Solapur
L100001041637,way/386153973-765,Dharmapuri
L100000829851,way/386153973-765,Dharmapuri
L100000829852,way/372701897-765,Moga
L100000829853,way/372701897-765,Moga
L100001041953,way/372701897-765,Moga
L100001042003,way/372701897-765,Moga
L100001042382,way/311118424-765,Fatehpur
L100001042480,way/331275940-765,Vadodara
L100001042481,way/331275940-765,Vadodara
L100001041709,way/688672711-765,Bhuj
L100001042018,way/688672711-765,Bhuj
L100001042020,way/688672711-765,Bhuj
L100001042628,way/688672711-765,Bhuj
L100001041826,way/420797421-765,Sikandarabad
L100000829855,way/386153973-765,Dharmapuri
L100001041377,way/293597835-765,Solapur
L100001042114,way/293597835-765,Solapur
L100001042639,way/420797421-765,Sikandarabad
L100001041984,way/420797421-765,Sikandarabad
L100001042548,way/688672711-765,Bhuj
L100001042498,way/203673991-400,Tezpur
L100001042432,way/688672711-765,Bhuj
L100000829857,way/293597835-765,Solapur
L100001042162,way/293597835-765,Solapur
L100001041875,way/372701897-765,Moga
L100001041607,way/386153973-765,Dharmapuri
L100001042427,way/331275940-765,Vadodara
L100001042469,way/331275940-765,Vadodara
L100000829859,way/315823978-765,Kurnool
L100000829860,way/315823978-765,Kurnool
L100000829861,way/315823978-765,Kurnool
L100000829862,way/315823978-765,Kurnool
L100000829863,way/386153973-765,Dharmapuri
L100000829864,way/201845280-765,Wardha
L100001042202,way/293597835-765,Solapur
L100001042489,way/1143180503-765,Phalodi
L100000829866,way/201845280-765,Wardha
L100001042007,way/311118424-765,Fatehpur
L100000829867,way/1143180503-765,Phalodi
L100001041356,way/1143180503-765,Phalodi
L100001041954,way/1143180503-765,Phalodi
L100001041521,way/386153973-765,Dharmapuri
L100001041994,way/386153973-765,Dharmapuri
L100001041627,way/315823978-765,Kurnool
L100000829868,way/315823978-765,Kurnool
L100001041282,way/386153973-765,Dharmapuri
L100001041360,way/386153973-765,Dharmapuri
L100001041677,way/386153973-765,Dharmapuri
L100000829870,way/420797421-765,Sikandarabad
L100000829871,way/420797421-765,Sikandarabad
L100000829872,way/420797421-765,Sikandarabad
L100001041310,way/315823978-765,Kurnool
L100001041459,way/201845280-765,Wardha
L100000829874,way/293597835-765,Solapur
L100000829875,way/293597835-765,Solapur
L100000829876,way/293597835-765,Solapur
L100000829877,way/293597835-765,Solapur
L100000829878,way/293597835-765,Solapur
L100001042129,way/201845280-765,Wardha
L100001042130,way/293597835-765,Solapur
L100001042132,way/293597835-765,Solapur
L100001042345,way/201845280-765,Wardha
L100001041330,way/311118424-765,Fatehpur
L100001041755,way/420797421-765,Sikandarabad
L100001041418,way/311118424-765,Fatehpur
L100001042353,way/311118424-765,Fatehpur
L100001042354,way/311118424-765,Fatehpur
L100000829879,way/420797421-765,Sikandarabad
L100001041370,way/420797421-765,Sikandarabad
L100001042425,way/331275940-765,Vadodara
L100001042465,way/331275940-765,Vadodara
L100001042637,way/331275940-765,Vadodara
L100001042351,way/311118424-765,Fatehpur
L100000829880,way/201845280-765,Wardha
L100000829881,way/315823978-765,Kurnool
L100001041491,way/386153973-765,Dharmapuri
L100001042567,way/201845280-765,Wardha
L100001042674,way/201845280-765,Wardha
L100001041980,way/688672711-765,Bhuj
L100001042320,way/315823978-765,Kurnool
L100001041533,way/372701897-765,Moga
L100001041634,way/372701897-765,Moga
L100001041652,way/372701897-765,Moga
L100001042086,way/293597835-765,Solapur
L100001042083,way/293597835-765,Solapur
L100001041585,way/315823978-765,Kurnool
L100001041925,way/386153973-765,Dharmapuri
L100001042001,way/386153973-765,Dharmapuri
L100001042254,way/386153973-765,Dharmapuri
L100001042290,way/386153973-765,Dharmapuri
L100001042292,way/386153973-765,Dharmapuri
L100001042293,way/386153973-765,Dharmapuri
L100001042295,way/386153973-765,Dharmapuri
L100001042296,way/386153973-765,Dharmapuri
L100001041277,way/688672711-765,Bhuj
L100000829883,way/1143180503-765,Phalodi
L100000829884,way/1143180503-765,Phalodi
L100001042106,way/369866141-765,Jaipur
L100001042344,way/315823978-765,Kurnool
L100001042595,way/420797421-765,Sikandarabad
L100001042417,way/688672711-765,Bhuj
L100000829890,way/386153973-765,Dharmapuri
L100001042117,way/293597835-765,Solapur
L100001041707,way/331275940-765,Vadodara
L100001042047,way/331275940-765,Vadodara
L100000829892,way/315823978-765,Kurnool
L100000829893,way/203673991-400,Tezpur
L100000829894,way/203673991-400,Tezpur
L100000829895,way/420797421-765,Sikandarabad
L100000829897,way/386153973-765,Dharmapuri
L100000829898,way/386153973-765,Dharmapuri
L100001041471,way/201845280-765,Wardha
L100001042586,way/201845280-765,Wardha
L100001042587,way/201845280-765,Wardha
L100000829899,way/315823978-765,Kurnool
L100000829900,way/315823978-765,Kurnool
L100001042227,way/386153973-765,Dharmapuri
L100001042583,way/293597835-765,Solapur
L100000829902,way/386153973-765,Dharmapuri
L100001041598,way/315823978-765,Kurnool
L100001041818,way/315823978-765,Kurnool
L100001042338,way/315823978-765,Kurnool
L100001041484,way/315823978-765,Kurnool
L100001042375,way/353914865-765,Korba
L100001042514,way/369866141-765,Jaipur
L100001042629,way/331275940-765,Vadodara
L100001041416,way/420797421-765,Sikandarabad
L100001042215,way/420797421-765,Sikandarabad
L100001041468,way/420797421-765,Sikandarabad
L100001041668,way/420797421-765,Sikandarabad
L100001041775,way/420797421-765,Sikandarabad
L100001042524,way/420797421-765,Sikandarabad
L100001042342,way/315823978-765,Kurnool
L100001042348,way/201845280-765,Wardha
L100001042004,way/209826798-765,Indore
L100001042063,way/209826798-765,Indore
L100001041956,way/201845280-765,Wardha
L100001041626,way/315823978-765,Kurnool
L100001041622,way/315823978-765,Kurnool
L100001041629,way/315823978-765,Kurnool
L100001041947,way/420797421-765,Sikandarabad
L100000829906,way/311118424-765,Fatehpur
L100001041750,way/420797421-765,Sikandarabad
L100000829907,way/759521252-765,Medinipur
L100000829908,way/386153973-765,Dharmapuri
L100001042341,way/315823978-765,Kurnool
L100001042643,way/386153973-765,Dharmapuri
L100001042547,way/688672711-765,Bhuj
L100000829909,way/688672711-765,Bhuj
L100000829910,way/688672711-765,Bhuj
L100001042193,way/386153973-765,Dharmapuri
L100001042136,way/209826798-765,Indore
L100001041573,way/315823978-765,Kurnool
L100000829912,way/315823978-765,Kurnool
L100000829913,way/369866141-765,Jaipur
L100001042087,way/293597835-765,Solapur
L100000829915,way/420797421-765,Sikandarabad
L100000829916,way/203673991-400,Tezpur
L100000829917,way/203673991-400,Tezpur
L100001041393,way/331275940-765,Vadodara
L100001041336,way/420797421-765,Sikandarabad
L100001042217,way/420797421-765,Sikandarabad
L100001041688,way/315823978-765,Kurnool
L100001041300,way/386153973-765,Dharmapuri
L100001042270,way/386153973-765,Dharmapuri
L100001042533,way/386153973-765,Dharmapuri
L100000829919,way/293597835-765,Solapur
L100001041480,way/315823978-765,Kurnool
L100001041483,way/386153973-765,Dharmapuri
L100001041844,way/386153973-765,Dharmapuri
L100001042504,way/386153973-765,Dharmapuri
L100001041477,way/315823978-765,Kurnool
L100001041588,way/315823978-765,Kurnool
L100001041599,way/315823978-765,Kurnool
L100000829920,way/386153973-765,Dharmapuri
L100000829921,way/386153973-765,Dharmapuri
L100000829922,way/386153973-765,Dharmapuri
L100000829924,way/386153973-765,Dharmapuri
L100000829925,way/386153973-765,Dharmapuri
L100000829926,way/386153973-765,Dharmapuri
L100001042460,way/688672711-765,Bhuj
L100001042461,way/688672711-765,Bhuj
L100001041535,way/372701897-765,Moga
L100001041795,way/420797421-765,Sikandarabad
L100001042655,way/420797421-765,Sikandarabad
L100001041600,way/315823978-765,Kurnool
L100001041804,way/315823978-765,Kurnool
L100000829927,way/315823978-765,Kurnool
L100001041309,way/293597835-765,Solapur
L100001042572,way/293597835-765,Solapur
L100001041616,way/315823978-765,Kurnool
L100001041854,way/293597835-765,Solapur
L100001042088,way/293597835-765,Solapur
L100000829930,way/386153973-765,Dharmapuri
L100000829932,way/201845280-765,Wardha
L100001041536,way/372701897-765,Moga
L100001041540,way/372701897-765,Moga
L100001041650,way/372701897-765,Moga
L100000829933,way/386153973-765,Dharmapuri
L100001041976,way/688672711-765,Bhuj
L100001041977,way/688672711-765,Bhuj
L100001041978,way/688672711-765,Bhuj
L100001041270,way/201845280-765,Wardha
L100001041383,way/386153973-765,Dharmapuri
L100001041919,way/386153973-765,Dharmapuri
L100001041372,way/315823978-765,Kurnool
L100001041576,way/315823978-765,Kurnool
L100000829936,way/386153973-765,Dharmapuri
L100001041486,way/293597835-765,Solapur
L100001041730,way/293597835-765,Solapur
L100001041745,way/293597835-765,Solapur
L100001041337,way/688672711-765,Bhuj
L100000829937,way/688672711-765,Bhuj
L100000829938,way/315823978-765,Kurnool
L100001041452,way/315823978-765,Kurnool
L100001041606,way/315823978-765,Kurnool
L100001041663,way/315823978-765,Kurnool
L100001041986,way/420797421-765,Sikandarabad
L100001041871,way/201845280-765,Wardha
L100000829940,way/201845280-765,Wardha
L100000829941,way/201845280-765,Wardha
L100000829942,way/315823978-765,Kurnool
L100001041903,way/311118424-765,Fatehpur
L100001041304,way/386153973-765,Dharmapuri
L100001041636,way/386153973-765,Dharmapuri
L100001042306,way/386153973-765,Dharmapuri
L100000829944,way/386153973-765,Dharmapuri
L100001041648,way/386153973-765,Dharmapuri
L100001042508,way/315823978-765,Kurnool
L100001041780,way/386153973-765,Dharmapuri
L100001041689,way/353914865-765,Korba
L100000829977,way/420797421-765,Sikandarabad
L100000829982,way/386153973-765,Dharmapuri
L100000829988,way/293597835-765,Solapur
L100000829989,way/293597835-765,Solapur
L100001041369,way/372701897-765,Moga
L100000829945,way/386153973-765,Dharmapuri
L100001042613,way/315823978-765,Kurnool
L100000829946,way/386153973-765,Dharmapuri
L100000829947,way/386153973-765,Dharmapuri
L100000829948,way/203673991-400,Tezpur
L100000829949,way/203673991-400,Tezpur
L100001041472,way/386153973-765,Dharmapuri
L100000829950,way/386153973-765,Dharmapuri
L100001041879,way/386153973-765,Dharmapuri
L100001041365,way/201845280-765,Wardha
L100000829952,way/315823978-765,Kurnool
L100001042330,way/420797421-765,Sikandarabad
L100001042331,way/420797421-765,Sikandarabad
L100000829953,way/315823978-765,Kurnool
L100001041457,way/201845280-765,Wardha
L100000829954,way/315823978-765,Kurnool
L100000829955,way/315823978-765,Kurnool
L100001042218,way/420797421-765,Sikandarabad
L100000829956,way/293597835-765,Solapur
L100000829957,way/311118424-765,Fatehpur
L100001041838,way/420797421-765,Sikandarabad
L100001042420,way/688672711-765,Bhuj
L100001041578,way/386153973-765,Dharmapuri
L100001041581,way/386153973-765,Dharmapuri
L100001041810,way/386153973-765,Dharmapuri
L100000829958,way/315823978-765,Kurnool
L100001041299,way/386153973-765,Dharmapuri
L100001041753,way/386153973-765,Dharmapuri
L100001042191,way/386153973-765,Dharmapuri
L100001042192,way/386153973-765,Dharmapuri
L100001041849,way/315823978-765,Kurnool
L100001041848,way/201845280-765,Wardha
L100001042278,way/201845280-765,Wardha
L100001041614,way/315823978-765,Kurnool
L100000829959,way/315823978-765,Kurnool
L100001042044,way/201845280-765,Wardha
L100000829962,way/372701897-765,Moga
L100001042525,way/315823978-765,Kurnool
L100001042171,way/386153973-765,Dharmapuri
L100001042603,way/386153973-765,Dharmapuri
L100000829963,way/331275940-765,Vadodara
L100001041766,way/386153973-765,Dharmapuri
L100001041920,way/386153973-765,Dharmapuri
L100000829965,way/315823978-765,Kurnool
L100001041307,way/420797421-765,Sikandarabad
L100001041811,way/315823978-765,Kurnool
L100000829966,way/331275940-765,Vadodara
L100001041394,way/420797421-765,Sikandarabad
L100001041435,way/420797421-765,Sikandarabad
L100001041594,way/315823978-765,Kurnool
L100000829967,way/201845280-765,Wardha
L100001041400,way/201845280-765,Wardha
L100000829968,way/420797421-765,Sikandarabad
L100000829969,way/209826798-765,Indore
L100001041831,way/311118424-765,Fatehpur
L100001042358,way/420797421-765,Sikandarabad
L100001042542,way/420797421-765,Sikandarabad
L100000829971,way/331275940-765,Vadodara
L100000829972,way/315823978-765,Kurnool
L100000829973,way/420797421-765,Sikandarabad
L100000829974,way/386153973-765,Dharmapuri
L100000829975,way/386153973-765,Dharmapuri
L100001042046,way/331275940-765,Vadodara
L100000829976,way/386153973-765,Dharmapuri
L100001041756,way/201845280-765,Wardha
L100001042669,way/420797421-765,Sikandarabad
L100001041852,way/315823978-765,Kurnool
L100001041923,way/386153973-765,Dharmapuri
L100001042246,way/386153973-765,Dharmapuri
L100001042247,way/386153973-765,Dharmapuri
L100001041464,way/293597835-765,Solapur
L100001042164,way/293597835-765,Solapur
L100001042165,way/293597835-765,Solapur
L100001041893,way/209826798-765,Indore
L100001042102,way/209826798-765,Indore
L100001042104,way/209826798-765,Indore
L100000829978,way/293597835-765,Solapur
L100000829979,way/293597835-765,Solapur
L100000829980,way/369866141-765,Jaipur
L100001041758,way/369866141-765,Jaipur
L100001041534,way/311118424-765,Fatehpur
L100000829983,way/420797421-765,Sikandarabad
L100001042077,way/1143180503-765,Phalodi
L100001042569,way/1143180503-765,Phalodi
L100000829984,way/1143180503-765,Phalodi
L100000829986,way/315823978-765,Kurnool
L100001041790,IN684-765,Rajahmundry
L100000829998,way/315823978-765,Kurnool
L100001042337,way/386153973-765,Dharmapuri
L100001041517,way/386153973-765,Dharmapuri
L100001041927,way/386153973-765,Dharmapuri
L100001041996,way/386153973-765,Dharmapuri
L100001041997,way/386153973-765,Dharmapuri
L100001042596,way/386153973-765,Dharmapuri
L100001042597,way/386153973-765,Dharmapuri
L100000829991,way/353914865-765,Korba
L100000829992,way/353914865-765,Korba
L100000829993,way/353914865-765,Korba
L100000829994,way/353914865-765,Korba
L100000829995,way/353914865-765,Korba
L100000829996,way/353914865-765,Korba
L100000829997,way/353914865-765,Korba
L100000829999,way/201845280-765,Wardha
L100001042678,way/688672711-765,Bhuj
L100000830002,way/420797421-765,Sikandarabad
L100001042074,way/1143180503-765,Phalodi
L100001041405,way/386153973-765,Dharmapuri
L100001041924,way/386153973-765,Dharmapuri
L100001042229,way/386153973-765,Dharmapuri
L100000830004,way/420797421-765,Sikandarabad
L100001041700,way/1143180503-765,Phalodi
L100001042560,way/1143180503-765,Phalodi
L100001041444,way/369866141-765,Jaipur
L100001042453,way/688672711-765,Bhuj
L100001042454,way/688672711-765,Bhuj
L100000830005,way/315823978-765,Kurnool
L100001041779,way/386153973-765,Dharmapuri
L100001042144,way/386153973-765,Dharmapuri
L100001041768,way/386153973-765,Dharmapuri
L100001042176,way/386153973-765,Dharmapuri
L100001042179,way/386153973-765,Dharmapuri
L100001042180,way/386153973-765,Dharmapuri
L100001042530,way/386153973-765,Dharmapuri
L100001042675,way/386153973-765,Dharmapuri
L100000830006,way/386153973-765,Dharmapuri
L100001042482,way/331275940-765,Vadodara
L100001042067,way/369866141-765,Jaipur
L100001041284,way/331275940-765,Vadodara
L100001041290,way/386153973-765,Dharmapuri
L100001041752,way/386153973-765,Dharmapuri
L100001041784,way/386153973-765,Dharmapuri
L100001041869,way/386153973-765,Dharmapuri
L100001042186,way/386153973-765,Dharmapuri
L100001042334,way/386153973-765,Dharmapuri
L100001041646,way/331275940-765,Vadodara
L100000830008,way/386153973-765,Dharmapuri
L100000830009,way/386153973-765,Dharmapuri
L100001041569,way/315823978-765,Kurnool
L100000830010,way/688672711-765,Bhuj
L100000830013,way/386153973-765,Dharmapuri
L100001042333,way/386153973-765,Dharmapuri
L100000830014,way/311118424-765,Fatehpur
L100000830015,way/315823978-765,Kurnool
L100001041873,way/420797421-765,Sikandarabad
L100001041881,way/420797421-765,Sikandarabad
L100001041868,way/759521252-765,Medinipur
L100001042606,way/386153973-765,Dharmapuri
L100001042269,way/386153973-765,Dharmapuri
L100001042384,IN684-765,Rajahmundry
L100001041346,way/386153973-765,Dharmapuri
L100001041647,way/386153973-765,Dharmapuri
L100000830017,way/315823978-765,Kurnool
L100000830018,way/315823978-765,Kurnool
L100000830019,way/315823978-765,Kurnool
L100001042197,way/386153973-765,Dharmapuri
L100001041913,way/201845280-765,Wardha
L100001042584,way/201845280-765,Wardha
L100001042474,way/331275940-765,Vadodara
L100001042475,way/331275940-765,Vadodara
L100001042350,way/420797421-765,Sikandarabad
L100001041275,way/420797421-765,Sikandarabad
L100001041828,way/353914865-765,Korba
L100001041880,way/353914865-765,Korba
L100001041402,way/386153973-765,Dharmapuri
L100001041498,way/386153973-765,Dharmapuri
L100001041635,way/386153973-765,Dharmapuri
L100001041670,way/386153973-765,Dharmapuri
L100001041774,way/386153973-765,Dharmapuri
L100001041672,way/386153973-765,Dharmapuri
L100001041754,way/386153973-765,Dharmapuri
L100001041769,way/386153973-765,Dharmapuri
L100001041771,way/386153973-765,Dharmapuri
L100001041895,way/386153973-765,Dharmapuri
L100001042271,way/315823978-765,Kurnool
L100001042274,way/315823978-765,Kurnool
L100001041661,way/315823978-765,Kurnool
L100001042275,way/315823978-765,Kurnool
L100000830025,way/315823978-765,Kurnool
L100000830026,way/315823978-765,Kurnool
L100000830027,way/315823978-765,Kurnool
L100001042006,IN684-765,Rajahmundry
L100000830028,way/386153973-765,Dharmapuri
L100000830029,way/386153973-765,Dharmapuri
L100001041820,way/386153973-765,Dharmapuri
L100001042238,way/386153973-765,Dharmapuri
L100001042243,way/386153973-765,Dharmapuri
L100000830030,IN684-765,Rajahmundry
L100001041982,way/293597835-765,Solapur
L100001041292,way/386153973-765,Dharmapuri
L100001041643,way/386153973-765,Dharmapuri
L100001042189,way/386153973-765,Dharmapuri
L100001042190,way/386153973-765,Dharmapuri
L100001042537,way/386153973-765,Dharmapuri
L100001041742,way/369866141-765,Jaipur
L100001041909,way/1143180503-765,Phalodi
L100001042091,way/201845280-765,Wardha
L100001041368,way/315823978-765,Kurnool
L100000830032,way/386153973-765,Dharmapuri
L100001042064,way/331275940-765,Vadodara
L100001042065,way/209826798-765,Indore
L100001041735,way/420797421-765,Sikandarabad
L100001041329,way/1143180503-765,Phalodi
L100001041436,way/1143180503-765,Phalodi
L100001041935,way/1143180503-765,Phalodi
L100001041957,way/1143180503-765,Phalodi
L100001042558,way/1143180503-765,Phalodi
L100000830034,way/293597835-765,Solapur
L100001042666,way/209826798-765,Indore
L100001041938,way/386153973-765,Dharmapuri
L100001041951,way/386153973-765,Dharmapuri
L100001041433,way/353914865-765,Korba
L100001042405,way/353914865-765,Korba
L100001042544,way/331275940-765,Vadodara
L100001042499,way/759521252-765,Medinipur
L100001041308,way/420797421-765,Sikandarabad
L100000808922,way/315823978-765,Kurnool
L100000830036,way/386153973-765,Dharmapuri
L100001041575,way/315823978-765,Kurnool
L100000830037,way/315823978-765,Kurnool
L100001042589,way/209826798-765,Indore
L100001042590,way/209826798-765,Indore
L100001042591,way/209826798-765,Indore
L100001042592,way/209826798-765,Indore
L100001042593,way/209826798-765,Indore
L100000830038,way/372701897-765,Moga
L100000830039,way/293597835-765,Solapur
L100000830040,way/372701897-765,Moga
L100000830041,way/372701897-765,Moga
L100000830042,way/372701897-765,Moga
L100000830043,way/372701897-765,Moga
L100000830044,way/372701897-765,Moga
L100001042385,way/353914865-765,Korba
L100000830046,way/386153973-765,Dharmapuri
L100000830047,way/386153973-765,Dharmapuri
L100001041867,way/293597835-765,Solapur
L100000830085,way/386153973-765,Dharmapuri
L100000830074,way/1143180503-765,Phalodi
L100000830075,way/1143180503-765,Phalodi
L100000830048,way/293597835-765,Solapur
L100000830049,way/293597835-765,Solapur
L100001041988,way/331275940-765,Vadodara
L100001042037,way/331275940-765,Vadodara
L100000830050,way/331275940-765,Vadodara
L100001041415,way/311118424-765,Fatehpur
L100001042381,way/311118424-765,Fatehpur
L100000830051,way/315823978-765,Kurnool
L100001042327,way/420797421-765,Sikandarabad
L100001042095,way/201845280-765,Wardha
L100001042531,way/209826798-765,Indore
L100001041478,way/420797421-765,Sikandarabad
L100001041830,way/353914865-765,Korba
L100001042601,way/420797421-765,Sikandarabad
L100001041334,IN684-765,Rajahmundry
L100001041632,way/315823978-765,Kurnool
L100001041660,way/315823978-765,Kurnool
L100001041659,IN684-765,Rajahmundry
L100001041613,way/315823978-765,Kurnool
L100000830056,way/369866141-765,Jaipur
L100000830057,way/369866141-765,Jaipur
L100000830058,way/369866141-765,Jaipur
L100000830059,way/369866141-765,Jaipur
L100000830060,way/369866141-765,Jaipur
L100000830062,way/369866141-765,Jaipur
L100000830063,way/369866141-765,Jaipur
L100000830064,way/369866141-765,Jaipur
L100001042069,way/369866141-765,Jaipur
L100001042070,way/369866141-765,Jaipur
L100001042071,way/1143180503-765,Phalodi
L100000830066,way/420797421-765,Sikandarabad
L100001042449,way/688672711-765,Bhuj
L100001042400,way/759521252-765,Medinipur
L100001042516,way/759521252-765,Medinipur
L100001042368,way/353914865-765,Korba
L100000830068,way/201845280-765,Wardha
L100001042066,way/209826798-765,Indore
L100001041385,way/315823978-765,Kurnool
L100001042323,way/201845280-765,Wardha
L100001041813,way/315823978-765,Kurnool
L100001041553,way/315823978-765,Kurnool
L100001041293,way/386153973-765,Dharmapuri
L100001041328,way/386153973-765,Dharmapuri
L100001041772,way/386153973-765,Dharmapuri
L100001042287,way/386153973-765,Dharmapuri
L100001042495,way/315823978-765,Kurnool
L100000830070,way/315823978-765,Kurnool
L100001042314,way/386153973-765,Dharmapuri
L100000830071,way/315823978-765,Kurnool
L100001041836,way/311118424-765,Fatehpur
L100001041429,way/311118424-765,Fatehpur
L100001041990,way/311118424-765,Fatehpur
L100001042378,way/311118424-765,Fatehpur
L100001041470,way/372701897-765,Moga
L100001041833,way/353914865-765,Korba
L100001041475,way/372701897-765,Moga
L100001041931,way/759521252-765,Medinipur
L100001042362,way/420797421-765,Sikandarabad
L100001041350,way/420797421-765,Sikandarabad
L100001041417,way/420797421-765,Sikandarabad
L100001042452,way/688672711-765,Bhuj
L100001041537,way/688672711-765,Bhuj
L100001041979,way/688672711-765,Bhuj
L100001042031,way/688672711-765,Bhuj
L100001041574,way/315823978-765,Kurnool
L100000830073,way/386153973-765,Dharmapuri
L100001041898,way/353914865-765,Korba
L100001041374,way/315823978-765,Kurnool
L100001041375,way/315823978-765,Kurnool
L100001041473,way/315823978-765,Kurnool
L100000830077,way/1143180503-765,Phalodi
L100001041437,way/353914865-765,Korba
L100000830078,way/1143180503-765,Phalodi
L100000830079,way/1143180503-765,Phalodi
L100001041269,way/315823978-765,Kurnool
L100000830080,way/386153973-765,Dharmapuri
L100001041315,way/386153973-765,Dharmapuri
L100000830081,way/315823978-765,Kurnool
L100001041726,way/331275940-765,Vadodara
L100001042393,way/311118424-765,Fatehpur
L100000830082,way/315823978-765,Kurnool
L100001042394,way/311118424-765,Fatehpur
L100001041367,way/420797421-765,Sikandarabad
L100001041467,way/420797421-765,Sikandarabad
L100001041783,way/420797421-765,Sikandarabad
L100001041786,way/420797421-765,Sikandarabad
L100001042282,way/420797421-765,Sikandarabad
L100001042651,way/420797421-765,Sikandarabad
L100001041856,way/311118424-765,Fatehpur
L100001042355,way/311118424-765,Fatehpur
L100001042328,way/420797421-765,Sikandarabad
L100001042402,way/311118424-765,Fatehpur
L100001042403,way/311118424-765,Fatehpur
L100001041723,way/209826798-765,Indore
L100001042387,way/353914865-765,Korba
L100001042388,way/353914865-765,Korba
L100001042389,way/353914865-765,Korba
L100000830088,way/353914865-765,Korba
L100000830090,way/315823978-765,Kurnool
L100001041704,way/759521252-765,Medinipur
L100000830091,way/759521252-765,Medinipur
L100000830092,way/759521252-765,Medinipur
L100001042604,way/386153973-765,Dharmapuri
L100000830094,way/386153973-765,Dharmapuri
L100000830095,way/386153973-765,Dharmapuri
L100001042493,way/203673991-400,Tezpur
L100001042027,way/331275940-765,Vadodara
L100001042028,way/331275940-765,Vadodara
L100001042030,way/331275940-765,Vadodara
L100001042325,way/201845280-765,Wardha
L100001041559,way/331275940-765,Vadodara
L100001041733,way/331275940-765,Vadodara
L100001042153,way/315823978-765,Kurnool
L100001042154,way/315823978-765,Kurnool
L100001042155,way/315823978-765,Kurnool
L100001042157,way/315823978-765,Kurnool
L100000830098,way/372701897-765,Moga
L100001041474,way/293597835-765,Solapur
L100001041747,way/386153973-765,Dharmapuri
L100001041802,way/386153973-765,Dharmapuri
L100001042174,way/386153973-765,Dharmapuri
L100001042175,way/386153973-765,Dharmapuri
L100001042054,way/331275940-765,Vadodara
L100001042513,way/759521252-765,Medinipur
L100000830099,way/759521252-765,Medinipur
L100001042033,way/331275940-765,Vadodara
L100001042034,way/331275940-765,Vadodara
L100001042554,way/331275940-765,Vadodara
L100001042555,way/688672711-765,Bhuj
L100000830100,way/331275940-765,Vadodara
L100000830102,way/315823978-765,Kurnool
L100001041410,way/353914865-765,Korba
L100001041722,way/1143180503-765,Phalodi
L100001042076,way/1143180503-765,Phalodi
L100001042216,way/420797421-765,Sikandarabad
L100001042110,way/372701897-765,Moga
L100000830105,way/1143180503-765,Phalodi
L100001042625,way/203673991-400,Tezpur
L100001042220,way/386153973-765,Dharmapuri
L100001042223,way/386153973-765,Dharmapuri
L100001042224,way/386153973-765,Dharmapuri
L100001041351,way/386153973-765,Dharmapuri
L100001041544,way/386153973-765,Dharmapuri
L100001042661,way/386153973-765,Dharmapuri
L100000830106,way/420797421-765,Sikandarabad
L100001041739,way/386153973-765,Dharmapuri
L100001041740,way/386153973-765,Dharmapuri
L100001042232,way/386153973-765,Dharmapuri
L100001042539,way/386153973-765,Dharmapuri
L100000830108,way/315823978-765,Kurnool
L100001041799,way/386153973-765,Dharmapuri
L100001041801,way/386153973-765,Dharmapuri
L100001041809,way/386153973-765,Dharmapuri
L100000830109,way/293597835-765,Solapur
L100001041382,way/293597835-765,Solapur
L100001041724,way/293597835-765,Solapur
L100001042422,way/331275940-765,Vadodara
L100001042423,way/331275940-765,Vadodara
L100001042519,way/331275940-765,Vadodara
L100000830111,way/293597835-765,Solapur
L100001041359,way/331275940-765,Vadodara
L100001042056,way/331275940-765,Vadodara
L100001042057,way/331275940-765,Vadodara
L100001041793,way/420797421-765,Sikandarabad
L100001041803,way/420797421-765,Sikandarabad
L100001041713,way/688672711-765,Bhuj
L100001042199,way/315823978-765,Kurnool
L100001042168,way/201845280-765,Wardha
L100001042585,way/293597835-765,Solapur
L100001042309,way/386153973-765,Dharmapuri
L100001042166,way/201845280-765,Wardha
L100001042208,way/201845280-765,Wardha
L100001042210,way/201845280-765,Wardha
L100001041476,way/315823978-765,Kurnool
L100001041930,way/420797421-765,Sikandarabad
L100001041421,way/209826798-765,Indore
L100000830115,way/315823978-765,Kurnool
L100001041406,way/315823978-765,Kurnool
L100001041577,way/315823978-765,Kurnool
L100001041827,way/315823978-765,Kurnool
L100001042029,way/331275940-765,Vadodara
L100000830116,way/1143180503-765,Phalodi
L100000830117,way/1143180503-765,Phalodi
L100000830118,way/1143180503-765,Phalodi
L100000830119,way/1143180503-765,Phalodi
L100000830120,way/293597835-765,Solapur
L100001041445,way/1143180503-765,Phalodi
L100001042487,way/1143180503-765,Phalodi
L100001042042,way/1143180503-765,Phalodi
L100000830121,way/311118424-765,Fatehpur
L100001041465,way/293597835-765,Solapur
L100001041918,way/293597835-765,Solapur
L100000830123,way/201845280-765,Wardha
L100001042100,way/201845280-765,Wardha
L100001042099,way/201845280-765,Wardha
L100000830124,way/201845280-765,Wardha
L100000830125,way/201845280-765,Wardha
L100001042566,way/201845280-765,Wardha
L100001041853,way/315823978-765,Kurnool
L100001041955,way/315823978-765,Kurnool
L100000830126,way/386153973-765,Dharmapuri
L100000830127,way/688672711-765,Bhuj
L100000830128,way/688672711-765,Bhuj
L100000830129,way/688672711-765,Bhuj
L100000830130,way/688672711-765,Bhuj
L100001042214,way/420797421-765,Sikandarabad
L100001041482,way/293597835-765,Solapur
L100001041287,way/201845280-765,Wardha
L100001041364,way/201845280-765,Wardha
L100001042528,way/331275940-765,Vadodara
L100000830132,way/386153973-765,Dharmapuri
L100001042467,way/331275940-765,Vadodara
L100000830133,way/372701897-765,Moga
L100000830134,way/311118424-765,Fatehpur
L100000830135,way/311118424-765,Fatehpur
L100001041324,way/353914865-765,Korba
L100001042374,way/353914865-765,Korba
L100001042621,way/353914865-765,Korba
L100001042630,way/353914865-765,Korba
L100001041493,way/293597835-765,Solapur
L100000830136,way/293597835-765,Solapur
L100001041673,way/315823978-765,Kurnool
L100001041863,way/315823978-765,Kurnool
L100001041272,way/315823978-765,Kurnool
L100001041914,way/201845280-765,Wardha
L100001041611,way/386153973-765,Dharmapuri
L100001041858,way/386153973-765,Dharmapuri
L100001042146,way/386153973-765,Dharmapuri
L100001041862,way/315823978-765,Kurnool
L100000830137,way/315823978-765,Kurnool
L100001041628,way/315823978-765,Kurnool
L100000830140,way/1143180503-765,Phalodi
L100001042280,way/420797421-765,Sikandarabad
L100001042517,way/420797421-765,Sikandarabad
L100001041917,way/315823978-765,Kurnool
L100001041526,way/386153973-765,Dharmapuri
L100001042291,way/386153973-765,Dharmapuri
L100001042510,way/386153973-765,Dharmapuri
L100001042607,way/386153973-765,Dharmapuri
L100001042662,way/386153973-765,Dharmapuri
L100001041294,way/386153973-765,Dharmapuri
L100001041320,way/386153973-765,Dharmapuri
L100001042178,way/386153973-765,Dharmapuri
L100001042233,way/386153973-765,Dharmapuri
L100000830141,way/420797421-765,Sikandarabad
L100001042142,way/420797421-765,Sikandarabad
L100001041271,way/293597835-765,Solapur
L100001041322,way/293597835-765,Solapur
L100001041866,way/293597835-765,Solapur
L100001042124,way/293597835-765,Solapur
L100001042125,way/293597835-765,Solapur
L100001042127,way/293597835-765,Solapur
L100000830143,way/369866141-765,Jaipur
L100000830146,way/315823978-765,Kurnool
L100000830147,way/315823978-765,Kurnool
L100001042534,way/420797421-765,Sikandarabad
L100000830148,way/1143180503-765,Phalodi
L100001041353,way/420797421-765,Sikandarabad
L100000830149,way/293597835-765,Solapur
L100001042161,way/293597835-765,Solapur
L100001042657,way/293597835-765,Solapur
L100000830150,way/311118424-765,Fatehpur
L100001042075,way/1143180503-765,Phalodi
L100001042078,way/1143180503-765,Phalodi
L100001042540,way/1143180503-765,Phalodi
L100000830151,way/386153973-765,Dharmapuri
L100001042335,way/386153973-765,Dharmapuri
L100001042301,way/386153973-765,Dharmapuri
L100001042221,way/386153973-765,Dharmapuri
L100001041295,way/386153973-765,Dharmapuri
L100001042240,way/386153973-765,Dharmapuri
L100001041615,way/386153973-765,Dharmapuri
L100000830154,way/331275940-765,Vadodara
L100000830155,way/311118424-765,Fatehpur
L100001042363,way/353914865-765,Korba
L100001042081,way/1143180503-765,Phalodi
L100001041592,way/315823978-765,Kurnool
L100001041757,way/420797421-765,Sikandarabad
L100001041759,way/420797421-765,Sikandarabad
L100001041741,way/369866141-765,Jaipur
L100001042520,way/420797421-765,Sikandarabad
L100000830194,way/386153973-765,Dharmapuri
L100001041397,way/386153973-765,Dharmapuri
L100001041851,way/386153973-765,Dharmapuri
L100001041850,way/315823978-765,Kurnool
L100001041560,way/315823978-765,Kurnool
L100001041566,way/315823978-765,Kurnool
L100001041565,way/315823978-765,Kurnool
L100000830163,way/372701897-765,Moga
L100001042376,way/353914865-765,Korba
L100000830164,way/293597835-765,Solapur
L100001042466,way/331275940-765,Vadodara
L100001042677,way/331275940-765,Vadodara
L100000830165,way/353914865-765,Korba
L100001041279,way/372701897-765,Moga
L100001041532,way/372701897-765,Moga
L100001041983,way/372701897-765,Moga
L100001042109,way/372701897-765,Moga
L100000830167,way/386153973-765,Dharmapuri
L100000830168,way/386153973-765,Dharmapuri
L100000830169,way/386153973-765,Dharmapuri
L100000830170,way/386153973-765,Dharmapuri
L100000830171,way/386153973-765,Dharmapuri
L100000830172,way/386153973-765,Dharmapuri
L100000830173,way/386153973-765,Dharmapuri
L100000830174,way/386153973-765,Dharmapuri
L100000830175,way/386153973-765,Dharmapuri
L100000830176,way/386153973-765,Dharmapuri
L100001041797,way/386153973-765,Dharmapuri
L100001041870,way/386153973-765,Dharmapuri
L100001041888,way/386153973-765,Dharmapuri
L100001042013,way/386153973-765,Dharmapuri
L100001042392,way/353914865-765,Korba
L100001041782,way/315823978-765,Kurnool
L100001041835,way/353914865-765,Korba
L100001042458,way/688672711-765,Bhuj
L100001042494,way/688672711-765,Bhuj
L100000830177,way/311118424-765,Fatehpur
L100001041732,way/331275940-765,Vadodara
L100001041623,way/315823978-765,Kurnool
L100001041644,way/372701897-765,Moga
L100000830179,way/315823978-765,Kurnool
L100001042084,way/293597835-765,Solapur
L100000830180,IN684-765,Rajahmundry
L100000830181,way/311118424-765,Fatehpur
L100000830182,way/315823978-765,Kurnool
L100000830183,way/315823978-765,Kurnool
L100001041610,way/315823978-765,Kurnool
L100001041656,way/315823978-765,Kurnool
L100001041806,way/315823978-765,Kurnool
L100001041842,way/315823978-765,Kurnool
L100001041794,way/201845280-765,Wardha
L100001041658,way/315823978-765,Kurnool
L100000830185,way/386153973-765,Dharmapuri
L100000830186,way/386153973-765,Dharmapuri
L100001042304,way/386153973-765,Dharmapuri
L100001042664,way/386153973-765,Dharmapuri
L100001042312,way/386153973-765,Dharmapuri
L100001042313,way/386153973-765,Dharmapuri
L100000830188,way/386153973-765,Dharmapuri
L100000830189,way/315823978-765,Kurnool
L100000830190,way/386153973-765,Dharmapuri
L100001042407,way/203673991-400,Tezpur
L100001041335,way/386153973-765,Dharmapuri
L100001041639,way/386153973-765,Dharmapuri
L100001042225,way/386153973-765,Dharmapuri
L100001042226,way/386153973-765,Dharmapuri
L100001042491,way/386153973-765,Dharmapuri
L100001042634,way/386153973-765,Dharmapuri
L100001041550,way/386153973-765,Dharmapuri
L100000830192,way/315823978-765,Kurnool
L100000830193,way/315823978-765,Kurnool
L100001042310,way/386153973-765,Dharmapuri
L100001042640,way/386153973-765,Dharmapuri
L100001041449,way/420797421-765,Sikandarabad
L100001041776,way/420797421-765,Sikandarabad
L100000830195,way/688672711-765,Bhuj
L100000830196,way/688672711-765,Bhuj
L100001042386,way/353914865-765,Korba
L100001041379,way/293597835-765,Solapur
L100001041612,way/293597835-765,Solapur
L100001041890,way/293597835-765,Solapur
L100001041407,way/353914865-765,Korba
L100001041411,way/353914865-765,Korba
L100001041861,way/353914865-765,Korba
L100001042371,way/353914865-765,Korba
L100001042372,way/353914865-765,Korba
L100001042526,way/353914865-765,Korba
L100000830198,way/420797421-765,Sikandarabad
L100000830199,way/331275940-765,Vadodara
L100000830200,way/386153973-765,Dharmapuri
L100001041314,way/203673991-400,Tezpur
L100000830201,way/1143180503-765,Phalodi
L100000830202,way/1143180503-765,Phalodi
L100000830203,way/1143180503-765,Phalodi
L100001041699,way/1143180503-765,Phalodi
L100001042486,way/1143180503-765,Phalodi
L100000830204,way/372701897-765,Moga
L100001041904,way/201845280-765,Wardha
L100001042222,way/386153973-765,Dharmapuri
L100001042602,way/386153973-765,Dharmapuri
L100001041298,way/386153973-765,Dharmapuri
L100001042668,way/386153973-765,Dharmapuri
L100000830205,way/386153973-765,Dharmapuri
L100001041642,way/386153973-765,Dharmapuri
L100001042288,way/386153973-765,Dharmapuri
L100001042631,way/386153973-765,Dharmapuri
L100001041499,way/386153973-765,Dharmapuri
L100001042652,way/386153973-765,Dharmapuri
L100001041349,way/315823978-765,Kurnool
L100001042343,way/315823978-765,Kurnool
L100001042172,way/386153973-765,Dharmapuri
L100001042173,way/386153973-765,Dharmapuri
L100001042228,way/386153973-765,Dharmapuri
L100001041792,way/386153973-765,Dharmapuri
L100000830209,way/386153973-765,Dharmapuri
L100001041942,way/386153973-765,Dharmapuri
L100001042219,way/386153973-765,Dharmapuri
L100001041354,way/420797421-765,Sikandarabad
L100000830210,way/386153973-765,Dharmapuri
L100000830212,way/203673991-400,Tezpur
L100000830213,way/203673991-400,Tezpur
L100000830214,way/203673991-400,Tezpur
L100000830215,way/386153973-765,Dharmapuri
L100000830216,way/420797421-765,Sikandarabad
L100001042126,way/293597835-765,Solapur
L100001042128,way/293597835-765,Solapur
L100001042527,way/293597835-765,Solapur
L100001042579,way/293597835-765,Solapur
L100001041348,way/353914865-765,Korba
L100001042644,way/353914865-765,Korba
L100001042200,way/293597835-765,Solapur
L100001042177,way/386153973-765,Dharmapuri
L100001042500,way/386153973-765,Dharmapuri
L100000830218,way/315823978-765,Kurnool
L100000830219,way/386153973-765,Dharmapuri
L100001041932,way/353914865-765,Korba
L100001041281,way/293597835-765,Solapur
L100000830220,way/331275940-765,Vadodara
L100001042600,way/315823978-765,Kurnool
L100000830221,way/311118424-765,Fatehpur
L100000830222,way/331275940-765,Vadodara
L100001041960,way/688672711-765,Bhuj
L100001041961,way/688672711-765,Bhuj
L100001041962,way/688672711-765,Bhuj
L100001042317,way/315823978-765,Kurnool
L100000830225,way/201845280-765,Wardha
L100001042245,way/386153973-765,Dharmapuri
L100001042660,way/386153973-765,Dharmapuri
L100001041619,way/315823978-765,Kurnool
L100000830227,way/311118424-765,Fatehpur
L100000830228,way/311118424-765,Fatehpur
L100000830229,way/311118424-765,Fatehpur
L100000830230,way/311118424-765,Fatehpur
L100000830231,way/311118424-765,Fatehpur
L100000830232,way/311118424-765,Fatehpur
L100000830233,way/311118424-765,Fatehpur
L100001041420,way/420797421-765,Sikandarabad
L100001041770,way/420797421-765,Sikandarabad
L100000830234,way/420797421-765,Sikandarabad
L100000830235,way/420797421-765,Sikandarabad
L100000830236,way/386153973-765,Dharmapuri
L100000830237,way/386153973-765,Dharmapuri
L100000830238,way/688672711-765,Bhuj
L100000830239,way/331275940-765,Vadodara
L100000830240,way/331275940-765,Vadodara
L100001041340,way/331275940-765,Vadodara
L100001041311,way/331275940-765,Vadodara
L100001041561,way/331275940-765,Vadodara
L100001042468,way/331275940-765,Vadodara
L100001042562,way/331275940-765,Vadodara
L100001042097,way/201845280-765,Wardha
L100000830241,way/386153973-765,Dharmapuri
L100001042045,way/331275940-765,Vadodara
L100000830242,way/315823978-765,Kurnool
L100001041683,way/331275940-765,Vadodara
L100001042437,way/331275940-765,Vadodara
L100001041686,way/386153973-765,Dharmapuri
L100000830245,way/201845280-765,Wardha
L100001042039,way/331275940-765,Vadodara
L100000830246,way/386153973-765,Dharmapuri
L100000830247,way/688672711-765,Bhuj
L100000830248,way/386153973-765,Dharmapuri
L100000830249,way/386153973-765,Dharmapuri
L100001041313,way/386153973-765,Dharmapuri
L100001041520,way/386153973-765,Dharmapuri
L100001041523,way/386153973-765,Dharmapuri
L100001041525,way/386153973-765,Dharmapuri
L100001042255,way/386153973-765,Dharmapuri
L100001041926,way/386153973-765,Dharmapuri
L100001041928,way/386153973-765,Dharmapuri
L100001042250,way/386153973-765,Dharmapuri
L100001042251,way/386153973-765,Dharmapuri
L100001042256,way/386153973-765,Dharmapuri
L100001042257,way/386153973-765,Dharmapuri
L100001042258,way/386153973-765,Dharmapuri
L100001042259,way/386153973-765,Dharmapuri
L100001042538,way/386153973-765,Dharmapuri
L100001042667,way/386153973-765,Dharmapuri
L100001041332,way/386153973-765,Dharmapuri
L100000830250,way/386153973-765,Dharmapuri
L100000830251,way/201845280-765,Wardha
L100001041624,way/315823978-765,Kurnool
L100001041631,way/315823978-765,Kurnool
L100000830252,way/386153973-765,Dharmapuri
L100000830254,way/315823978-765,Kurnool
L100000830255,way/386153973-765,Dharmapuri
L100001041306,way/386153973-765,Dharmapuri
L100001042311,way/386153973-765,Dharmapuri
L100001042670,way/386153973-765,Dharmapuri
L100000830256,way/201845280-765,Wardha
L100001042477,way/331275940-765,Vadodara
L100001041503,way/293597835-765,Solapur
L100001041510,way/293597835-765,Solapur
L100001041512,way/293597835-765,Solapur
L100001041675,way/293597835-765,Solapur
L100001041587,way/315823978-765,Kurnool
L100001041469,way/420797421-765,Sikandarabad
L100001042284,way/420797421-765,Sikandarabad
L100001041943,way/386153973-765,Dharmapuri
L100001042230,way/386153973-765,Dharmapuri
L100001042231,way/386153973-765,Dharmapuri
L100001042471,way/331275940-765,Vadodara
L100001041518,way/386153973-765,Dharmapuri
L100001042535,way/386153973-765,Dharmapuri
L100001042649,way/386153973-765,Dharmapuri
L100001041857,IN684-765,Rajahmundry
L100000830259,IN684-765,Rajahmundry
L100001042551,way/688672711-765,Bhuj
L100001042476,way/331275940-765,Vadodara
L100000830260,way/420797421-765,Sikandarabad
L100001041665,way/353914865-765,Korba
L100000830262,way/331275940-765,Vadodara
L100001042455,way/688672711-765,Bhuj
L100001042456,way/688672711-765,Bhuj
L100001042496,way/688672711-765,Bhuj
L100001042635,way/688672711-765,Bhuj
L100001042347,way/201845280-765,Wardha
L100001042133,way/293597835-765,Solapur
L100000830264,way/759521252-765,Medinipur
L100000830265,way/759521252-765,Medinipur
L100000830266,way/759521252-765,Medinipur
L100000830267,way/759521252-765,Medinipur
L100000830268,way/759521252-765,Medinipur
L100000830269,way/759521252-765,Medinipur
L100001041816,way/386153973-765,Dharmapuri
L100000830270,way/315823978-765,Kurnool
L100001041501,way/293597835-765,Solapur
L100001041859,way/293597835-765,Solapur
L100000830271,way/293597835-765,Solapur
L100001041463,way/201845280-765,Wardha
L100001041731,way/293597835-765,Solapur
L100001041751,way/386153973-765,Dharmapuri
L100000830272,way/293597835-765,Solapur
L100001041593,IN684-765,Rajahmundry
L100000830273,way/201845280-765,Wardha
L100000830274,way/386153973-765,Dharmapuri
L100000830275,way/386153973-765,Dharmapuri
L100001041524,way/420797421-765,Sikandarabad
L100001041653,way/372701897-765,Moga
L100001041696,way/311118424-765,Fatehpur
L100001041702,way/201845280-765,Wardha
L100001041865,way/201845280-765,Wardha
L100001041727,way/201845280-765,Wardha
L100001041777,way/420797421-765,Sikandarabad
L100001041781,way/420797421-765,Sikandarabad
L100001041843,way/420797421-765,Sikandarabad
L100000601806,way/420797421-765,Sikandarabad
L100001023065,way/386153973-765,Dharmapuri
L100000601807,way/372701897-765,Moga
L100000601808,way/293597835-765,Solapur
L100000601809,way/203673991-400,Tezpur
L100000601810,way/372701897-765,Moga
L100001025845,way/203673991-400,Tezpur
L100000601811,way/420797421-765,Sikandarabad
L100000601812,way/203673991-400,Tezpur
L100000601813,way/372701897-765,Moga
L100000601814,way/372701897-765,Moga
L100000601815,way/372701897-765,Moga
L100000604167,way/203673991-400,Tezpur
L100000601816,way/372701897-765,Moga
L100000601817,way/353914865-765,Korba
L100000604169,IN684-765,Rajahmundry
L100000601818,IN684-765,Rajahmundry
L100000601819,way/311118424-765,Fatehpur
L100001023066,way/311118424-765,Fatehpur
L100000601820,way/311118424-765,Fatehpur
L100000601821,way/372701897-765,Moga
L100000601822,way/420797421-765,Sikandarabad
L100000601823,way/353914865-765,Korba
L100000601824,way/420797421-765,Sikandarabad
L100001023067,way/372701897-765,Moga
L100000601825,way/372701897-765,Moga
L100000601826,way/372701897-765,Moga
L100001025750,way/372701897-765,Moga
L100001025767,way/311118424-765,Fatehpur
L100000604174,way/201845280-765,Wardha
L100000601827,way/201845280-765,Wardha
L100000601828,way/201845280-765,Wardha
L100000601829,way/201845280-765,Wardha
L100000601830,way/201845280-765,Wardha
L100001022797,way/201845280-765,Wardha
L100000601831,IN684-765,Rajahmundry
L100000601832,way/420797421-765,Sikandarabad
L100000601833,way/420797421-765,Sikandarabad
L100000601834,way/420797421-765,Sikandarabad
L100001023068,way/372701897-765,Moga
L100000601835,way/372701897-765,Moga
L100000601836,way/372701897-765,Moga
L100000601837,way/372701897-765,Moga
L100000601838,way/372701897-765,Moga
L100000601839,way/420797421-765,Sikandarabad
L100000601840,way/372701897-765,Moga
L100000601841,way/420797421-765,Sikandarabad
L100000601842,way/420797421-765,Sikandarabad
L100001025751,way/420797421-765,Sikandarabad
L100001025752,IN684-765,Rajahmundry
L100000604196,way/315823978-765,Kurnool
L100001025860,IN684-765,Rajahmundry
L100000601844,way/420797421-765,Sikandarabad
L100000601845,way/311118424-765,Fatehpur
L100000601846,way/311118424-765,Fatehpur
L100001022799,way/203673991-400,Tezpur
L100000601847,way/372701897-765,Moga
L100000601848,way/203673991-400,Tezpur
L100000601849,way/203673991-400,Tezpur
L100000601850,way/353914865-765,Korba
L100000601851,way/420797421-765,Sikandarabad
L100001023069,way/420797421-765,Sikandarabad
L100001025753,way/420797421-765,Sikandarabad
L100001025754,way/372701897-765,Moga
L100000601852,way/420797421-765,Sikandarabad
L100000601853,way/203673991-400,Tezpur
L100000601854,way/203673991-400,Tezpur
L100000601855,way/311118424-765,Fatehpur
L100000601856,way/203673991-400,Tezpur
L100000601857,way/203673991-400,Tezpur
L100001025854,way/372701897-765,Moga
L100000601858,way/372701897-765,Moga
L100000601859,way/372701897-765,Moga
L100000601860,way/372701897-765,Moga
L100000601861,IN684-765,Rajahmundry
L100000601862,way/203673991-400,Tezpur
L100000601863,way/203673991-400,Tezpur
L100001025852,way/203673991-400,Tezpur
L100000601864,way/203673991-400,Tezpur
L100000601865,way/369866141-765,Jaipur
L100000601866,way/369866141-765,Jaipur
L100000604221,way/315823978-765,Kurnool
L100000601867,way/372701897-765,Moga
L100000601868,way/420797421-765,Sikandarabad
L100000601869,way/386153973-765,Dharmapuri
L100000601870,way/201845280-765,Wardha
L100001023070,way/420797421-765,Sikandarabad
L100000601871,way/353914865-765,Korba
L100001025757,way/420797421-765,Sikandarabad
L100000601872,way/372701897-765,Moga
L100000601873,way/203673991-400,Tezpur
L100001025859,IN684-765,Rajahmundry
L100000601874,way/386153973-765,Dharmapuri
L100000601875,way/372701897-765,Moga
L100000601876,way/353914865-765,Korba
L100001025797,way/311118424-765,Fatehpur
L100000601877,way/203673991-400,Tezpur
L100000601878,way/353914865-765,Korba
L100000601879,way/353914865-765,Korba
L100000601843,way/353914865-765,Korba
L100001046131,way/353914865-765,Korba
L100000601880,way/203673991-400,Tezpur
L100000601881,way/293597835-765,Solapur
L100000601882,way/203673991-400,Tezpur
L100000601883,way/386153973-765,Dharmapuri
L100000601884,way/386153973-765,Dharmapuri
L100000601885,way/386153973-765,Dharmapuri
L100000601886,way/209826798-765,Indore
L100000601887,IN684-765,Rajahmundry
L100000601888,way/311118424-765,Fatehpur
L100000601889,way/420797421-765,Sikandarabad
L100001025758,way/203673991-400,Tezpur
L100000601890,way/420797421-765,Sikandarabad
L100000601891,way/369866141-765,Jaipur
L100000601892,way/420797421-765,Sikandarabad
L100000601893,way/311118424-765,Fatehpur
L100000601894,way/386153973-765,Dharmapuri
L100000601895,way/331275940-765,Vadodara
L100000601896,way/293597835-765,Solapur
L100001023071,way/386153973-765,Dharmapuri
L100000601897,way/203673991-400,Tezpur
L100000601898,way/293597835-765,Solapur
L100000601899,way/420797421-765,Sikandarabad
L100000601900,way/293597835-765,Solapur
L100000601901,way/293597835-765,Solapur
L100000601902,way/203673991-400,Tezpur
L100001025861,way/315823978-765,Kurnool
L100000601903,way/203673991-400,Tezpur
L100001025856,way/311118424-765,Fatehpur
L100000601904,way/353914865-765,Korba
L100000601905,way/203673991-400,Tezpur
L100000601906,way/420797421-765,Sikandarabad
L100000604255,way/353914865-765,Korba
L100000601907,way/420797421-765,Sikandarabad
L100000601908,way/353914865-765,Korba
L100001023072,way/203673991-400,Tezpur
L100001023073,way/420797421-765,Sikandarabad
L100000601909,way/420797421-765,Sikandarabad
L100000601910,way/372701897-765,Moga
L100001023074,way/201845280-765,Wardha
L100001025805,way/203673991-400,Tezpur
L100000601911,way/372701897-765,Moga
L100000601912,way/372701897-765,Moga
L100000601913,way/372701897-765,Moga
L100000601914,way/372701897-765,Moga
L100000601915,way/420797421-765,Sikandarabad
L100000601916,way/293597835-765,Solapur
L100000601917,way/372701897-765,Moga
L100000604258,way/203673991-400,Tezpur
L100000601918,way/203673991-400,Tezpur
L100000601919,way/420797421-765,Sikandarabad
L100000601920,way/372701897-765,Moga
L100000601921,way/420797421-765,Sikandarabad
L100000601922,way/420797421-765,Sikandarabad
L100000601923,way/420797421-765,Sikandarabad
L100000601924,way/293597835-765,Solapur
L100000601925,way/293597835-765,Solapur
L100000601926,way/293597835-765,Solapur
L100000601927,way/293597835-765,Solapur
L100000601928,way/293597835-765,Solapur
L100000601929,way/386153973-765,Dharmapuri
L100001046126,way/386153973-765,Dharmapuri
L100000601930,way/386153973-765,Dharmapuri
L100000601931,way/386153973-765,Dharmapuri
L100000601932,way/386153973-765,Dharmapuri
L100000604260,way/353914865-765,Korba
L100000601933,way/372701897-765,Moga
L100000601934,way/386153973-765,Dharmapuri
L100000601935,way/372701897-765,Moga
L100000601936,way/311118424-765,Fatehpur
L100000601937,way/311118424-765,Fatehpur
L100001046138,way/203673991-400,Tezpur
L100001023075,way/203673991-400,Tezpur
L100000601938,way/420797421-765,Sikandarabad
L100000601939,way/420797421-765,Sikandarabad
L100000601940,way/420797421-765,Sikandarabad
L100001023076,way/386153973-765,Dharmapuri
L100001025759,way/203673991-400,Tezpur
L100000601941,way/203673991-400,Tezpur
L100000601942,way/372701897-765,Moga
L100000601943,way/315823978-765,Kurnool
L100000601944,way/203673991-400,Tezpur
L100000601945,way/386153973-765,Dharmapuri
L100000601946,way/203673991-400,Tezpur
L100000601947,IN684-765,Rajahmundry
L100000601948,IN684-765,Rajahmundry
L100000601949,way/311118424-765,Fatehpur
L100000601950,way/372701897-765,Moga
L100000601951,way/372701897-765,Moga
L100000601952,way/372701897-765,Moga
L100000601953,IN684-765,Rajahmundry
L100001023077,way/420797421-765,Sikandarabad
L100000604272,way/293597835-765,Solapur
L100000601954,way/386153973-765,Dharmapuri
L100000604273,way/209826798-765,Indore
L100001046132,way/331275940-765,Vadodara
L100000601955,way/331275940-765,Vadodara
L100001023078,way/759521252-765,Medinipur
L100000601956,way/372701897-765,Moga
L100000601957,way/372701897-765,Moga
L100000601958,way/201845280-765,Wardha
L100001025760,way/372701897-765,Moga
L100000601959,way/420797421-765,Sikandarabad
L100000601960,way/420797421-765,Sikandarabad
L100001025761,IN684-765,Rajahmundry
L100000601962,way/386153973-765,Dharmapuri
L100001046133,way/386153973-765,Dharmapuri
L100000601963,way/386153973-765,Dharmapuri
L100000601964,way/353914865-765,Korba
L100000601965,way/203673991-400,Tezpur
L100000601966,way/420797421-765,Sikandarabad
L100000601967,way/372701897-765,Moga
L100001046146,way/372701897-765,Moga
L100001046147,way/372701897-765,Moga
L100001046148,way/372701897-765,Moga
L100000601968,way/203673991-400,Tezpur
L100000601969,way/311118424-765,Fatehpur
L100000601970,way/203673991-400,Tezpur
L100000601971,way/203673991-400,Tezpur
L100000601972,way/315823978-765,Kurnool
L100001025617,way/315823978-765,Kurnool
L100001023080,way/315823978-765,Kurnool
L100001023079,way/315823978-765,Kurnool
L100001025768,way/420797421-765,Sikandarabad
L100000601973,way/420797421-765,Sikandarabad
L100000601974,way/203673991-400,Tezpur
L100000601975,way/420797421-765,Sikandarabad
L100001025865,way/315823978-765,Kurnool
L100000601976,way/420797421-765,Sikandarabad
L100000601977,way/203673991-400,Tezpur
L100001023081,way/386153973-765,Dharmapuri
L100000601978,way/372701897-765,Moga
L100000601979,way/203673991-400,Tezpur
L100001025851,way/203673991-400,Tezpur
L100001023082,way/372701897-765,Moga
L100000601980,way/311118424-765,Fatehpur
L100001025756,way/203673991-400,Tezpur
L100000601981,way/203673991-400,Tezpur
L100000601982,way/311118424-765,Fatehpur
L100001045992,way/353914865-765,Korba
L100001022800,way/203673991-400,Tezpur
L100000601983,way/209826798-765,Indore
L100000604303,way/315823978-765,Kurnool
L100000604307,way/315823978-765,Kurnool
L100000604308,way/315823978-765,Kurnool
L100000601984,way/372701897-765,Moga
L100000604311,way/311118424-765,Fatehpur
L100001045993,way/311118424-765,Fatehpur
L100000604092,way/420797421-765,Sikandarabad
L100000601986,way/759521252-765,Medinipur
L100000601987,way/311118424-765,Fatehpur
L100001025857,way/201845280-765,Wardha
L100000601988,way/203673991-400,Tezpur
L100001025806,way/203673991-400,Tezpur
L100000601989,way/420797421-765,Sikandarabad
L100000601990,way/420797421-765,Sikandarabad
L100000601991,way/203673991-400,Tezpur
L100000604314,way/293597835-765,Solapur
L100000601992,way/203673991-400,Tezpur
L100000604316,IN684-765,Rajahmundry
L100000601993,way/201845280-765,Wardha
L100000601994,way/386153973-765,Dharmapuri
L100001025804,way/203673991-400,Tezpur
L100000601995,way/420797421-765,Sikandarabad
L100000601996,way/315823978-765,Kurnool
L100000601997,IN684-765,Rajahmundry
L100000601998,way/372701897-765,Moga
L100001046136,way/386153973-765,Dharmapuri
L100000601999,way/315823978-765,Kurnool
L100000602000,way/315823978-765,Kurnool
L100000602001,way/372701897-765,Moga
L100000602002,way/311118424-765,Fatehpur
L100001023083,way/386153973-765,Dharmapuri
L100000602003,way/386153973-765,Dharmapuri
L100000602004,way/369866141-765,Jaipur
L100000604330,IN684-765,Rajahmundry
L100001023084,way/420797421-765,Sikandarabad
L100001025858,way/315823978-765,Kurnool
L100000602005,way/420797421-765,Sikandarabad
L100000602006,way/420797421-765,Sikandarabad
L100001025762,way/311118424-765,Fatehpur
L100001023085,way/311118424-765,Fatehpur
L100000602007,way/311118424-765,Fatehpur
L100000602008,way/420797421-765,Sikandarabad
L100000602009,way/203673991-400,Tezpur
L100001025769,way/311118424-765,Fatehpur
L100001023086,way/311118424-765,Fatehpur
L100000602010,way/311118424-765,Fatehpur
L100000602011,way/372701897-765,Moga
L100000602012,way/386153973-765,Dharmapuri
L100000602013,way/372701897-765,Moga
L100000602014,way/353914865-765,Korba
L100000602015,way/372701897-765,Moga
L100000602016,way/311118424-765,Fatehpur
L100000602017,way/311118424-765,Fatehpur
L100001025763,way/420797421-765,Sikandarabad
L100000602018,way/386153973-765,Dharmapuri
L100000602019,way/372701897-765,Moga
L100001025764,way/311118424-765,Fatehpur
L100000602020,way/420797421-765,Sikandarabad
L100000602021,way/372701897-765,Moga
L100000602022,way/353914865-765,Korba
L100000602023,way/420797421-765,Sikandarabad
L100000602024,way/331275940-765,Vadodara
L100000602025,way/331275940-765,Vadodara
L100001025801,way/203673991-400,Tezpur
L100000604345,way/293597835-765,Solapur
L100000602026,way/372701897-765,Moga
L100000602027,way/420797421-765,Sikandarabad
L100000602028,way/420797421-765,Sikandarabad
L100000602029,way/420797421-765,Sikandarabad
L100001023087,way/386153973-765,Dharmapuri
L100000602030,way/372701897-765,Moga
L100000602031,way/369866141-765,Jaipur
L100000602032,way/372701897-765,Moga
L100000602033,way/372701897-765,Moga
L100000602034,way/386153973-765,Dharmapuri
L100000604350,way/386153973-765,Dharmapuri
L100000602035,way/386153973-765,Dharmapuri
L100001023088,way/386153973-765,Dharmapuri
L100001023089,way/386153973-765,Dharmapuri
L100000602036,way/420797421-765,Sikandarabad
L100000602037,way/420797421-765,Sikandarabad
L100000602038,way/203673991-400,Tezpur
L100000602039,way/203673991-400,Tezpur
L100001025802,way/203673991-400,Tezpur
L100001025803,way/203673991-400,Tezpur
L100001025800,way/311118424-765,Fatehpur
L100000602040,way/311118424-765,Fatehpur
L100000604356,way/315823978-765,Kurnool
L100000602041,way/420797421-765,Sikandarabad
L100000602042,way/420797421-765,Sikandarabad
L100001025855,way/331275940-765,Vadodara
L100000602043,way/203673991-400,Tezpur
L100000602044,way/203673991-400,Tezpur
L100000604357,way/315823978-765,Kurnool
L100000602045,way/420797421-765,Sikandarabad
L100000602046,way/315823978-765,Kurnool
L100000602047,way/315823978-765,Kurnool
L100000602048,way/203673991-400,Tezpur
L100000604363,way/369866141-765,Jaipur
L100000602049,way/203673991-400,Tezpur
L100000602050,way/420797421-765,Sikandarabad
L100000602051,way/420797421-765,Sikandarabad
L100000602052,way/420797421-765,Sikandarabad
L100000602053,way/372701897-765,Moga
L100000602054,way/420797421-765,Sikandarabad
L100000604369,way/293597835-765,Solapur
L100000602055,way/311118424-765,Fatehpur
L100000602056,way/203673991-400,Tezpur
L100000602057,way/203673991-400,Tezpur
L100000602058,way/203673991-400,Tezpur
L100000602059,way/203673991-400,Tezpur
L100001023090,way/311118424-765,Fatehpur
L100000602060,way/311118424-765,Fatehpur
L100000602061,way/311118424-765,Fatehpur
L100000602062,way/311118424-765,Fatehpur
L100000602063,way/311118424-765,Fatehpur
L100000602064,way/311118424-765,Fatehpur
L100000602065,way/311118424-765,Fatehpur
L100000602066,way/311118424-765,Fatehpur
L100000602067,way/311118424-765,Fatehpur
L100000602068,way/420797421-765,Sikandarabad
L100000604372,way/420797421-765,Sikandarabad
L100001025798,way/311118424-765,Fatehpur
L100000602069,way/372701897-765,Moga
L100000602070,way/372701897-765,Moga
L100000602071,way/420797421-765,Sikandarabad
L100001023091,way/293597835-765,Solapur
L100000602072,way/311118424-765,Fatehpur
L100000602073,way/372701897-765,Moga
L100000604373,way/203673991-400,Tezpur
L100000602074,way/372701897-765,Moga
L100001023092,way/203673991-400,Tezpur
L100000602075,way/203673991-400,Tezpur
L100000602076,way/311118424-765,Fatehpur
L100000602078,way/372701897-765,Moga
L100000602079,way/372701897-765,Moga
L100000602080,way/331275940-765,Vadodara
L100001046141,way/203673991-400,Tezpur
L100001025866,way/311118424-765,Fatehpur
L100001046143,way/372701897-765,Moga
L100001046144,way/372701897-765,Moga
L100000602077,way/372701897-765,Moga
L100000602081,way/353914865-765,Korba
L100000602082,way/353914865-765,Korba
L100000604378,way/353914865-765,Korba
L100000602083,IN684-765,Rajahmundry
L100000604379,way/315823978-765,Kurnool
L100000602084,way/372701897-765,Moga
L100000602085,way/203673991-400,Tezpur
L100000602086,way/372701897-765,Moga
L100000602087,way/372701897-765,Moga
L100000602088,way/420797421-765,Sikandarabad
L100001023093,way/201845280-765,Wardha
L100000602089,way/386153973-765,Dharmapuri
L100000604384,way/386153973-765,Dharmapuri
L100001025864,way/386153973-765,Dharmapuri
L100001025863,way/315823978-765,Kurnool
L100000602090,way/420797421-765,Sikandarabad
L100000602091,way/420797421-765,Sikandarabad
L100000602092,way/420797421-765,Sikandarabad
L100001025755,way/311118424-765,Fatehpur
L100000602093,way/311118424-765,Fatehpur
L100000602094,way/311118424-765,Fatehpur
L100000604389,way/201845280-765,Wardha
L100001023094,way/420797421-765,Sikandarabad
L100001025862,way/315823978-765,Kurnool
L100000602096,way/203673991-400,Tezpur
L100000602097,way/203673991-400,Tezpur
L100000602098,way/420797421-765,Sikandarabad
L100000604395,IN684-765,Rajahmundry
