bus0,bus1,voltage,s_nom,length,type,geometry
way/399307646-275,way/320246940-275,275.0,1843.3350719551768,31605.85,Al/St 240/40 3-bundle 300.0,"LINESTRING (111.64954456926536 1.1478145084251352, 111.65544877710899 1.1457764902548646, 111.655658 1.1457895, 111.6603178 1.1460427, 111.6639531 1.1459373, 111.6666633 1.1458849, 111.6702489 1.1457269, 111.6735215 1.1455846, 111.6777526 1.1454411, 111.6807643 1.145339, 111.6835651 1.1452846, 111.6864531 1.1451832, 111.6896091 1.145038, 111.692743 1.1449304, 111.6958791 1.1447608, 111.6991251 1.1446518, 111.701887 1.144555, 111.7047197 1.1444557, 111.7067853 1.1443833, 111.7101746 1.1442645, 111.7127945 1.1442239, 111.7166156 1.1440945, 111.7202948 1.1439411, 111.7236528 1.1438374, 111.7264617 1.1437031, 111.7289346 1.1436182, 111.7314905 1.1435304, 111.7365417 1.1433569, 111.7407016 1.143214, 111.7414909 1.1431869, 111.7430699 1.1431326, 111.745868 1.143035, 111.7478013 1.1429676, 111.7511917 1.1428493, 111.7550377 1.1427152, 111.7582724 1.1426024, 111.7620707 1.1424699, 111.7663166 1.1423218, 111.7695168 1.1422102, 111.7721384 1.1421187, 111.774854 1.1420193, 111.779132 1.141877, 111.7836756 1.1417034, 111.7870046 1.1415588, 111.7875492 1.1415388, 111.7904535 1.1414324, 111.7943024 1.1412912, 111.7967944 1.1412152, 111.7990096 1.1411476, 111.8033968 1.1410138, 111.8107987 1.1407498, 111.8145455 1.1406161, 111.8181533 1.140458, 111.8206499 1.1403708, 111.8230239 1.140288, 111.8273926 1.1401355, 111.8310838 1.140062, 111.8476762 1.1394661, 111.8560592 1.1391894, 111.8642957 1.1389152, 111.8665238 1.138841, 111.8685973 1.1400621, 111.8721349 1.1422576, 111.8733900696057 1.14303941517142, 111.87578098726937 1.1459090780012822)"
way/399307646-275,MY74-275,275.0,1843.3350719551768,29130.39,Al/St 240/40 3-bundle 300.0,"LINESTRING (111.56507999996707 1.4459435969518695, 111.56727100650771 1.4404240464994251, 111.5675038 1.4398049, 111.5684251 1.4373505, 111.5692284 1.4352403, 111.5700606 1.4330482, 111.5709108 1.4308676, 111.572146 1.427542, 111.5731941 1.4247715, 111.5744413 1.421458, 111.5755598 1.4185051, 111.5770792 1.414475, 111.5778839 1.4124398, 111.5796367 1.4077219, 111.5804954 1.4053894, 111.5818388 1.4019445, 111.5828158 1.3993086, 111.5843091 1.3953294, 111.585952 1.3907033, 111.587271 1.3870499, 111.5886329 1.3831132, 111.5898989 1.3795362, 111.5927286 1.3715153, 111.593829 1.3683834, 111.5949783 1.3651315, 111.5959526 1.3623843, 111.597519 1.3579278, 111.5981986 1.3560383, 111.5997821 1.3515499, 111.6019406 1.3454442, 111.602748 1.3430637, 111.6041213 1.3392071, 111.6053326 1.3357222, 111.6066989 1.3318773, 111.6086877 1.3262509, 111.6100986 1.3222507, 111.6116274 1.3179469, 111.6132696 1.3133629, 111.614203 1.3106646, 111.6153798 1.307302, 111.6163676 1.3045247, 111.6174009 1.301646, 111.6184496 1.2986629, 111.6192818 1.2962676, 111.620067 1.2940513, 111.621338 1.2904583, 111.6234922 1.2843683, 111.6241916 1.2823585, 111.6290192 1.2686357, 111.629754 1.2665955, 111.6311477 1.2626333, 111.6316486 1.2612093, 111.632588 1.258539, 111.6337416 1.2552593, 111.6350304 1.2515954, 111.6364149 1.2476701, 111.6371025 1.2457373, 111.6386832 1.2412938, 111.6393634 1.239382, 111.6405957 1.2359178, 111.6414458 1.2335283, 111.6427993 1.2295881, 111.6435227 1.2274021, 111.6442421 1.225516, 111.6455932 1.221644, 111.6462816 1.219671, 111.6469826 1.2176621, 111.6486312 1.2129375, 111.6500151 1.209029, 111.651409 1.2051938, 111.6521578 1.202997, 111.6536911 1.1987104, 111.6547128 1.195854, 111.6544694 1.1931523, 111.6542032 1.1901983, 111.6539269 1.1871307, 111.6536627 1.1842372, 111.6533842 1.1810874, 111.6531156 1.1780607, 111.6528236 1.1748259, 111.6525345 1.1715447, 111.6522859 1.1686011, 111.6519682 1.1650687, 111.6516998 1.1621671, 111.6513768 1.1585182, 111.6511576 1.1560408, 111.65087012116666 1.1527928830711016, 111.64954456926536 1.1478145084251352)"
way/235943019-275,way/235951698-275,275.0,1843.3350719551768,29068.48,Al/St 240/40 3-bundle 300.0,"LINESTRING (110.30148943589188 1.5594258027633334, 110.29558118659612 1.561469568232162, 110.2933117 1.5619115, 110.2905899 1.5598022, 110.2879345 1.5577564, 110.2854481 1.5558233, 110.2828003 1.553766, 110.2797914 1.5514127, 110.2775646 1.5496905, 110.2747751 1.5475348, 110.2721524 1.5455113, 110.2697116 1.54368, 110.267399 1.5418238, 110.2644374 1.5395246, 110.2616704 1.5373764, 110.2617566 1.5330377, 110.2618307 1.529305, 110.2618683 1.5272726, 110.2619534 1.5236206, 110.2620599 1.5190492, 110.2621392 1.515644, 110.2622103 1.513097, 110.2623202 1.5091579, 110.2624 1.5062977, 110.2624971 1.5028171, 110.2626354 1.4978591, 110.2627212 1.493891, 110.26285 1.4889038, 110.2629787 1.4849408, 110.2631021 1.4806561, 110.2632255 1.4761568, 110.2633226 1.4724947, 110.2634025 1.4690192, 110.2635313 1.4652975, 110.263623 1.4608041, 110.2637477 1.4570769, 110.2638075 1.4552864, 110.2651688 1.4498854, 110.2666378 1.4443245, 110.2675766 1.4406189, 110.2685636 1.4367202, 110.2701354 1.4337385, 110.2713512 1.4322839, 110.2713 1.4264117, 110.2722871 1.4225296, 110.2728808 1.4201879, 110.273592 1.4173829, 110.2760913 1.4148523, 110.2778902 1.4130308, 110.2798571 1.4110392, 110.2823783 1.4084865, 110.2847769 1.4060579, 110.2877032 1.4030949, 110.2907265 1.4000337, 110.2935232 1.3972223, 110.2951896 1.3955472, 110.2975071 1.3932176, 110.2996592 1.3910434, 110.3031865 1.38748, 110.3056492 1.3849922, 110.3087497 1.38186, 110.310548 1.3800433, 110.3123677 1.3782049, 110.314633 1.3759165, 110.3170805 1.3734439, 110.3191868 1.3712505, 110.3216915 1.3687358, 110.3221596 1.3683107, 110.3244609 1.3662207, 110.3257346 1.3656739, 110.3294786 1.3640668, 110.3332036 1.3624636, 110.3359493 1.3612819, 110.339103 1.3599246, 110.3411395 1.359052, 110.34369633562893 1.3579563121442921, 110.34969548286463 1.352574637693047)"
way/691633796-275,way/691633793-275,275.0,1843.3350719551768,16878.49,Al/St 240/40 3-bundle 300.0,"LINESTRING (113.09254054390868 3.2866835058523582, 113.09585824879926 3.280543977118984, 113.0960526 3.280155, 113.0979006 3.2765988, 113.099982 3.2726036, 113.101504 3.2702952, 113.1030676 3.2682059, 113.1055369 3.2646423, 113.1069395 3.2626506, 113.1084975 3.2605353, 113.1107774 3.2572405, 113.1120029 3.2555513, 113.114947 3.2513517, 113.1174319 3.2478792, 113.1193042 3.245195, 113.1216354 3.241915, 113.1229471 3.2400539, 113.1256238 3.23627, 113.1272507 3.2339804, 113.1287742 3.2318086, 113.1315395 3.2278479, 113.1331837 3.2255395, 113.1361502 3.2213297, 113.1379724 3.218622, 113.1401977 3.215315, 113.1427941 3.2117827, 113.1415227 3.2086147, 113.1405356 3.2062741, 113.1391489 3.2031569, 113.1383416 3.2011751, 113.1367323 3.1973964, 113.1345463 3.1921689, 113.1333232 3.1893248, 113.1318828 3.1860415, 113.1307563 3.1833715, 113.1288359 3.1789044, 113.1283852 3.1778359, 113.1264728 3.1733233, 113.1249279 3.1696918, 113.1237718 3.1669976, 113.1225622 3.164207, 113.1213069 3.1612343, 113.1195822 3.1572198, 113.11815655149351 3.1538847498332134, 113.11508121887665 3.150176624406707)"
way/513950834-275,way/236051516-275,275.0,1843.3350719551768,202659.56,Al/St 240/40 3-bundle 300.0,"LINESTRING (113.42757402796822 3.3535904190689036, 113.42193541788366 3.3589009274242065, 113.4203987 3.3599786, 113.4182704 3.3614712, 113.4193555 3.3661206, 113.4200508 3.3690996, 113.4207155 3.3716154, 113.4214853 3.3745293, 113.4222175 3.377301, 113.4261142 3.3801999, 113.43189 3.3844968, 113.4350352 3.3868367, 113.4406532 3.3910161, 113.4449095 3.3941327, 113.4478482 3.3962845, 113.4508939 3.3985147, 113.4536911 3.4005938, 113.4559445 3.4022685, 113.4575945 3.4034811, 113.45961 3.4049623, 113.4618797 3.4066473, 113.4637917 3.40804, 113.4666025 3.410152, 113.4700342 3.4126589, 113.4718972 3.4140199, 113.4746899 3.4161019, 113.4786494 3.4190962, 113.4806297 3.4204732, 113.4825942 3.4219332, 113.485119 3.4238039, 113.4874405 3.4255351, 113.4898256 3.4275447, 113.4916556 3.4289767, 113.4935502 3.4306667, 113.4958498 3.4326114, 113.4985694 3.4349421, 113.5009551 3.4369867, 113.5027828 3.4385531, 113.5043192 3.4398698, 113.5069349 3.4421049, 113.5096316 3.4443747, 113.5123111 3.4466783, 113.5147851 3.4487986, 113.5164803 3.4502515, 113.518598 3.452028, 113.5212412 3.4542772, 113.5240505 3.4566625, 113.5257237 3.4580833, 113.5292235 3.4610299, 113.5328111 3.46412, 113.5369102 3.4676113, 113.5417286 3.4717303, 113.5453538 3.4748293, 113.5478114 3.4769139, 113.5503822 3.4790946, 113.5548037 3.482845, 113.5586143 3.4861269, 113.5613821 3.4885106, 113.5653656 3.491876, 113.5677282 3.493872, 113.5705359 3.4962087, 113.5731194 3.4984121, 113.575855 3.5007451, 113.57835 3.502873, 113.580767 3.5049344, 113.58299 3.5068302, 113.5852804 3.5087809, 113.5902485 3.513012, 113.5952042 3.5172326, 113.5979077 3.5195438, 113.6006768 3.5219111, 113.6034087 3.5242465, 113.6061035 3.5265503, 113.6087708 3.5288306, 113.611466 3.531093, 113.6141733 3.5333656, 113.6168773 3.5356912, 113.6188007 3.5373454, 113.6210464 3.5392495, 113.624359 3.5420582, 113.6267794 3.5441104, 113.6312907 3.5479354, 113.6339159 3.5501691, 113.6368439 3.5526604, 113.6396339 3.5550954, 113.6423269 3.557312, 113.6485979 3.5626147, 113.6518261 3.5654116, 113.6551699 3.5683086, 113.6583438 3.571061, 113.6615744 3.5738624, 113.6647269 3.5764232, 113.6672908 3.5785058, 113.6718285 3.5821916, 113.6786574 3.5877425, 113.6844075 3.5921263, 113.6869267 3.5939766, 113.6901764 3.5964608, 113.6927631 3.5983341, 113.6950232 3.6026113, 113.6970332 3.6064077, 113.6984816 3.609288, 113.6997025 3.6119327, 113.7011967 3.6148663, 113.7026491 3.6177179, 113.7034711 3.6193316, 113.7051555 3.6226081, 113.7068008 3.6258395, 113.7077681 3.6277391, 113.7098333 3.631795, 113.7113932 3.6347529, 113.7124784 3.6367776, 113.7132932 3.6383715, 113.7147128 3.6411484, 113.71543 3.6425515, 113.716745 3.6451978, 113.717636 3.6469425, 113.7186134 3.6488594, 113.7198853 3.6512181, 113.720978 3.6533673, 113.7222678 3.6558665, 113.7236992 3.6586401, 113.7246746 3.6605302, 113.7259479 3.6629973, 113.7275362 3.6660751, 113.7291895 3.6692787, 113.730457 3.6717345, 113.732079 3.673501, 113.7358597 3.6776184, 113.7385482 3.6805463, 113.7405236 3.6826977, 113.7427421 3.6850708, 113.7447654 3.6873019, 113.7472066 3.6899937, 113.7495041 3.6924833, 113.7532586 3.6949896, 113.7567112 3.6974085, 113.7588119 3.6988467, 113.7626236 3.7014069, 113.7655161 3.7033769, 113.7671078 3.7044594, 113.7693744 3.7060024, 113.7717332 3.7076081, 113.7740193 3.7091643, 113.7764666 3.7108303, 113.7787983 3.7124175, 113.7808221 3.7137952, 113.7821868 3.7150699, 113.7848897 3.7176241, 113.787306 3.7199075, 113.7891877 3.7216857, 113.7921854 3.7245186, 113.7947752 3.7269659, 113.7960315 3.7281531, 113.7991314 3.7310825, 113.8011265 3.7329216, 113.8047271 3.7366044, 113.8070819 3.7386883, 113.8080774 3.7395692, 113.8108059 3.7433087, 113.8127606 3.7459876, 113.8148035 3.7488452, 113.8168018 3.7516405, 113.8194535 3.7553497, 113.8207239 3.7571091, 113.8230198 3.7602888, 113.8246169 3.7625006, 113.825642 3.7639203, 113.8273008 3.7662176, 113.8293218 3.769024, 113.8310845 3.7714718, 113.8335462 3.7748903, 113.8359544 3.7782344, 113.8378141 3.7808281, 113.8397366 3.7835095, 113.8407274 3.7866794, 113.8414807 3.7892501, 113.8424596 3.7924721, 113.8434702 3.795841, 113.8444163 3.7989953, 113.8453132 3.801985, 113.8460121 3.804315, 113.8468871 3.807232, 113.8477314 3.8100463, 113.8485992 3.8129392, 113.8492171 3.8149993, 113.8498907 3.8172146, 113.8505005 3.8192202, 113.8512894 3.8218152, 113.8521096 3.8245974, 113.8530117 3.8275801, 113.8537855 3.8302227, 113.8545915 3.832975, 113.8556217 3.8363125, 113.8563338 3.8386757, 113.8576444 3.8430252, 113.8588304 3.8449475, 113.8601568 3.8471271, 113.861805 3.8498357, 113.862817 3.8514988, 113.8642102 3.8537471, 113.8654538 3.8557643, 113.8664463 3.8573742, 113.8677118 3.8594892, 113.8692038 3.8619451, 113.8704248 3.8639548, 113.8725202 3.8673567, 113.8738764 3.86959, 113.8750125 3.8714608, 113.8764965 3.8739045, 113.8778637 3.8761621, 113.8796833 3.8790632, 113.8811684 3.8815335, 113.8829046 3.8842917, 113.884626 3.8871116, 113.8891007 3.8944418, 113.8908407 3.8973548, 113.891994 3.8992414, 113.8934827 3.9016444, 113.8947165 3.9036782, 113.8962493 3.9060851, 113.8975774 3.9082692, 113.8990103 3.9106761, 113.9008602 3.9137095, 113.9030811 3.917412, 113.905007 3.9205524, 113.9097227 3.9282419, 113.9112834 3.9308269, 113.9131211 3.9337043, 113.9144763 3.9360035, 113.9160574 3.9387578, 113.9194561 3.9442796, 113.9212069 3.9470292, 113.9222939 3.9488039, 113.92387 3.9514211, 113.9248458 3.9544508, 113.9260336 3.9577992, 113.9270626 3.9607284, 113.9281315 3.9638001, 113.9292704 3.9670048, 113.9303514 3.970221, 113.9313361 3.9727672, 113.9322513 3.9756002, 113.9330878 3.9779894, 113.9337357 3.9798423, 113.9349371 3.9831273, 113.9357245 3.9854237, 113.9366566 3.9880965, 113.9376479 3.9909857, 113.9389665 3.9946395, 113.9400048 3.9977578, 113.941011 4.0006028, 113.9417642 4.0027999, 113.9429587 4.0062692, 113.9438134 4.0085155, 113.9447952 4.0114517, 113.9457267 4.0141623, 113.9472322 4.0184127, 113.9480603 4.0208888, 113.9489025 4.0232594, 113.9495233 4.0249555, 113.9506834 4.0282593, 113.9518501 4.0317619, 113.952953 4.0349319, 113.9534667 4.0365134, 113.9546886 4.0398046, 113.9557596 4.0428735, 113.9569169 4.0462635, 113.9580971 4.049551, 113.9587351 4.0514058, 113.9593983 4.0533151, 113.9601727 4.0553779, 113.9614735 4.0586646, 113.9623062 4.0608075, 113.963054 4.0627305, 113.9644488 4.0663671, 113.9652943 4.0685714, 113.9662505 4.0710329, 113.9674956 4.0743965, 113.9687812 4.0775716, 113.9696711 4.0798267, 113.970722 4.0825152, 113.97173 4.0851366, 113.9727044 4.0878404, 113.9738363 4.0908475, 113.9750707 4.0938522, 113.9761146 4.0964703, 113.9775006 4.0983899, 113.9787992 4.1001885, 113.9816209 4.1040762, 113.9830865 4.1060954, 113.9847136 4.1083574, 113.9859889 4.1101303, 113.9876221 4.1123615, 113.9895948 4.1150986, 113.9914439 4.1176313, 113.9932059 4.1200123, 113.9944431 4.1217258, 113.9958023 4.1236084, 113.996877 4.1250741, 113.9990812 4.1281789, 114.0005393 4.1301876, 114.0027954 4.133263, 114.0043223 4.1353993, 114.0072398 4.1394328, 114.0092549 4.1421669, 114.0105611 4.1440991, 114.0134498 4.1478685, 114.0160716 4.1516377, 114.0177576 4.1539518, 114.0183497 4.1555962, 114.0194389 4.1586208, 114.0204588 4.1614532, 114.0214206 4.1641239, 114.0222875 4.1665313, 114.0236047 4.1701043, 114.024514 4.1726563, 114.0256364 4.1755426, 114.0276285 4.1770127, 114.0316899 4.1799728, 114.0352145 4.1825416, 114.039782 4.185956, 114.0441974 4.1890786, 114.0474869 4.1916794, 114.048882 4.1940789, 114.0506975 4.1973473, 114.0524961 4.2006403, 114.054611 4.2044089, 114.0557049 4.206428, 114.0556341 4.2091441, 114.0555042 4.2187659, 114.056103 4.2270487, 114.056375 4.230991, 114.0579646 4.2368351, 114.0583946 4.2418181, 114.0547457 4.2456346, 114.051087 4.2494134, 114.0481094 4.2525134, 114.0466958 4.2539467, 114.0432281 4.2576065, 114.0402238 4.260723, 114.0386736 4.2650421, 114.0377596 4.267495, 114.0360024 4.2720748, 114.0347199 4.2758455, 114.0354719 4.2778357, 114.036204 4.2797729, 114.0372447 4.2825272, 114.0386787 4.2863933, 114.0395304 4.2888902, 114.0410459 4.2928799, 114.0422318 4.2959878, 114.0440563 4.3009843, 114.0449156 4.3033058, 114.0446234 4.3063026, 114.0443633 4.3088672, 114.0440698 4.3119819, 114.0436894 4.3157469, 114.0433261 4.3191905, 114.043016 4.3226678, 114.0426787 4.3262373, 114.0423314 4.3297127, 114.0420028 4.3331381, 114.0416531 4.3366444, 114.0413232 4.3399515, 114.0409895 4.3432969, 114.0406574 4.346626, 114.0403253 4.349955, 114.0399966 4.3532502, 114.0396878 4.3566202, 114.0393484 4.3599238, 114.0390142 4.3632746, 114.0386755 4.3666699, 114.0383518 4.3699161, 114.0380393 4.3730493, 114.0377469 4.3762063, 114.0374167 4.3793674, 114.0370942 4.3825153, 114.0367844 4.3855388, 114.0364526 4.3889093, 114.0361758 4.3918358, 114.0358678 4.3950037, 114.0355123 4.3985501, 114.0352328 4.4014605, 114.0349916 4.4040251, 114.0346976 4.406935, 114.0344613 4.409819, 114.0342024 4.4128066, 114.033937 4.4154818, 114.0336887 4.4181725, 114.0334468 4.4209036, 114.0331668 4.4240707, 114.0328856 4.4272397, 114.0326471 4.4301035, 114.0324189 4.432657, 114.0324229 4.4361593, 114.0324049 4.4394182, 114.0324277 4.4427368, 114.0324447 4.446107, 114.0324553 4.4494565, 114.0324504 4.4527595, 114.0324711 4.4561039, 114.0325001 4.4595154, 114.0325071 4.4628907, 114.0325226 4.4662237, 114.0325182 4.4695949, 114.0325244 4.4729753, 114.03254122444517 4.474608636643908, 114.0347535756286 4.47983166446868)"
MY57-275,MY56-275,275.0,1843.3350719551768,21273.58,Al/St 240/40 3-bundle 300.0,"LINESTRING (101.64833607541678 2.798837207408375, 101.64843847737818 2.8040707516562464, 101.6499723 2.8060443, 101.6511138 2.807491, 101.653181 2.8103049, 101.6553679 2.8132549, 101.6573619 2.8159475, 101.6588051 2.8173286, 101.6601243 2.8185888, 101.662117 2.8212366, 101.6639803 2.8237248, 101.6661528 2.8266062, 101.6682664 2.8294357, 101.6702738 2.8321216, 101.6725973 2.8340982, 101.6744796 2.8356767, 101.6765554 2.8356579, 101.6800489 2.8356414, 101.6835353 2.8355825, 101.687043 2.8355542, 101.6902817 2.835566, 101.6929613 2.8355943, 101.69712 2.8355943, 101.7002715 2.8356273, 101.7030856 2.8356273, 101.7069612 2.8356461, 101.7107684 2.8356485, 101.7161962 2.835427, 101.7179936 2.8353469, 101.7216923 2.8351419, 101.7218197 2.8373471, 101.7227374 2.8373274, 101.7313644 2.837355, 101.7320073 2.8373567, 101.7380532 2.8373941, 101.7411811 2.8371944, 101.7426374 2.8372377, 101.7465588 2.8371954, 101.7497376 2.8372401, 101.7522129 2.8372901, 101.7522155 2.8359409, 101.7522867 2.8328096, 101.7522904 2.8316147, 101.7528444 2.8287244, 101.7535197 2.8252721, 101.7539428 2.8226353, 101.7539681 2.8217386, 101.7542477 2.8177569, 101.7544058 2.8155543, 101.7544767 2.8130756, 101.7547536 2.8096855, 101.7549741 2.806888, 101.75502997497402 2.8060143397440016, 101.75664789598648 2.799962065473353)"
MY34-275,MY31-275,275.0,1843.3350719551768,17707.44,Al/St 240/40 3-bundle 300.0,"LINESTRING (101.60121828580394 3.1967487519492925, 101.60135387609672 3.2030038630777242, 101.6011638 3.2036394, 101.6015077 3.2055998, 101.6019568 3.2073499, 101.6023743 3.2092385, 101.6029343 3.2120058, 101.6040196 3.2169898, 101.6052029 3.2218081, 101.6062375 3.2261299, 101.606945 3.2287023, 101.6077183 3.229422, 101.6089393 3.2305584, 101.6119818 3.2334185, 101.6147341 3.2359982, 101.6168896 3.238017, 101.6182986 3.2393092, 101.6221157 3.2417931, 101.6262489 3.2443459, 101.6277103 3.2451721, 101.6315878 3.24761, 101.6317299 3.2476993, 101.6346559 3.2525737, 101.6360101 3.2547908, 101.6376887 3.2575225, 101.6387014 3.2573767, 101.641701 3.2574122, 101.6431528 3.2573157, 101.6452433 3.2567733, 101.6468812 3.2547606, 101.6488137 3.2542474, 101.6502848 3.2538483, 101.6534208 3.2529546, 101.6550201 3.2525265, 101.6591685 3.2548659, 101.661594 3.256236, 101.6648315 3.2580894, 101.6657924 3.2586076, 101.6668619 3.2591844, 101.6691478 3.2605286, 101.6710465 3.2607529, 101.6729962 3.2609649, 101.6753073 3.2612242, 101.6782704 3.2611794, 101.6814147 3.2612587, 101.68178836112453 3.2625756508485986, 101.6831605661328 3.2668046436111378)"
MY34-275,MY41-275,275.0,1843.3350719551768,9333.86,Al/St 240/40 3-bundle 300.0,"LINESTRING (101.60121828580394 3.1967487519492925, 101.60138381671992 3.1921296868910276, 101.6013706 3.18738, 101.6013703 3.1872709, 101.6013771 3.1862674, 101.6013897 3.1844089, 101.6014017 3.1826293, 101.6015085 3.1791682, 101.6015965 3.1768346, 101.6016575 3.1742968, 101.6016641 3.1735947, 101.6015788 3.1706136, 101.6015053 3.1686811, 101.6014677 3.1655693, 101.6014122 3.1639974, 101.6013423 3.1597208, 101.6013472 3.1548377, 101.6013264 3.1520484, 101.6013101 3.1491284, 101.6013416 3.1459592, 101.6013623 3.1410325, 101.601313 3.1354232, 101.6013001 3.1288591, 101.6019647 3.127184, 101.6019031 3.1241839, 101.601785494732 3.1195286095772867, 101.60155700420941 3.1148055178818104)"
relation/16800772-275,MY54-275,275.0,1843.3350719551768,21189.61,Al/St 240/40 3-bundle 300.0,"LINESTRING (101.57083308923735 3.002872995406613, 101.57202131655252 2.9966621846323633, 101.5719804 2.9955577, 101.5718422 2.9921474, 101.571708 2.9885359, 101.5716522 2.9873558, 101.5714868 2.9839787, 101.571485 2.9820097, 101.5658152 2.9823628, 101.5612709 2.9827216, 101.5583527 2.9827182, 101.5553849 2.9806998, 101.5533434 2.9791932, 101.5507294 2.9777829, 101.5480818 2.9763556, 101.5453879 2.9749256, 101.5457674 2.9727518, 101.5473766 2.9705813, 101.5487111 2.9673613, 101.5499411 2.9644066, 101.5498337 2.9612999, 101.5497554 2.9577641, 101.5496731 2.9552265, 101.549518 2.9520137, 101.5527691 2.9466808, 101.5545382 2.9437544, 101.5563227 2.9408274, 101.5580962 2.9378838, 101.5597812 2.9351002, 101.5614829 2.9323331, 101.56319 2.9295468, 101.5646292 2.9271576, 101.5671706 2.9253755, 101.5701319 2.9233091, 101.5728941 2.9213952, 101.5782051 2.9177069, 101.5804715 2.9161156, 101.5804257 2.913329, 101.5802923 2.9098144, 101.5801723 2.9061596, 101.5800833 2.9024798, 101.5799426 2.898757, 101.5798367 2.8950675, 101.5797346 2.8917413, 101.5796188 2.8882956, 101.5795215 2.8852233, 101.5793914 2.8816009, 101.579302 2.878435, 101.5792167 2.8752631, 101.5791111 2.8720201, 101.5790157 2.8688522, 101.5788918 2.8655991, 101.578782 2.8624254, 101.5787074 2.8591809, 101.5785956 2.8559281, 101.57851849048564 2.853728752508349, 101.57593026145013 2.846656558511256)"
MY46-275,MY45-275,275.0,1843.3350719551768,3151.64,Al/St 240/40 3-bundle 300.0,"LINESTRING (101.45923422600447 3.0677352175300032, 101.45742539304511 3.064182669735109, 101.4571551 3.0637998, 101.4556986 3.0615881, 101.455759 3.0610563, 101.4566299 3.0580791, 101.4583217 3.0533546, 101.4610807 3.0486608, 101.4626878 3.0460819, 101.46377520179571 3.045466385356243, 101.46837169932012 3.0413562205164872)"
way/160691170-275,MY49-275,275.0,1843.3350719551768,2103.96,Al/St 240/40 3-bundle 300.0,"LINESTRING (101.595950657262 2.9895220595413394, 101.5955917593741 2.9839350135520015, 101.5961342 2.982284, 101.5978176 2.9812207, 101.5996137 2.980028, 101.5996378 2.9781442, 101.5997075120185 2.976410916958231, 101.59973779999997 2.9720115934194538)"
way/160691170-275,MY49-275,275.0,1843.3350719551768,2091.85,Al/St 240/40 3-bundle 300.0,"LINESTRING (101.595950657262 2.9895220595413394, 101.59533591619977 2.984082909560334, 101.5959975 2.9821503, 101.5977025 2.9810597, 101.5993759 2.9798969, 101.5994672 2.9770289, 101.5994901833305 2.976553415272175, 101.59973779999997 2.9720115934194538)"
MY34-275,MY40-275,275.0,1843.3350719551768,48982.29,Al/St 240/40 3-bundle 300.0,"LINESTRING (101.32347797869971 3.1180558062958177, 101.32156500214006 3.1250345102143844, 101.3214768 3.1252169, 101.3205059 3.1314198, 101.3200045 3.1345986, 101.3194579 3.1379658, 101.3189807 3.1410273, 101.3185758 3.1435792, 101.3181432 3.1462519, 101.3177547 3.1487792, 101.3191447 3.1505049, 101.3206985 3.1524058, 101.3221276 3.1541234, 101.3236251 3.1559241, 101.3256757 3.1584187, 101.3269978 3.1600458, 101.328365 3.1617098, 101.3310787 3.1616487, 101.3339882 3.1615192, 101.3367949 3.1614313, 101.3397313 3.1613091, 101.3432011 3.1611967, 101.3445687 3.1611203, 101.3467786 3.1611723, 101.3497542 3.1610941, 101.3530087 3.1609377, 101.3562341 3.1608324, 101.359359 3.1607356, 101.3627129 3.1606416, 101.3657114 3.1605575, 101.3676543 3.161591, 101.3699985 3.1628053, 101.3728835 3.1643079, 101.375656 3.1657567, 101.37847 3.1672569, 101.3812523 3.1686886, 101.3842589 3.1702239, 101.3869684 3.1717207, 101.3896161 3.1731011, 101.3908445 3.1757276, 101.3922735 3.1787279, 101.3935925 3.181567, 101.3950362 3.1845746, 101.3976949 3.1904407, 101.3990794 3.1932944, 101.400248 3.1957045, 101.4032436 3.195738, 101.4094364 3.1957662, 101.4129427 3.1957843, 101.4177316 3.1950163, 101.4214324 3.1944349, 101.4263488 3.1936366, 101.4307504 3.1937449, 101.4350345 3.1938012, 101.438763 3.1938554, 101.4405223 3.1938599, 101.4406347 3.1926434, 101.4427075 3.1926003, 101.4483762 3.1926009, 101.4490222 3.192587, 101.4534182 3.1925879, 101.4542246 3.1925879, 101.457832 3.1925757, 101.4599889 3.1925923, 101.4612446 3.1925788, 101.4637107 3.1926059, 101.4648263 3.1943398, 101.4664568 3.1944165, 101.4689185 3.1944436, 101.4713078 3.194509, 101.4745147 3.1946059, 101.4790314 3.1946555, 101.483381 3.1947209, 101.4864372 3.1947279, 101.49047 3.1948026, 101.4928762 3.1948002, 101.4958736 3.1948749, 101.498176 3.1948821, 101.5020495 3.1949617, 101.506034 3.1947014, 101.5084812 3.1946773, 101.5106267 3.1947761, 101.5141792 3.1948147, 101.5171259 3.194846, 101.5187477 3.1948677, 101.5219913 3.1948821, 101.5250612 3.1949231, 101.5283217 3.1949376, 101.530081 3.1949544, 101.5300641 3.1985279, 101.5300595 3.2008321, 101.5322056 3.2008224, 101.536827 3.2007824, 101.5388757 3.2007965, 101.5407853 3.2031958, 101.5435518 3.2038059, 101.5461511 3.204429, 101.5468778 3.2077744, 101.5469006 3.2114986, 101.5469174 3.214672, 101.5469202 3.2168509, 101.5487337 3.2198042, 101.5490061 3.2202667, 101.5493461 3.2208313, 101.5512752 3.224142, 101.5523244 3.2259186, 101.5542689 3.2267706, 101.5580545 3.2284495, 101.5607867 3.2296339, 101.565522 3.2316451, 101.5666653 3.2321817, 101.5691023 3.2333255, 101.5713061 3.2343224, 101.5747802 3.2333927, 101.57783 3.2319891, 101.5804909 3.2289256, 101.5822117 3.2271021, 101.5849168 3.2242248, 101.5870843 3.2219725, 101.5883338 3.2201056, 101.5896643 3.2181204, 101.5930175 3.2130005, 101.5941412 3.2113549, 101.5957277 3.2089338, 101.5978661 3.2056549, 101.5990812 3.203908, 101.59959673307526 3.2031196502180586, 101.60121828580394 3.1967487519492925)"
MY37-275,MY40-275,275.0,1843.3350719551768,3453.55,Al/St 240/40 3-bundle 300.0,"LINESTRING (101.3151061899045 3.1525832416981516, 101.31802336905852 3.1446778476840525, 101.3182055 3.1435222, 101.3186333 3.1409638, 101.3191153 3.1379072, 101.3196209 3.1345384, 101.3201278 3.1313924, 101.3211083228672 3.1252098463143914, 101.32347797869971 3.1180558062958177)"
MY34-275,MY40-275,275.0,1843.3350719551768,49076.62,Al/St 240/40 3-bundle 300.0,"LINESTRING (101.32347797869971 3.1180558062958177, 101.3212975350454 3.1251411045842348, 101.3212918 3.1251526, 101.3203209 3.1313939, 101.3198222 3.134559, 101.3192977 3.1379376, 101.3187912 3.1409845, 101.3183868 3.1435589, 101.3179594 3.1462161, 101.3175402 3.1488271, 101.3190236 3.1506062, 101.3205652 3.1525315, 101.3219894 3.154254, 101.3234772 3.1560425, 101.3255302 3.1585396, 101.3268538 3.160162, 101.3282855 3.1619088, 101.3311069 3.1617965, 101.3340066 3.1616987, 101.3369579 3.1616027, 101.3398551 3.1614952, 101.3432367 3.1613664, 101.3445651 3.1613097, 101.3467897 3.1613567, 101.3497848 3.1612687, 101.35301 3.1611563, 101.3562423 3.1610246, 101.3593568 3.1609278, 101.3627137 3.1608316, 101.365676 3.1607467, 101.3675724 3.161746, 101.3700804 3.1630003, 101.3728408 3.1644776, 101.3757136 3.1660022, 101.3786164 3.1676362, 101.3814322 3.1690098, 101.3841312 3.1704147, 101.3868205 3.171844, 101.3894755 3.1732196, 101.3906231 3.1756213, 101.3920424 3.1786411, 101.393376 3.1815412, 101.3948246 3.1845953, 101.397509 3.1904651, 101.3989284 3.1934033, 101.4001555 3.1959116, 101.4033122 3.1959367, 101.4094536 3.195955, 101.4129802 3.1959572, 101.4177441 3.1951999, 101.4214879 3.1946094, 101.4263524 3.1938247, 101.4307404 3.1939082, 101.4350674 3.1939871, 101.438735 3.1940457, 101.4407246 3.1940615, 101.4407478 3.1928605, 101.4426402 3.1927728, 101.4486088 3.1927594, 101.449089 3.1927785, 101.4532358 3.192754, 101.4539544 3.1927636, 101.4577502 3.1927243, 101.4599635 3.1927881, 101.4609703 3.1927669, 101.4635945 3.1928052, 101.4647034 3.1945392, 101.4666456 3.1946001, 101.4689988 3.1946429, 101.4713204 3.1946813, 101.474656 3.1947786, 101.4790937 3.1948369, 101.4833687 3.1949113, 101.4864337 3.1949025, 101.490481 3.1949989, 101.4931212 3.1950085, 101.4958652 3.195064, 101.4981483 3.1950688, 101.5020773 3.1951411, 101.5060546 3.1948929, 101.5084969 3.1949652, 101.5106159 3.1949941, 101.5141153 3.1949796, 101.5171296 3.1950182, 101.5187707 3.1950302, 101.522053 3.1950688, 101.5250576 3.1951025, 101.5283399 3.1951146, 101.5298893 3.1951676, 101.5298941 3.1987965, 101.5298541 3.2010311, 101.5322156 3.201007, 101.5367987 3.2009792, 101.5387903 3.2009786, 101.5408294 3.2035315, 101.5434707 3.2040343, 101.5459996 3.2045802, 101.5466332 3.2076307, 101.5466602 3.2077608, 101.5467341 3.2114749, 101.5467173 3.2145897, 101.5467341 3.2169111, 101.5476754 3.2184412, 101.5488703 3.2203834, 101.5496601 3.2217435, 101.5510862 3.2241993, 101.552191 3.2260602, 101.5541695 3.2269537, 101.5581765 3.2287178, 101.5604345 3.2296926, 101.5607656 3.2298449, 101.5635913 3.2310777, 101.5659461 3.2319782, 101.5660731 3.2320268, 101.5691877 3.2335678, 101.5699124 3.2339053, 101.5712931 3.2346145, 101.5748353 3.2335725, 101.5779344 3.232141, 101.580615 3.2290297, 101.5822989 3.2272724, 101.5850359 3.2244, 101.5872403 3.2220791, 101.5885413 3.2201018, 101.5898178 3.218222, 101.5933354 3.2128742, 101.5944133 3.2112357, 101.5958973 3.2089551, 101.598041 3.2057385, 101.5982895 3.2053658, 101.5992335 3.20395, 101.59975516745031 3.2031641730018783, 101.60121828580394 3.1967487519492925)"
MY37-275,MY40-275,275.0,1843.3350719551768,3452.68,Al/St 240/40 3-bundle 300.0,"LINESTRING (101.3151061899045 3.1525832416981516, 101.31784354539663 3.144680701816444, 101.3179628 3.1439275, 101.3183934 3.1412594, 101.3188486 3.1382834, 101.3192922 3.1356573, 101.3197278 3.1327575, 101.3201689 3.1300793, 101.3205771 3.1274148, 101.32093010485937 3.1252634724749155, 101.32347797869971 3.1180558062958177)"
MY37-275,MY27-275,275.0,1843.3350719551768,27107.08,Al/St 240/40 3-bundle 300.0,"LINESTRING (101.26714999999999 3.320313392666329, 101.26920633908601 3.3228993242141165, 101.2700897 3.3240461, 101.2715968 3.3260217, 101.2743857 3.3261332, 101.2831516 3.3264911, 101.2853589 3.3265171, 101.2876793 3.3250437, 101.2902094 3.3234155, 101.2927999 3.3217535, 101.2952081 3.3201969, 101.2975833 3.3186793, 101.3049422 3.3138544, 101.3075913 3.312228, 101.3099978 3.3106852, 101.3122034 3.3092575, 101.3126023 3.3075829, 101.3130547 3.3057353, 101.3137234 3.3028686, 101.3138189 3.3024639, 101.314364 3.3001534, 101.314954 3.2976429, 101.3156171 3.294908, 101.3177386 3.2859319, 101.3184717 3.2829388, 101.3191949 3.2799041, 101.3199041 3.2768833, 101.3206055 3.27392, 101.3212611 3.2711233, 101.3229071 3.2694105, 101.3271903 3.2649759, 101.3292809 3.2628785, 101.3309875 3.261014, 101.3332503 3.2592804, 101.3356304 3.2574476, 101.3380959 3.2555633, 101.3402794 3.2539011, 101.3423475 3.2522984, 101.3444177 3.2507215, 101.344672 3.2488332, 101.3450177 3.2462328, 101.3453376 3.2436244, 101.3458183 3.240189, 101.3462256 3.2371521, 101.3466269 3.2343285, 101.3469393 3.2317032, 101.347326 3.2289008, 101.3477205 3.2258816, 101.3481151 3.223058, 101.3488671 3.2173685, 101.3492828 3.2143017, 101.3496509 3.2114675, 101.3499925 3.2088343, 101.3494549 3.2063014, 101.3488406 3.2034276, 101.3481548 3.2003105, 101.3474875 3.1971933, 101.3468122 3.1940762, 101.3462108 3.1912439, 101.345587 3.1884178, 101.3449382 3.18531, 101.3442674 3.1822085, 101.3436562 3.1793511, 101.343653 3.1764437, 101.3436593 3.1735018, 101.343653 3.1704753, 101.3436562 3.1673926, 101.3436875 3.1643912, 101.3436856 3.1619321, 101.3433112 3.161551, 101.3397655 3.1616658, 101.3368511 3.161766, 101.3340518 3.1618711, 101.3311668 3.1619737, 101.3281961 3.1620958, 101.326695 3.1602738, 101.3253843 3.1586248, 101.3234196 3.1562637, 101.321807 3.1543115, 101.3204245 3.1526574, 101.31963870495755 3.151684414272803, 101.3151061899045 3.1525832416981516)"
MY43-275,MY45-275,275.0,1843.3350719551768,8479.61,Al/St 240/40 3-bundle 300.0,"LINESTRING (101.45923422600447 3.0677352175300032, 101.461986009988 3.0702672863335145, 101.4626705 3.0713717, 101.4639451 3.0734569, 101.4669147 3.0782603, 101.4690897 3.0817382, 101.4706262 3.0841354, 101.4726796 3.0875359, 101.4743252 3.0902027, 101.4760061 3.0928584, 101.4813935 3.092751, 101.4839586 3.0926859, 101.4872966 3.0926413, 101.4913886 3.0925164, 101.4937223 3.0924771, 101.4963223 3.0924539, 101.5009897 3.09242, 101.50265406406088 3.092401825138906, 101.50610929999999 3.093046693157118)"
way/513083092-275,way/236051516-275,275.0,1843.3350719551768,17748.68,Al/St 240/40 3-bundle 300.0,"LINESTRING (113.34194121562304 3.5297847172803785, 113.34583648021687 3.521991575409313, 113.3464676 3.5213722, 113.349107 3.518912, 113.3511427 3.5168799, 113.3528942 3.5152148, 113.3552037 3.5129955, 113.3575452 3.5107279, 113.3599994 3.5083399, 113.3622768 3.5061099, 113.3641515 3.5042679, 113.365439 3.5013149, 113.3666674 3.4984182, 113.3682239 3.4947801, 113.3691243 3.4926488, 113.3707532 3.4888447, 113.3721445 3.4855622, 113.3731994 3.4831181, 113.3749823 3.4789092, 113.3760176 3.4764889, 113.3774078 3.4732229, 113.3788843 3.469845, 113.3802821 3.4665251, 113.3816523 3.4632707, 113.3832963 3.4594246, 113.3843989 3.4568451, 113.3857395 3.4537351, 113.3871133 3.450548, 113.3881648 3.4481298, 113.3900512 3.4437917, 113.3912283 3.4410846, 113.3922379 3.4386672, 113.3934413 3.4357853, 113.3951954 3.4315849, 113.3966727 3.4280473, 113.3976817 3.4256701, 113.3991167 3.4223769, 113.4002888 3.4195924, 113.4010667 3.4177663, 113.4029195 3.41347, 113.4039044 3.4110995, 113.4048051 3.4090696, 113.4063179 3.4053961, 113.4072518 3.4032277, 113.4083515 3.4005985, 113.4098643 3.3971177, 113.4111142 3.3942849, 113.412494 3.3908236, 113.4139439 3.3875965, 113.4153375 3.3843298, 113.4166712 3.3811594, 113.4181613 3.3776175, 113.4192413 3.3750503, 113.4187744 3.3725046, 113.4181654 3.3691839, 113.4175725 3.3659508, 113.4169313 3.362525, 113.4162635 3.3589569, 113.4184737 3.3565471, 113.4205248434929 3.3558257644178986, 113.42757402796822 3.3535904190689036)"
MY50-275,MY56-275,275.0,1843.3350719551768,31256.67,Al/St 240/40 3-bundle 300.0,"LINESTRING (101.68274544579188 2.9656314334963128, 101.69326580133446 2.965270209235575, 101.6955523 2.9650949, 101.6980141 2.9648991, 101.7010212 2.9637396, 101.7028636 2.9630434, 101.7045987 2.9623721, 101.706711 2.9615502, 101.7102328 2.9601442, 101.7130216 2.9602955, 101.714967 2.9603832, 101.7150586 2.9573075, 101.7150757 2.9564779, 101.715151 2.95502, 101.7161948 2.9550522, 101.7201186 2.9550461, 101.7219021 2.9550514, 101.7248406 2.9550624, 101.7277771 2.9550434, 101.7306866 2.9550487, 101.7323903 2.9531772, 101.7324358 2.9489139, 101.7324417 2.9475735, 101.7324689 2.944517, 101.7324802 2.9419659, 101.7324943 2.9388152, 101.7325264 2.9355562, 101.7325384 2.9338154, 101.7325545 2.9304842, 101.7325625 2.9293731, 101.7294139 2.9293422, 101.7265434 2.9293105, 101.7239188 2.9292927, 101.7216747 2.9292848, 101.7186793 2.9292472, 101.7154084 2.929459, 101.7108845 2.929488, 101.7074564 2.9295054, 101.7074523 2.9272681, 101.7074689 2.9219271, 101.7074374 2.9213133, 101.7073628 2.9203112, 101.7072823 2.9193386, 101.707192 2.9182169, 101.7070369 2.9166304, 101.7070915 2.9133681, 101.7043048 2.9133695, 101.7029481 2.9133644, 101.7002168 2.9133196, 101.7002391 2.9108621, 101.7002697 2.9097449, 101.6971812 2.9097123, 101.6962035 2.9084705, 101.6951468 2.9071305, 101.6950136 2.906827, 101.7005949 2.905417, 101.7061639 2.9040091, 101.7085116 2.9033803, 101.7118192 2.902598, 101.7148302 2.9018271, 101.717799 2.9010928, 101.7204001 2.9004208, 101.723271 2.8997173, 101.7244623 2.8994187, 101.7262918 2.8977439, 101.7282768 2.895883, 101.73005 2.8942575, 101.7319953 2.8924609, 101.7339182 2.8906944, 101.7354786 2.8892584, 101.7368497 2.8879876, 101.7388511 2.8855177, 101.7396734 2.8844756, 101.7429146 2.8804682, 101.7460717 2.8765522, 101.7473982 2.8748392, 101.7485987 2.8732851, 101.7511466 2.8702413, 101.7511754 2.8691097, 101.7514182 2.8658873, 101.7514831 2.8650392, 101.7516387 2.8626563, 101.7521262 2.8579978, 101.7522885 2.8556697, 101.7524967 2.8514769, 101.7524821 2.8500488, 101.7524883 2.8462801, 101.7525008 2.8441078, 101.7525008 2.8418566, 101.7525175 2.8361504, 101.752518 2.8329058, 101.7525105 2.8318594, 101.7531113 2.8287668, 101.7536983 2.8255317, 101.7542745 2.822412, 101.754307 2.8217746, 101.7545919 2.8177441, 101.7547346 2.8154296, 101.7548596 2.8137923, 101.7551448 2.809374, 101.75536369106372 2.8059358041806983, 101.75664789598648 2.799962065473353)"
MY50-275,MY44-275,275.0,1843.3350719551768,12259.49,Al/St 240/40 3-bundle 300.0,"LINESTRING (101.66617724999406 3.077044793233262, 101.66544798593706 3.073180881777776, 101.6649395 3.0722378, 101.663505 3.0699846, 101.6630078 3.0692036, 101.6620432 3.0675937, 101.663153 3.0630914, 101.6634997 3.0616541, 101.6635941 3.0612701, 101.6641766 3.0589357, 101.6655327 3.0564889, 101.6667421 3.0542377, 101.6680439 3.0518481, 101.6695747 3.0490894, 101.670261 3.0478079, 101.6726677 3.0433536, 101.6736396 3.0415837, 101.6741343 3.0406437, 101.6759234 3.0373609, 101.6769984 3.0356501, 101.6780777 3.0332822, 101.679512 3.0307255, 101.6801256 3.029629, 101.6808562 3.0281514, 101.6810896 3.0260324, 101.6813455 3.0225606, 101.6813306 3.0205868, 101.6812305 3.0185334, 101.6812472 3.0155338, 101.6812696 3.0144915, 101.6813214 3.0099121, 101.6813345 3.0087458, 101.681311 3.0072025, 101.681304 3.0035879, 101.6813266 2.9996312, 101.6813092 2.9974009, 101.6813023 2.9966558, 101.6808066 2.9925375, 101.6807631 2.9877765, 101.6806904 2.984524, 101.6806194 2.9810445, 101.6804882 2.9774399, 101.6805276 2.9736479, 101.68053314426355 2.9714062781498014, 101.68274544579188 2.9656314334963128)"
MY50-275,MY49-275,275.0,1843.3350719551768,11675.67,Al/St 240/40 3-bundle 300.0,"LINESTRING (101.59973779999997 2.9720115934194538, 101.60433862672284 2.968441216660224, 101.6051838 2.9677145, 101.6065442 2.9665681, 101.6084174 2.9649442, 101.6113148 2.9625728, 101.6126728 2.9612576, 101.6150845 2.960821, 101.6172051 2.9604684, 101.6196901 2.96007, 101.6233676 2.9605301, 101.6248736 2.9608259, 101.6273253 2.9603595, 101.6311211 2.959237, 101.6339153 2.9584739, 101.6366662 2.9573314, 101.638942 2.9564029, 101.6411092 2.9555301, 101.6441898 2.9542794, 101.6465776 2.9533335, 101.6482122 2.9538379, 101.6509202 2.9548023, 101.6533126 2.9556743, 101.6561976 2.956768, 101.6567081 2.9577082, 101.6583831 2.9608612, 101.6599182 2.9640217, 101.6607082 2.9658792, 101.6634825 2.9681286, 101.6644632 2.9689221, 101.6676623 2.9702367, 101.6699218 2.9715533, 101.6716703 2.9718702, 101.6744304 2.9711087, 101.6766048 2.9704946, 101.67831563025362 2.9700414868676064, 101.68274544579188 2.9656314334963128)"
MY54-500,way/342946809-500,500.0,4468.691083527704,55354.16,Al/St 240/40 4-bundle 380.0,"LINESTRING (101.57620523476567 2.846515096000206, 101.58371482763843 2.8424917699985524, 101.586381 2.8421973, 101.5899567 2.8418096, 101.5930923 2.8414719, 101.5962317 2.8411341, 101.5986564 2.8407887, 101.6008851 2.8404932, 101.6028948 2.8401248, 101.6041706 2.8398331, 101.6076482 2.838935, 101.6113428 2.8379794, 101.6126609 2.8376589, 101.6167379 2.8365708, 101.6207995 2.8355653, 101.6238832 2.8347421, 101.6271264 2.8375841, 101.6307884 2.8408808, 101.6343832 2.84322, 101.6379933 2.8455208, 101.6412211 2.8475933, 101.6437611 2.8460313, 101.6463645 2.8444539, 101.6481014 2.841397, 101.6506671 2.8389374, 101.6535606 2.8360971, 101.65638 2.8333747, 101.6593263 2.8304392, 101.6615983 2.8282659, 101.6632241 2.8281026, 101.6666388 2.8277276, 101.6684008 2.8300271, 101.6700803 2.8323053, 101.6720406 2.8339616, 101.6743924 2.8359312, 101.6763243 2.8359241, 101.6794757 2.8359029, 101.6832688 2.8358676, 101.6871043 2.8358299, 101.6902487 2.8358511, 101.6930298 2.8358581, 101.6978749 2.8358864, 101.7004484 2.835917, 101.7036305 2.83591, 101.7071594 2.8359312, 101.7107637 2.8359359, 101.7160311 2.835705, 101.7182342 2.8355731, 101.7212405 2.8355698, 101.7213821 2.8380106, 101.7215277 2.8415455, 101.7217406 2.8456157, 101.7244344 2.845962, 101.7255407 2.8496632, 101.7285176 2.8493828, 101.729585 2.8540607, 101.730321 2.8573082, 101.7312722 2.8627072, 101.7328363 2.8664488, 101.7338018 2.8684321, 101.7369193 2.8691575, 101.7366519 2.8706631, 101.7362598 2.8732427, 101.7380658 2.8762757, 101.7368277 2.8796809, 101.7397227 2.8836881, 101.742212 2.8870907, 101.7482837 2.8888086, 101.7525996 2.8900317, 101.7535567 2.8896398, 101.7557642 2.8876963, 101.7575865 2.8861074, 101.7603929 2.8876893, 101.7635064 2.8894246, 101.7663342 2.8910027, 101.7676247 2.8917305, 101.7700799 2.8931184, 101.7723575 2.8948729, 101.7750238 2.8969536, 101.7764184 2.8962301, 101.7776465 2.8955951, 101.7798163 2.89311, 101.78341 2.8934505, 101.786703 2.8937454, 101.7889692 2.8939816, 101.7899028 2.895583, 101.7930917 2.894506, 101.7977038 2.8928329, 101.8015805 2.8913499, 101.8046845 2.890175, 101.8076584 2.8879032, 101.8101799 2.8859761, 101.8133951 2.8834869, 101.8157688 2.881637, 101.8183658 2.8796207, 101.8211745 2.8774629, 101.823946 2.8753307, 101.8276105 2.8725353, 101.8309708 2.8699575, 101.834419 2.8720439, 101.8369449 2.8751358, 101.83869 2.8780333, 101.8399045 2.8793225, 101.8422257 2.8815384, 101.8468923 2.8811297, 101.8519835 2.8806452, 101.8558234 2.880323, 101.8567758 2.8767649, 101.857851 2.8727691, 101.8621318 2.8720948, 101.8663735 2.87144, 101.8698618 2.8721192, 101.8726309 2.8724368, 101.8763431 2.8728584, 101.8774924 2.8735683, 101.8797014 2.8749025, 101.8822141 2.8770164, 101.8866819 2.8774312, 101.8882374 2.8809853, 101.8890082 2.8829583, 101.8903697 2.8857887, 101.8934806 2.8859684, 101.8971223 2.8861759, 101.9005669 2.8863122, 101.9041052 2.8865439, 101.907759 2.88675, 101.911639 2.8869527, 101.9151497 2.8871621, 101.9187836 2.8873449, 101.92031292832988 2.887423727863783, 101.92790599315728 2.8828296878343918)"
way/314846699-275,way/755391602-275,275.0,1843.3350719551768,42691.47,Al/St 240/40 3-bundle 300.0,"LINESTRING (101.85690604959845 5.742350872920082, 101.85452571556787 5.748670820669675, 101.8549964 5.75172, 101.8552649 5.7535261, 101.8556542 5.7561062, 101.8562382 5.759858, 101.8587952 5.7628446, 101.8604914 5.7648041, 101.8628886 5.7676026, 101.8646933 5.7697112, 101.8666282 5.7719984, 101.8684476 5.774151, 101.8699031 5.7758096, 101.8718381 5.7780918, 101.8732592 5.7797699, 101.8745303 5.7812767, 101.8767161 5.7838158, 101.8784586 5.785832, 101.8806179 5.7883366, 101.8823755 5.7904006, 101.884485 5.7928957, 101.8858471 5.7944563, 101.8869437 5.7957625, 101.8880304 5.7970051, 101.8894614 5.7987125, 101.8919689 5.8016018, 101.8936752 5.803632, 101.8952983 5.8054941, 101.8980139 5.8072168, 101.9004479 5.8083826, 101.9031009 5.8099081, 101.9057921 5.8114716, 101.9077115 5.8125976, 101.9112894 5.8146575, 101.9166005 5.8177182, 101.9177782 5.8184079, 101.9231297 5.8215584, 101.92475 5.8224924, 101.9296875 5.8253358, 101.9315477 5.8289298, 101.9328102 5.832398, 101.9353032 5.8348782, 101.9394387 5.8342961, 101.9425707 5.8338839, 101.9458973 5.8334051, 101.9487881 5.8329973, 101.9516455 5.8324471, 101.9536415 5.8320803, 101.9567046 5.8315125, 101.9591898 5.8310505, 101.9630435 5.8303557, 101.9655358 5.8298725, 101.9678828 5.8294528, 101.9703148 5.8290084, 101.9730305 5.8285111, 101.9754731 5.8280208, 101.9782597 5.8275024, 101.9811916 5.8270157, 101.9852757 5.8262362, 101.9882041 5.8256613, 101.9908666 5.825164, 101.993795 5.8246068, 101.9958299 5.8242188, 101.9994284 5.8235734, 102.0036897 5.8227728, 102.0066252 5.8222296, 102.009192 5.8217746, 102.0101137 5.8215912, 102.0136416 5.8216296, 102.0166327 5.8216743, 102.0192211 5.8217191, 102.0217124 5.8217564, 102.0240352 5.8218152, 102.0262327 5.8218384, 102.0296863 5.8218981, 102.0324776 5.8219235, 102.0359423 5.8220702, 102.0385257 5.8220256, 102.0415954 5.8220889, 102.0438945 5.8221821, 102.047284 5.8223194, 102.0490528 5.8223718, 102.0531036 5.8224694, 102.0545193 5.8224956, 102.0573399 5.8225403, 102.0602296 5.8226051, 102.0619196 5.8226516, 102.0646491 5.8226321, 102.0681251 5.8227067, 102.070204 5.8227746, 102.0734847 5.8228484, 102.0778309 5.8229012, 102.0807107 5.8229645, 102.0842446 5.8231016, 102.0873474 5.8231692, 102.0907849 5.8232598, 102.0957477 5.8233808, 102.0982136 5.8227097, 102.1017485 5.8215819, 102.103709 5.821055, 102.1067469 5.8200171, 102.107564 5.819738, 102.1099173 5.8190984, 102.111128 5.8191357, 102.1142016 5.8190736, 102.1172447 5.8190972, 102.1221309 5.8190668, 102.12309608647664 5.819037430817209, 102.1284282518209 5.813953142061513)"
MY4-275,MY5-275,275.0,1843.3350719551768,52346.14,Al/St 240/40 3-bundle 300.0,"LINESTRING (101.3563201 5.551478788007923, 101.35810905568502 5.554422037907089, 101.3587315 5.5554461, 101.3593074 5.5564289, 101.3606203 5.5585065, 101.3640041 5.5606062, 101.366374 5.5620446, 101.3715982 5.5652405, 101.374816 5.5672089, 101.377839 5.5690426, 101.3796636 5.5701105, 101.3830334 5.5686117, 101.3861111 5.5673457, 101.3876658 5.5666933, 101.3891671 5.5660632, 101.3939147 5.5641625, 101.3981305 5.5648183, 101.4026681 5.5655019, 101.4040496 5.5656578, 101.4060691 5.5662055, 101.407455 5.5665894, 101.4114333 5.5677024, 101.4153322 5.5688003, 101.4181402 5.5695658, 101.4199583 5.5700359, 101.4216712 5.5717714, 101.4245047 5.5746423, 101.4266877 5.576317, 101.4292628 5.5782924, 101.4317854 5.5802276, 101.4369272 5.5815815, 101.4380426 5.5818845, 101.4422461 5.5829394, 101.4469719 5.5841523, 101.4497282 5.5848645, 101.4533802 5.5857168, 101.4568445 5.5866126, 101.4596886 5.5872969, 101.464822 5.5886033, 101.4700726 5.5899408, 101.4736433 5.5908429, 101.4769015 5.5916594, 101.478011 5.5919393, 101.4802613 5.5925458, 101.4855197 5.5938289, 101.4916779 5.5953884, 101.4946669 5.5960867, 101.5000882 5.5934806, 101.5023335 5.5944873, 101.5070387 5.595639, 101.5117362 5.5956313, 101.5140045 5.5956466, 101.5177824 5.5956237, 101.5213226 5.5955801, 101.5234034 5.5956017, 101.5267087 5.5955801, 101.5316289 5.5955478, 101.5369283 5.5955154, 101.5388249 5.5954291, 101.5443519 5.5953644, 101.5485893 5.5952781, 101.5524365 5.5951918, 101.5587005 5.59503, 101.565062 5.594879, 101.5679772 5.5947928, 101.5710659 5.5947065, 101.5767229 5.594577, 101.5776333 5.5945339, 101.5827485 5.5944205, 101.5845761 5.5943671, 101.5871885 5.5942627, 101.5932099 5.5941395, 101.5991861 5.5940644, 101.6036548 5.5938989, 101.605429 5.5938653, 101.6081234 5.5938474, 101.6129485 5.5937246, 101.6190171 5.593571, 101.6215364 5.5941687, 101.6267595 5.5963037, 101.6301683 5.5976826, 101.6319228 5.5983924, 101.6367959 5.6003636, 101.6390361 5.6012699, 101.6414426 5.6022309, 101.6442238 5.6034304, 101.6478232 5.6050417, 101.649003 5.6055427, 101.6522858 5.6069398, 101.6541344 5.6077298, 101.6580769 5.6093878, 101.6598689 5.6114341, 101.6609803 5.6127276, 101.6627353 5.6147396, 101.6642189 5.6164583, 101.6655707 5.6183322, 101.6669255 5.6208501, 101.6693366 5.6222804, 101.6718875 5.6237608, 101.674015 5.6249783, 101.677406 5.6269194, 101.6792143 5.6279617, 101.6815609 5.6293115, 101.6844777 5.6309747, 101.6866128 5.6321989, 101.6889138 5.6335288, 101.692354 5.6355099, 101.6945855 5.6379647, 101.6964089 5.6399574, 101.6979098 5.642408, 101.6975577 5.6434482, 101.69746560998256 5.643703304892267, 101.69608949911067 5.649048288614925)"
MY64-275,way/235501402-275,275.0,1843.3350719551768,34436.67,Al/St 240/40 3-bundle 300.0,"LINESTRING (103.42531471494021 1.7595352988929214, 103.4323022451414 1.7638226404122466, 103.4327375 1.7643827, 103.4353379 1.7624831, 103.4368412 1.7587286, 103.4383262 1.7549555, 103.4397543 1.7513271, 103.4405011 1.7494294, 103.4431029 1.7460675, 103.4453278 1.7431951, 103.4482063 1.7394659, 103.4518526 1.7394011, 103.4547866 1.739349, 103.4584719 1.7392525, 103.461202 1.7392267, 103.4654352 1.7391346, 103.4694825 1.7390465, 103.4736466 1.7389559, 103.477453 1.7388731, 103.4816466 1.7388301, 103.485511 1.7387467, 103.4884805 1.7386199, 103.4905431 1.7363309, 103.492034 1.7345754, 103.494577 1.7315072, 103.4971845 1.7283435, 103.4989745 1.7237892, 103.4995032 1.7224226, 103.5009538 1.7187119, 103.502434 1.7148467, 103.503523 1.7120955, 103.5045175 1.7095058, 103.5061037 1.7053755, 103.5074748 1.7019048, 103.5079911 1.7005981, 103.509322 1.697229, 103.5102717 1.6946721, 103.5109166 1.6929508, 103.5112134 1.6921588, 103.5136413 1.6908834, 103.5158276 1.6895866, 103.5183631 1.6881594, 103.5216619 1.6862581, 103.5254261 1.6841291, 103.5279064 1.6827259, 103.5311158 1.6808937, 103.53404 1.6792557, 103.5370315 1.6775632, 103.5412189 1.6764812, 103.5448235 1.6755802, 103.5479922 1.6747881, 103.5514551 1.6739137, 103.5549409 1.6730112, 103.5584904 1.6721206, 103.5615102 1.6712807, 103.5625654 1.670449, 103.5653033 1.6677448, 103.567469 1.6656177, 103.5705548 1.6626024, 103.5733355 1.6598601, 103.5759798 1.6572523, 103.5791709 1.6541052, 103.5819173 1.6513967, 103.5850094 1.6483657, 103.587131 1.6462628, 103.5897902 1.6450082, 103.5916055 1.6441518, 103.5930385 1.6434907, 103.595173 1.642506, 103.5976449 1.6413744, 103.6017429 1.6394983, 103.6051799 1.6379249, 103.609174 1.636106, 103.612862 1.6344033, 103.615804 1.6330449, 103.6181399 1.6311111, 103.6213473 1.6284659, 103.6243262 1.6259968, 103.6274993 1.6233667, 103.6277837 1.6230033, 103.6295056 1.619227, 103.6304793 1.6169852, 103.6316943 1.6142937, 103.6327726 1.6118857, 103.6342359 1.608498, 103.6344209 1.6042973, 103.6345509 1.6001771, 103.6346769 1.5963269, 103.6347681 1.5919378, 103.6332339 1.5892995, 103.6317211 1.5866536, 103.6346099 1.5837499, 103.6367181 1.5816747, 103.6381906 1.5802397, 103.6399287 1.5785564, 103.6418245 1.5766242, 103.6444455 1.5740091, 103.6453736 1.5730734, 103.6468139 1.5716819, 103.6478074 1.5690063, 103.6488658 1.5661559, 103.6497027 1.5640109, 103.6508059 1.5610749, 103.6521086 1.5576078, 103.65252238866763 1.5564616424992554, 103.65709987655066 1.5514824532558715)"
way/235501402-500,way/235851822-500,500.0,4468.691083527704,50154.54,Al/St 240/40 4-bundle 380.0,"LINESTRING (103.42559120686926 1.7593842771057087, 103.42423422453825 1.7546172283627608, 103.4233595 1.7538801, 103.4193366 1.7505688, 103.4184198 1.7473399, 103.4168423 1.7421089, 103.4144852 1.7391567, 103.4128207 1.7369897, 103.4104872 1.7339709, 103.4077294 1.7303773, 103.4049498 1.7267553, 103.4023428 1.7233825, 103.4012322 1.7219456, 103.4038729 1.7185499, 103.4059382 1.7158849, 103.4074939 1.7138688, 103.4097778 1.7109339, 103.4118551 1.708614, 103.4138604 1.7063952, 103.4161198 1.7038954, 103.4176165 1.7021903, 103.4205294 1.6989409, 103.4229702 1.6961955, 103.425234 1.6936807, 103.4279377 1.6906511, 103.4305394 1.6877129, 103.4334094 1.6845197, 103.4365985 1.6809807, 103.439911 1.6772782, 103.443119 1.673699, 103.4461096 1.6703369, 103.4454632 1.6658998, 103.4448294 1.6614651, 103.4441829 1.6570447, 103.4434984 1.6523644, 103.4428555 1.6479688, 103.4422759 1.6440058, 103.4416118 1.6395927, 103.4409322 1.6350406, 103.4402679 1.6305914, 103.4396055 1.6261549, 103.4389915 1.6216954, 103.4383057 1.6170836, 103.4409844 1.6131046, 103.4436385 1.6091619, 103.4462778 1.605183, 103.4489714 1.6011793, 103.4516315 1.5972254, 103.4528492 1.592721, 103.4540079 1.5883668, 103.4552747 1.5837712, 103.4565461 1.5790362, 103.4578014 1.574312, 103.4590996 1.5696038, 103.460397 1.5647562, 103.4616576 1.5601123, 103.4626615 1.5564444, 103.4637344 1.5524547, 103.4635888 1.5479181, 103.4634332 1.5431133, 103.4632737 1.5382176, 103.4631168 1.5334048, 103.4629558 1.528463, 103.4627559 1.5236531, 103.4626186 1.5186979, 103.4624354 1.513153, 103.4622928 1.5089786, 103.4621297 1.5042029, 103.4619634 1.4991835, 103.4617979 1.4942017, 103.4616361 1.489193, 103.4614752 1.4843452, 103.4613043 1.4795137, 103.4611541 1.4747356, 103.460976 1.4696859, 103.4608226 1.4651368, 103.4632141 1.4617151, 103.4653974 1.4586262, 103.4674895 1.455666, 103.4696138 1.4525985, 103.470407 1.4507696, 103.4724937 1.4460129, 103.4743667 1.4416318, 103.4762335 1.4372826, 103.4781639 1.4328313, 103.4800575 1.4284821, 103.4816186 1.4248623, 103.4834639 1.4206042, 103.4853148 1.4162926, 103.4869079 1.4125815, 103.4880183 1.4099913, 103.4899825 1.4055619, 103.4904591 1.4010568, 103.4909044 1.3968738, 103.4913719 1.3922085, 103.4917903 1.3881756, 103.4922731 1.3837727, 103.4927935 1.3790158, 103.4931958 1.375176, 103.4936196 1.3711753, 103.4939361 1.368215, 103.4971923 1.3657695, 103.500427 1.3633133, 103.5036511 1.3608893, 103.5063976 1.3588246, 103.5094661 1.3565132, 103.5125667 1.3541588, 103.5154957 1.3519547, 103.5187143 1.3495414, 103.521933 1.3471012, 103.5251677 1.3446557, 103.526449 1.3410837, 103.5277695 1.3374962, 103.53035734392304 1.3367477140444162, 103.53686534812019 1.3356948538343645)"
way/235501402-500,way/755668283-500,500.0,4468.691083527704,56049.27,Al/St 240/40 4-bundle 380.0,"LINESTRING (103.05045626888098 2.0773971142897576, 103.05612485085982 2.080450584671271, 103.0580074 2.0806199, 103.0632097 2.0811221, 103.0676161 2.0815475, 103.0712628 2.0818996, 103.0757026 2.0823139, 103.0786356 2.0825987, 103.0825378 2.0829776, 103.0865127 2.0833637, 103.090524 2.0837532, 103.0937718 2.0840686, 103.0973648 2.0844175, 103.100974 2.084768, 103.1044091 2.0851259, 103.1080697 2.0854705, 103.1163617 2.0862553, 103.1215705 2.0867484, 103.1265917 2.0872368, 103.1299177 2.0875712, 103.1341314 2.0879764, 103.1378381 2.0883394, 103.1424446 2.0887905, 103.1462947 2.0891675, 103.1514814 2.0896824, 103.1540775 2.0899296, 103.1580187 2.0903213, 103.161321 2.0906539, 103.1643923 2.0891416, 103.1670308 2.087693, 103.1705797 2.0857263, 103.1734004 2.0841937, 103.1768448 2.082277, 103.1804318 2.0803085, 103.1839349 2.0783729, 103.1873009 2.0765194, 103.1909104 2.0745403, 103.1942682 2.0726683, 103.1979952 2.070619, 103.2007641 2.0690794, 103.2048657 2.0668452, 103.2078758 2.0651741, 103.2108235 2.0635766, 103.2143506 2.0616319, 103.2179146 2.0596738, 103.2211058 2.0579302, 103.22448 2.0560498, 103.2275793 2.0543651, 103.2310823 2.0524486, 103.2343706 2.0506151, 103.2376564 2.0487978, 103.2403573 2.0473181, 103.2442948 2.0451523, 103.2459699 2.0424879, 103.2473673 2.0402121, 103.2491201 2.0372904, 103.2505859 2.0349804, 103.2526217 2.0318703, 103.2547273 2.0285344, 103.256521 2.0256904, 103.2581833 2.0230246, 103.2607569 2.0189529, 103.2624675 2.0162743, 103.2641754 2.0135308, 103.2661696 2.0103939, 103.2677306 2.0079036, 103.2701151 2.0041227, 103.2720114 2.0011164, 103.2739909 1.9979828, 103.276826 1.9934754, 103.2787064 1.9905954, 103.2812474 1.9865939, 103.2843676 1.9816334, 103.2863653 1.9783528, 103.2886076 1.9747876, 103.2900962 1.9724293, 103.2921568 1.9691617, 103.2956699 1.9675499, 103.2998796 1.9656534, 103.3050039 1.9632395, 103.308083 1.9618921, 103.3122082 1.9600049, 103.3140375 1.9569115, 103.3165642 1.9526439, 103.3190479 1.9484781, 103.3212258 1.9448056, 103.3193566 1.940352, 103.3175458 1.9359755, 103.3158078 1.9317615, 103.3182784 1.9277849, 103.3203453 1.9245511, 103.3229103 1.9204382, 103.3256568 1.916074, 103.3282937 1.9118669, 103.3304127 1.9092827, 103.3329769 1.9061248, 103.3352323 1.9033996, 103.3385154 1.8993517, 103.3416672 1.8955145, 103.3441778 1.8924209, 103.3464772 1.8897534, 103.35014 1.8851652, 103.3522641 1.8825177, 103.354218 1.8802928, 103.3573877 1.8764006, 103.3592353 1.8741278, 103.3620923 1.8706424, 103.36377 1.8684738, 103.365687 1.8661324, 103.367279 1.864294, 103.3694176 1.861576, 103.3715989 1.8588945, 103.3745511 1.8552654, 103.3774383 1.851724, 103.3796563 1.8490034, 103.3822289 1.8458479, 103.384811 1.8426806, 103.3873455 1.8395719, 103.389891 1.8364601, 103.3924664 1.8333117, 103.3949578 1.8302661, 103.3971055 1.8276405, 103.4007865 1.8231248, 103.4031691 1.820202, 103.4059008 1.8168509, 103.4085023 1.8136594, 103.4110318 1.8105563, 103.4138483 1.8071011, 103.4159594 1.8045113, 103.4188235 1.8010425, 103.4209049 1.7985064, 103.423217 1.7956378, 103.4259622 1.7923205, 103.4276949 1.790149, 103.4297726 1.7876056, 103.4315318 1.7854826, 103.4334307 1.7831981, 103.4349704 1.7812896, 103.4342878 1.7775969, 103.4337151 1.7744104, 103.4326047 1.7724212, 103.4320039 1.770019, 103.4331411 1.7662979, 103.4316639827633 1.7647511228847306, 103.42559120686926 1.7593842771057087)"
MY66-275,way/397123940-275,275.0,1843.3350719551768,2408.52,Al/St 240/40 3-bundle 300.0,"LINESTRING (103.83586875712844 1.5051397313315522, 103.83964937206386 1.5130099952190097, 103.8393643 1.5141828, 103.8385803 1.5173786, 103.83856791857485 1.5174259426798553, 103.83818444798912 1.5237467110011458)"
way/397123940-275,way/496114385-275,275.0,1843.3350719551768,13191.93,Al/St 240/40 3-bundle 300.0,"LINESTRING (103.83818444798912 1.5237467110011458, 103.83887089413268 1.5296489339072148, 103.8389164 1.530375, 103.8422611 1.5303723, 103.8457024 1.5303509, 103.8485992 1.5303777, 103.8528773 1.5303723, 103.8567504 1.5304072, 103.8606289 1.5304152, 103.8628095 1.5293588, 103.8640836 1.5293481, 103.8686407 1.5293427, 103.872428 1.529349, 103.8760378 1.5293489, 103.8800098 1.5293122, 103.8844389 1.5293588, 103.8855238 1.5293735, 103.888135 1.5294164, 103.8904229 1.5294365, 103.8919598 1.529458, 103.8937703 1.5294955, 103.8952374 1.5295089, 103.8965973 1.5295277, 103.8989577 1.5295465, 103.9011946 1.5295545, 103.9040673 1.529584, 103.9063364 1.529584, 103.9087316 1.5295958, 103.915067 1.5296269, 103.9166951 1.529635, 103.9189964 1.5296698, 103.9190206 1.5269403, 103.9190814 1.5244417, 103.9190575593993 1.5229808380165353, 103.9186246002022 1.515428230436364)"
way/235501402-275,MY73-275,275.0,1843.3350719551768,74577.88,Al/St 240/40 3-bundle 300.0,"LINESTRING (103.42531471494021 1.7595352988929214, 103.43206981944593 1.7641831250757647, 103.432687 1.7648824, 103.4355659 1.7626663, 103.4367959 1.7595433, 103.4379348 1.7565945, 103.439093 1.753687, 103.4407138 1.7495404, 103.4437474 1.7457243, 103.445486 1.7434404, 103.4483752 1.7396697, 103.4515088 1.7396743, 103.4563307 1.7394996, 103.4585647 1.7394669, 103.4610055 1.7394527, 103.4644073 1.7393925, 103.4696849 1.7392991, 103.4733675 1.7392339, 103.4768585 1.7391722, 103.4794616 1.7423452, 103.4819748 1.7453908, 103.4843976 1.7444156, 103.4858793 1.7438803, 103.4899165 1.7421883, 103.4932528 1.7408507, 103.4967206 1.7394715, 103.4984735 1.7387743, 103.501344 1.7386998, 103.505724 1.7386158, 103.5100211 1.7385064, 103.5134228 1.737036, 103.5160707 1.7358702, 103.519341 1.7343948, 103.5225321 1.7330172, 103.5258296 1.7315639, 103.5269112 1.7311021, 103.5312482 1.7312694, 103.5358307 1.7314462, 103.5405025 1.7316193, 103.5446566 1.7318316, 103.5493699 1.7320724, 103.5538677 1.7322933, 103.5564124 1.731391, 103.558414 1.7307233, 103.5613705 1.7297371, 103.5639115 1.7289133, 103.567224 1.7277791, 103.5710907 1.7264563, 103.574978 1.7296575, 103.5789095 1.732895, 103.5805702 1.734234, 103.5824347 1.7358932, 103.5854177 1.7385725, 103.5890025 1.7417922, 103.5910269 1.7436088, 103.5933178 1.7418501, 103.5965617 1.7393597, 103.5997633 1.736947, 103.603534 1.7341054, 103.6061878 1.73205, 103.6099399 1.7291807, 103.6133594 1.7265761, 103.6168974 1.7238687, 103.6193324 1.722001, 103.6220393 1.7200411, 103.6259044 1.7172, 103.6291321 1.7148471, 103.6316723 1.7129985, 103.6340504 1.7121535, 103.6372308 1.7109852, 103.6392717 1.71025, 103.6413369 1.7088018, 103.6444079 1.7066783, 103.6472139 1.7047518, 103.6502661 1.7026509, 103.6532895 1.7005474, 103.6558248 1.7036717, 103.6576138 1.7058801, 103.6592852 1.7047596, 103.6611167 1.7034693, 103.6634601 1.7007937, 103.6653759 1.6985185, 103.6669185 1.6967985, 103.6680777 1.69547, 103.6701281 1.6929778, 103.6716422 1.6913684, 103.6750108 1.687513, 103.6762881 1.6860551, 103.6778251 1.6842462, 103.6801857 1.6817371, 103.6826405 1.679116, 103.6839429 1.6777283, 103.6854589 1.6761129, 103.6863209 1.675118, 103.6882379 1.6762904, 103.6902416 1.6775159, 103.6922636 1.678725, 103.6943476 1.679856, 103.6976465 1.6816368, 103.6995947 1.6828659, 103.7028334 1.6848777, 103.7046965 1.686035, 103.7070662 1.6860263, 103.7094129 1.6860177, 103.713479 1.6860028, 103.7177366 1.6859736, 103.7223726 1.6843622, 103.7262341 1.6830201, 103.7292118 1.6819851, 103.7336314 1.680449, 103.7366108 1.6794135, 103.7394908 1.6783929, 103.7433745 1.6770111, 103.7468282 1.6758123, 103.7509638 1.6743767, 103.7542661 1.67321, 103.7582312 1.6718092, 103.7606264 1.6709649, 103.7648377 1.6694805, 103.7674521 1.6665273, 103.7709249 1.6626091, 103.7724354 1.6609134, 103.7745428 1.6585474, 103.7769388 1.6558575, 103.7768325 1.6525702, 103.77667 1.6485128, 103.7764779 1.6445178, 103.776308 1.6403459, 103.7790974 1.6392365, 103.7839659 1.6373945, 103.7874317 1.6360455, 103.7908716 1.6347099, 103.793417 1.6337045, 103.7970134 1.6323151, 103.8010204 1.6307522, 103.8095243 1.6274612, 103.8122 1.6264257, 103.8156012 1.6250764, 103.8168984 1.6246389, 103.8183152 1.6231744, 103.8210137 1.6206387, 103.8247222 1.6168677, 103.8279167 1.6138836, 103.8305292 1.6112641, 103.8320982 1.6098002, 103.8359553 1.6074301, 103.839136 1.6054441, 103.8404265 1.6042475, 103.8379133 1.6013868, 103.8374305 1.5990863, 103.8367277 1.5959413, 103.8352525 1.5926917, 103.8358453 1.5882785, 103.8364957 1.5829751, 103.8369551 1.5792164, 103.837372 1.5760533, 103.8377714 1.5728279, 103.8382833 1.5686944, 103.8388257 1.5644513, 103.8392297 1.561245, 103.8396705 1.5576789, 103.8394962 1.5538857, 103.8393482 1.5498998, 103.8391417 1.5453792, 103.8390147 1.542414, 103.8388208 1.5378849, 103.8386958 1.534376, 103.8392259 1.5317834, 103.8391423 1.529925, 103.8390004 1.5256597, 103.83885 1.5230602, 103.8378433 1.5211817, 103.8384685 1.5187791, 103.8392061 1.5162796, 103.8399509 1.5129946, 103.8405092 1.510898, 103.8409315 1.5093122, 103.8414247 1.5067737, 103.841958 1.5052676, 103.8444981 1.5033505, 103.847698 1.5009212, 103.8506672 1.4987628, 103.8535961 1.4954487, 103.856568 1.492089, 103.8603356 1.4878802, 103.8627663 1.485099, 103.8656138 1.4819015, 103.8675866 1.4796687, 103.8707622 1.4760887, 103.8741814 1.4721573, 103.8764094 1.4696247, 103.8767898 1.4693628, 103.8785953 1.468411, 103.8819873 1.4667031, 103.8857356 1.4648757, 103.8860079 1.4645756, 103.8870422 1.4621091, 103.8870398 1.4616798, 103.8858316 1.4591295, 103.8843565 1.4560896, 103.88440694384803 1.4540443252812265, 103.88321528994885 1.4501504556881855)"
way/235966081-275,way/399307647-275,275.0,1843.3350719551768,82975.78,Al/St 240/40 3-bundle 300.0,"LINESTRING (111.91876209557745 2.294821258572495, 111.92159069017883 2.298164582622818, 111.9227536 2.2993636, 111.9257428 2.3022126, 111.9297067 2.3060431, 111.9316939 2.3079565, 111.9345581 2.3107215, 111.9380325 2.3140444, 111.9410673 2.3169624, 111.9440798 2.3198664, 111.9464352 2.322146, 111.9495452 2.325105, 111.9519307 2.3273683, 111.9550353 2.3302696, 111.9569689 2.332131, 111.9593054 2.3343225, 111.9625933 2.3343549, 111.9654369 2.3343828, 111.9683331 2.3343074, 111.971786 2.3342175, 111.9745817 2.3341885, 111.9775771 2.3341628, 111.9819129 2.3341092, 111.9847156 2.334058, 111.989076 2.3340159, 111.9919044 2.3339797, 111.9948999 2.3339414, 111.9988398 2.3338575, 112.0007886 2.3339117, 112.0036786 2.333864, 112.007529 2.3338246, 112.0101172 2.3337749, 112.0143351 2.3337231, 112.0162978 2.333656, 112.0204746 2.333647, 112.0231079 2.333567, 112.0264909 2.3335711, 112.0297075 2.3334543, 112.0336922 2.3334121, 112.0366309 2.3334198, 112.0407078 2.333377, 112.0442941 2.3333156, 112.0493059 2.3332042, 112.0521291 2.3331886, 112.0549255 2.3331371, 112.0581802 2.3330771, 112.0615429 2.3362687, 112.0641607 2.3387284, 112.0670497 2.3415853, 112.0685457 2.3429678, 112.0710696 2.3453514, 112.0734004 2.3475567, 112.0750459 2.3491511, 112.0781627 2.3520934, 112.0809685 2.3547823, 112.083342 2.3570569, 112.086499 2.359959, 112.0890324 2.3624192, 112.0909745 2.364305, 112.09397 2.3670865, 112.0959841 2.3690544, 112.0992166 2.3720697, 112.1019024 2.3746361, 112.1039917 2.3765976, 112.1062097 2.3786798, 112.1088619 2.3812531, 112.1111951 2.3834539, 112.112842 2.3850073, 112.1146685 2.3867106, 112.1165802 2.3884933, 112.1186504 2.3904981, 112.1211381 2.3929071, 112.123581 2.3952249, 112.1259051 2.3969539, 112.1283693 2.3987872, 112.1312672 2.4009927, 112.133505 2.4026978, 112.1362003 2.4047515, 112.1382102 2.4062506, 112.1410272 2.4083516, 112.1437419 2.410358, 112.1465442 2.4124751, 112.1495112 2.4147548, 112.1529547 2.4173238, 112.1548868 2.4187652, 112.1587052 2.419571, 112.1617676 2.4202173, 112.1649729 2.4209691, 112.1696252 2.4219451, 112.1725061 2.4225496, 112.1767952 2.4234494, 112.1809748 2.4243264, 112.1840253 2.425043, 112.1878752 2.4259475, 112.1910029 2.4265896, 112.194089 2.4272231, 112.1968473 2.4278946, 112.2014786 2.4288287, 112.2049704 2.4295329, 112.2084629 2.4303083, 112.2127639 2.4312375, 112.2174631 2.4322526, 112.2223303 2.4333041, 112.2257614 2.4340453, 112.2300303 2.434972, 112.234828 2.4360136, 112.2393282 2.4369905, 112.2417924 2.4375254, 112.2463939 2.4385243, 112.2500818 2.4393249, 112.2540426 2.4401848, 112.2560218 2.4405705, 112.2575233 2.4424559, 112.2590286 2.4444111, 112.260227 2.4459096, 112.2624968 2.4487475, 112.2656112 2.4526417, 112.2682853 2.4559852, 112.2713398 2.4598044, 112.273926 2.4630588, 112.2771192 2.4670252, 112.278939 2.4693377, 112.2810472 2.4719601, 112.2833648 2.4748691, 112.2851293 2.4765038, 112.2890145 2.4801081, 112.2908588 2.4818191, 112.2928081 2.485372, 112.2950792 2.4895253, 112.2969707 2.4919449, 112.2993062 2.4948401, 112.3021657 2.4984115, 112.3045346 2.5013912, 112.3061666 2.503444, 112.3077949 2.5054921, 112.3098457 2.5080348, 112.3110267 2.5095237, 112.3134723 2.5125404, 112.3148433 2.5142792, 112.3182253 2.518517, 112.3207211 2.5217128, 112.3223993 2.5238618, 112.32519 2.5272348, 112.3271576 2.5297344, 112.3297428 2.5329501, 112.3308429 2.534349, 112.3334477 2.5376039, 112.3352548 2.539862, 112.3375197 2.5427315, 112.3396755 2.5453861, 112.3423631 2.5465458, 112.34264141553577 2.5474120897989057, 112.34478620118158 2.5518255691757115)"
way/513083092-275,way/236051516-275,275.0,1843.3350719551768,17349.45,Al/St 240/40 3-bundle 300.0,"LINESTRING (113.34194121562304 3.5297847172803785, 113.34705555492657 3.52282318804999, 113.3481038 3.5218166, 113.3509056 3.5191143, 113.353312 3.5167934, 113.3552621 3.5148985, 113.3567829 3.5134207, 113.3586745 3.5115927, 113.3615174 3.5088452, 113.362771 3.5076337, 113.3652265 3.5052607, 113.366438 3.5023607, 113.3678717 3.4990205, 113.3695936 3.4950795, 113.3717563 3.4899103, 113.3727991 3.4874806, 113.3745518 3.4833655, 113.3762428 3.4793952, 113.3776615 3.4760641, 113.3792388 3.4723605, 113.3799357 3.4707243, 113.3810241 3.4681688, 113.3827614 3.4640899, 113.3846101 3.4597495, 113.3858464 3.4568468, 113.3869738 3.4541999, 113.3885856 3.4504654, 113.3899135 3.4473887, 113.3914907 3.4438332, 113.3931049 3.4399087, 113.3944684 3.4365936, 113.3958581 3.4333556, 113.3980352 3.4282829, 113.3988941 3.4261574, 113.4001172 3.4232015, 113.4008574 3.4214612, 113.4030086 3.4165829, 113.404612 3.4126467, 113.4056098 3.4103655, 113.4066203 3.4080599, 113.4077127 3.4055675, 113.4089577 3.4025744, 113.4101433 3.3998648, 113.4116989 3.3961217, 113.4135301 3.3918206, 113.4151048 3.3880995, 113.4162238 3.3855132, 113.4172969 3.3829423, 113.4189243 3.3791137, 113.4201377 3.3763117, 113.4206366 3.3750711, 113.4199263 3.3717669, 113.4192032 3.3684035, 113.41856 3.3653457, 113.4176545 3.3611488, 113.4189994 3.3586892, 113.42103547395281 3.357655079397178, 113.42757402796822 3.3535904190689036)"
MY48-275,MY47-275,275.0,921.6675359775888,2836.19,Al/St 240/40 3-bundle 300.0,"LINESTRING (101.48558860000001 3.024239293306126, 101.48873927785155 3.0253747710306538, 101.4896068 3.0256118, 101.4918768 3.0262595, 101.4943159 3.0269603, 101.4970763 3.0277512, 101.4996653 3.0284943, 101.50078908125244 3.028818423597234, 101.50407659999998 3.0297354932942895)"
MY62-275,MY61-275,275.0,1843.3350719551768,3875.01,Al/St 240/40 3-bundle 300.0,"LINESTRING (101.79214090449062 2.5307397930242717, 101.79549092346768 2.531961149492203, 101.7965589 2.531707, 101.7993216 2.5309996, 101.8008129 2.5325109, 101.8018421 2.5335007, 101.8028452 2.5345458, 101.8027602 2.536605, 101.8026315 2.5390595, 101.802551 2.541439, 101.8024276 2.5434165, 101.8020145 2.546364, 101.80173276926033 2.548248017422141, 101.80052852735432 2.5544394617119495)"
MY3-275,MY17-275,275.0,1843.3350719551768,83855.05,Al/St 240/40 3-bundle 300.0,"LINESTRING (102.16342160847037 5.723330843625896, 102.16423236812153 5.718242242900941, 102.1644828 5.716807, 102.1650525 5.7135418, 102.1655153 5.7108895, 102.1661833 5.7070612, 102.1664805 5.7053039, 102.1670239 5.7021976, 102.1672943 5.7006022, 102.1676678 5.6984263, 102.1681343 5.6957297, 102.1685473 5.6933387, 102.1690774 5.6902685, 102.1695765 5.6876547, 102.1701225 5.6844846, 102.1704282 5.6824869, 102.1706677 5.6809215, 102.17257 5.6780915, 102.1749242 5.6751918, 102.1763603 5.6734291, 102.1776527 5.6718226, 102.1784415 5.6708509, 102.1805298 5.6682783, 102.1834117 5.6647467, 102.1841337 5.6638245, 102.1855102 5.6621437, 102.188525 5.6584042, 102.1901113 5.6564938, 102.1919638 5.6541933, 102.1932652 5.6526307, 102.1966398 5.6484728, 102.1976619 5.6471611, 102.1984816 5.6461344, 102.1998518 5.6445275, 102.2014492 5.6424486, 102.2034829 5.6398849, 102.204894 5.6381095, 102.2067754 5.635718, 102.2087164 5.6332337, 102.2108562 5.6305507, 102.2123666 5.6286693, 102.2145462 5.6259598, 102.2159638 5.6241976, 102.2180572 5.6215742, 102.2199917 5.6192026, 102.2221513 5.6164732, 102.2233702 5.6149761, 102.2247614 5.6132205, 102.2263911 5.6112066, 102.2279943 5.6092192, 102.2292265 5.6060857, 102.2301076 5.6040056, 102.2309627 5.6018848, 102.2317902 5.5999513, 102.2323865 5.5982156, 102.2331947 5.5961354, 102.2343474 5.5933862, 102.236092 5.5889025, 102.2372558 5.5860026, 102.2379999 5.5841711, 102.239081 5.5815701, 102.2406962 5.5774937, 102.241364 5.5758657, 102.2422145 5.573682, 102.2431557 5.5712972, 102.2445039 5.5679077, 102.2459475 5.5641493, 102.2474762 5.5605178, 102.2481362 5.5588606, 102.2491135 5.5564623, 102.2501099 5.5545685, 102.2516281 5.5515792, 102.2532561 5.5483677, 102.2544453 5.5458366, 102.2554882 5.5438589, 102.2574278 5.5400305, 102.2583161 5.5360934, 102.2589477 5.5333913, 102.2595582 5.5308984, 102.2603404 5.5270764, 102.2607792 5.525105, 102.2613389 5.5227774, 102.2618858 5.5206598, 102.2623119 5.5183259, 102.2627824 5.5164625, 102.2634693 5.5134228, 102.2640798 5.5102558, 102.2648556 5.5069616, 102.2655679 5.5032922, 102.2661339 5.5007485, 102.2667316 5.4982238, 102.2673103 5.4956991, 102.2681371 5.4917944, 102.2688302 5.4883794, 102.2701276 5.4827196, 102.2704837 5.4809771, 102.270223 5.4786177, 102.2699177 5.4761948, 102.2697206 5.4744269, 102.2693136 5.4704586, 102.2690719 5.4681883, 102.2685504 5.4639975, 102.2680035 5.4589036, 102.2678127 5.457123, 102.2674248 5.4540323, 102.267215 5.4518892, 102.2668461 5.4483915, 102.2666299 5.4461721, 102.2664065 5.4439581, 102.2661275 5.4411927, 102.2658032 5.4379366, 102.2654661 5.4345852, 102.2650846 5.4309031, 102.2647138 5.4270422, 102.2646191 5.4256944, 102.2640196 5.4205379, 102.2639206 5.4184694, 102.2635339 5.4150519, 102.263354 5.4126056, 102.2632461 5.4099615, 102.2631202 5.4080009, 102.2628684 5.4052849, 102.2625806 5.4024609, 102.2624817 5.3999157, 102.2622662 5.3962023, 102.2618529 5.3914836, 102.2616958 5.3888539, 102.2624553 5.3863027, 102.2632987 5.3833273, 102.2638121 5.3814781, 102.2643098 5.3797861, 102.2654046 5.3758467, 102.2664837 5.3721955, 102.2670076 5.3701053, 102.2676048 5.3682299, 102.2684272 5.3652073, 102.269082 5.36296, 102.2697159 5.3609851, 102.2705226 5.3580358, 102.2713084 5.3554323, 102.2719999 5.3527502, 102.2732728 5.348418, 102.2736709 5.3471869, 102.2740638 5.3456049, 102.2751629 5.3417823, 102.2758449 5.3394706, 102.2771912 5.3343998, 102.2777419 5.3326039, 102.2789198 5.3282626, 102.2796977 5.3255808, 102.2809794 5.3211877, 102.2814757 5.3192022, 102.2826603 5.3151538, 102.2856775 5.3148695, 102.2883085 5.3146848, 102.2923567 5.3144511, 102.2948934 5.3142513, 102.2984704 5.3140026, 102.3030752 5.313686, 102.3039999 5.313603, 102.3068117 5.3134334, 102.3098422 5.3132336, 102.3135738 5.3129773, 102.3177629 5.3126571, 102.321207 5.3123557, 102.3226968 5.3122017, 102.3246041 5.3120045, 102.3282105 5.3116704, 102.3307662 5.3114607, 102.3346681 5.3110396, 102.3387962 5.3106337, 102.3408331 5.3104492, 102.3430544 5.3101956, 102.3467515 5.3098804, 102.3489586 5.3096816, 102.352155 5.3093424, 102.3537519 5.3083623, 102.3574125 5.3060603, 102.3615151 5.3036121, 102.3645819 5.3016214, 102.3683867 5.2992156, 102.3711461 5.2974323, 102.3728779 5.2963647, 102.3781406 5.2931203, 102.3813304 5.2913448, 102.383865 5.2900198, 102.3848892 5.2894001, 102.3872794 5.2878968, 102.3898558 5.2862445, 102.3917752 5.2850056, 102.3948781 5.2830542, 102.3979794 5.2811235, 102.400481 5.2795553, 102.4023759 5.2783681, 102.4039158 5.2773902, 102.4054302 5.2764676, 102.4097663 5.2754518, 102.4118246 5.2749556, 102.4170586 5.27373, 102.4189889 5.2732603, 102.4211338 5.2727605, 102.4255453 5.2716807, 102.4278352 5.2711778, 102.4290733 5.270866, 102.4334815 5.2698129, 102.4381663 5.2686792, 102.4409243 5.267905, 102.4460596 5.2675394, 102.4478366 5.267405, 102.4523744 5.2670832, 102.45415 5.266969, 102.4582415 5.2666728, 102.4604335 5.2665194, 102.4636941 5.266279, 102.467993 5.2659621, 102.4711618 5.265746, 102.4735537 5.2655829, 102.4767402 5.2653415, 102.4819368 5.2649714, 102.4831036 5.2646018, 102.4869475 5.2632335, 102.4895916 5.2622496, 102.4941769 5.2605163, 102.497187 5.2594749, 102.4994116 5.2585524, 102.5020713 5.2575985, 102.5041805 5.2568008, 102.5083968 5.2551942, 102.5139768 5.253086, 102.5152885 5.2526095, 102.5199639 5.2509134, 102.5223225 5.250301, 102.5268124 5.2489885, 102.5312738 5.2477327, 102.5343452 5.2468517, 102.5393648 5.2453901, 102.5427841 5.2444223, 102.548132 5.2429513, 102.5517001 5.2418764, 102.5561713 5.2406291, 102.5608148 5.239285, 102.5633155 5.2385691, 102.5648101 5.2381291, 102.5667448 5.237575, 102.5694403 5.2368304, 102.5743156 5.2353725, 102.5786665 5.2325677, 102.5801048 5.2285484, 102.5809199 5.2263869, 102.581695 5.2242135, 102.5831373 5.2202101, 102.5849272 5.2153957, 102.5853947 5.2141132, 102.5858028 5.2129552, 102.5863815 5.2113245, 102.5883767 5.2058655, 102.5896058 5.2025307, 102.5908923 5.1990108, 102.5915475 5.1972409, 102.5924305 5.1947438, 102.5932655 5.1924624, 102.5947038 5.188539, 102.5960822 5.1846915, 102.5968337 5.1828897, 102.5974606 5.1810517, 102.5983116 5.1785946, 102.599261 5.176056, 102.5996899 5.1749429, 102.6008647 5.1715228, 102.60149238435767 5.169828749572289, 102.60621239586776 5.166773660736206)"
MY17-275,MY18-275,275.0,1843.3350719551768,54487.49,Al/St 240/40 3-bundle 300.0,"LINESTRING (102.60621239586776 5.166773660736206, 102.61101828212752 5.165317423139167, 102.61347 5.1642313, 102.6152924 5.1642238, 102.618109 5.1642219, 102.6217127 5.1642195, 102.6231085 5.1642173, 102.6284246 5.1642273, 102.6303663 5.1657855, 102.633223 5.1680309, 102.6358411 5.1701738, 102.63708 5.1711645, 102.6403147 5.1737482, 102.6425601 5.1755981, 102.6446297 5.1755941, 102.6500274 5.1755261, 102.6515882 5.175498, 102.6543321 5.1754487, 102.6564679 5.1754103, 102.659013 5.1773734, 102.6606151 5.1786185, 102.6645665 5.1819786, 102.6673608 5.1842479, 102.6680575 5.1848051, 102.6690783 5.1876822, 102.669688 5.1893765, 102.6712952 5.1939128, 102.6724753 5.1971329, 102.6761422 5.2001891, 102.6784755 5.2021018, 102.6822517 5.2052104, 102.684009 5.2066127, 102.6899786 5.2047817, 102.6927374 5.2039694, 102.6961269 5.2029411, 102.7000502 5.2018148, 102.7051539 5.2003858, 102.706257 5.1999236, 102.708425 5.1999191, 102.7129916 5.1999163, 102.7154987 5.199959, 102.7172019 5.199952, 102.7204694 5.1999394, 102.723782 5.1999278, 102.7282209 5.199948, 102.7326857 5.1999308, 102.7391651 5.1999914, 102.7416096 5.2000143, 102.7446569 5.2000768, 102.7456909 5.2000461, 102.7511266 5.2000224, 102.7543773 5.2001069, 102.7581492 5.2001345, 102.7604283 5.2001243, 102.7624033 5.2001563, 102.767575 5.2001624, 102.7688679 5.2001913, 102.7736275 5.2002506, 102.7747636 5.2002358, 102.7814777 5.2004108, 102.782047 5.1986082, 102.7833293 5.1946425, 102.7846633 5.189962, 102.7854801 5.1874904, 102.786398 5.1846757, 102.7877185 5.1802558, 102.7886333 5.1774743, 102.7892324 5.1755732, 102.7906785 5.1708549, 102.7919459 5.1668913, 102.7928331 5.1640107, 102.7932825 5.1626396, 102.7944808 5.1587912, 102.7990732 5.1584871, 102.8007073 5.1584303, 102.8042909 5.1583719, 102.8088422 5.1582315, 102.8111114 5.1581775, 102.8152921 5.1579987, 102.8174884 5.1579371, 102.820428 5.1578837, 102.8240492 5.1578034, 102.8264766 5.1577546, 102.8293377 5.1576416, 102.8313163 5.1576202, 102.8331468 5.1575903, 102.8352545 5.1575338, 102.8374339 5.1574876, 102.8418191 5.1573819, 102.8437243 5.1572906, 102.8454835 5.1572433, 102.8488058 5.1571216, 102.8521124 5.1571437, 102.8549695 5.1560943, 102.8580859 5.1549564, 102.8592222 5.1545844, 102.8607072 5.1498273, 102.8616225 5.1469305, 102.8627028 5.1435268, 102.8634463 5.1410822, 102.8643989 5.1380934, 102.865996 5.1331029, 102.8666654 5.1309734, 102.8678243 5.1272488, 102.8692706 5.122639, 102.869942 5.1205059, 102.8702556 5.1194619, 102.8724098 5.1169792, 102.8735259 5.115698, 102.8755864 5.1133447, 102.878092 5.1105433, 102.8794017 5.1058891, 102.8800832 5.1034298, 102.8805141 5.1018833, 102.8808216 5.1007565, 102.8815982 5.0980024, 102.8825028 5.0947478, 102.8837944 5.0903324, 102.8873383 5.0884293, 102.8910311 5.0864454, 102.8949278 5.0843255, 102.8993132 5.0819548, 102.9020504 5.0805434, 102.9029111 5.0793596, 102.9038417 5.0780213, 102.9061192 5.0748982, 102.9085942 5.0716551, 102.9094136 5.0705508, 102.910045 5.0696844, 102.9112903 5.0679927, 102.9146855 5.0649764, 102.9168472 5.0630232, 102.9194817 5.0606736, 102.9231632 5.0572393, 102.9247005 5.0558121, 102.9248318 5.0550414, 102.9251113 5.0533558, 102.9251622 5.0495909, 102.925196 5.0470795, 102.925213 5.0448519, 102.925285 5.0398652, 102.9253189 5.0356429, 102.9234051 5.0329924, 102.919275 5.0321577, 102.9167171 5.0315223, 102.914921 5.0311335, 102.9135204 5.030804, 102.91161967065446 5.0294653829403115, 102.91053949941212 5.0255775904440165)"
way/559750680-275,way/396464338-275,275.0,1843.3350719551768,27559.85,Al/St 240/40 3-bundle 300.0,"LINESTRING (103.27390981924329 3.8104122063946333, 103.27131638646694 3.8175891533769826, 103.2712717 3.8185611, 103.2732707 3.8212955, 103.2750394 3.8237217, 103.2764334 3.8256132, 103.2784014 3.8276532, 103.2787717 3.8282943, 103.2804116 3.8311333, 103.2818936 3.8331748, 103.283791 3.8357751, 103.2861702 3.8391042, 103.2880724 3.8416739, 103.2892922 3.8433624, 103.2909217 3.845594, 103.292247 3.847478, 103.2945811 3.8506315, 103.2958071 3.8523137, 103.2976442 3.8548339, 103.2989654 3.8565142, 103.3008048 3.8591861, 103.3021922 3.8611195, 103.3040093 3.8636034, 103.3059337 3.8662484, 103.3079925 3.8690545, 103.3105122 3.8725365, 103.3118227 3.8743653, 103.3136922 3.8769902, 103.3156237 3.8807597, 103.3170106 3.8835134, 103.3183592 3.8861975, 103.3200555 3.8895296, 103.3211983 3.8918436, 103.323291 3.8959739, 103.3239756 3.8973416, 103.3256638 3.900702, 103.3272913 3.9039588, 103.32871 3.9067437, 103.3293611 3.9080463, 103.3309832 3.9112558, 103.332467 3.9141973, 103.3337597 3.9167742, 103.3355539 3.9203247, 103.3369244 3.9230665, 103.3378337 3.924879, 103.3387872 3.9267751, 103.3408902 3.9309629, 103.3421472 3.9334087, 103.3433826 3.9358988, 103.3447646 3.9386405, 103.3455968 3.9403315, 103.3472994 3.9436571, 103.3481561 3.945358, 103.3491249 3.9472864, 103.3495921 3.9482165, 103.3508033 3.9506273, 103.3517812 3.9525501, 103.3528277 3.9546107, 103.3540556 3.9571272, 103.3535143 3.9595932, 103.3538708 3.9596978, 103.3556469 3.9602178, 103.3571736 3.9606389, 103.3582824 3.9609348, 103.3592046 3.9640851, 103.3599527 3.9665397, 103.36081213577054 3.9693745847606485, 103.36163346965982 3.9753708172023354)"
way/286559640-275,MY1-275,275.0,1843.3350719551768,9155.54,Al/St 240/40 3-bundle 300.0,"LINESTRING (100.28305742221175 6.488172802447261, 100.28349138819657 6.481836291323816, 100.2837555 6.4811594, 100.2847615 6.4787707, 100.2856744 6.4763732, 100.2873894 6.4738161, 100.288874 6.4716003, 100.2903897 6.4692294, 100.290301 6.4662114, 100.290177 6.4632954, 100.290044 6.4606896, 100.2899244 6.4578134, 100.2897958 6.4547068, 100.2896319 6.4514939, 100.2894624 6.4483133, 100.2886514 6.4450161, 100.2878581 6.4420735, 100.2870737 6.4387054, 100.2864045 6.4366979, 100.2857265 6.4341408, 100.2850085 6.4314685, 100.2842596 6.428681, 100.2834973 6.4258669, 100.2828205 6.4233612, 100.282138 6.4208395, 100.28382470351471 6.4168618864976965, 100.28679302615997 6.409194494821051)"
MY1-275,way/286559638-275,275.0,1843.3350719551768,21994.51,Al/St 240/40 3-bundle 300.0,"LINESTRING (100.157814779632 6.340591266320247, 100.16236693659737 6.341372508823854, 100.1653198 6.3428873, 100.1672874 6.3438977, 100.1699376 6.3452936, 100.1726099 6.3466985, 100.1756411 6.3482363, 100.178535 6.3497076, 100.1806223 6.3508038, 100.1810832 6.3510459, 100.183658 6.3523887, 100.1882669 6.3542988, 100.1911386 6.3551585, 100.1938154 6.3567088, 100.1963718 6.3581893, 100.1989138 6.3598812, 100.201358 6.3615047, 100.2036645 6.3630524, 100.2058392 6.3644877, 100.2081519 6.3660232, 100.2107836 6.3655524, 100.2134723 6.3650071, 100.2161923 6.364512, 100.2187181 6.3655837, 100.2213566 6.3667306, 100.2239638 6.3678337, 100.2267904 6.3690621, 100.2291225 6.367551, 100.2320563 6.3690223, 100.235023 6.3704485, 100.2379216 6.3718931, 100.2403972 6.3731277, 100.2431235 6.3744439, 100.2442579 6.3759543, 100.2465455 6.3789375, 100.247636 6.3804104, 100.2494472 6.3826854, 100.251152 6.3849792, 100.2527501 6.3870913, 100.2546303 6.3894353, 100.2563852 6.3918043, 100.257979 6.3937748, 100.2599219 6.3947518, 100.2624309 6.3959893, 100.2651768 6.3973598, 100.2671208 6.3984136, 100.2692569 6.3994772, 100.2718893 6.4009131, 100.2746458 6.4024465, 100.2775618 6.4040241, 100.2798219 6.4052473, 100.28322855196546 6.407104103426057, 100.28679302615997 6.409194494821051)"
way/313430364-275,way/316035698-275,275.0,1843.3350719551768,50020.96,Al/St 240/40 3-bundle 300.0,"LINESTRING (100.78849054897425 4.327021554907294, 100.79490488548919 4.324867746796699, 100.795953 4.3238997, 100.7970863 4.3228409, 100.800242 4.3199758, 100.8027378 4.3190588, 100.8061963 4.3179728, 100.8089732 4.3170813, 100.8122026 4.3160208, 100.8147302 4.3151357, 100.8166227 4.3177808, 100.8184458 4.3203154, 100.8202917 4.3228815, 100.8221612 4.3254806, 100.8257472 4.3254524, 100.8293387 4.3255144, 100.8330825 4.3254919, 100.8364552 4.3254941, 100.8400012 4.3255113, 100.8435105 4.3254635, 100.8466965 4.3247354, 100.8500285 4.3239139, 100.8534882 4.3230633, 100.8566319 4.3223219, 100.859925 4.323161, 100.8632113 4.3238306, 100.8665753 4.323948, 100.8700088 4.324095, 100.8731122 4.3242279, 100.875983 4.3251293, 100.8785405 4.3259724, 100.8811116 4.3268199, 100.8864433 4.3273644, 100.8915372 4.3278606, 100.8951875 4.3282944, 100.8985493 4.3285987, 100.9020524 4.3290322, 100.9055731 4.3294188, 100.9078401 4.3322248, 100.9105595 4.335682, 100.9123687 4.3380466, 100.9146795 4.3410501, 100.9168307 4.3437608, 100.9189787 4.3464898, 100.9213644 4.3495248, 100.9223808 4.3529088, 100.9231112 4.3555685, 100.926057 4.3575709, 100.9296054 4.3600603, 100.9316718 4.3627051, 100.9328109 4.3641247, 100.9339992 4.3656988, 100.9353511 4.3674075, 100.9373067 4.3699172, 100.9374129 4.3728442, 100.9375911 4.3767929, 100.9377315 4.3795256, 100.9378346 4.3826006, 100.9396139 4.3848382, 100.9425358 4.38607, 100.9443354 4.386809, 100.948061 4.388389, 100.9512904 4.3898849, 100.954724 4.3913324, 100.9574171 4.3912567, 100.9601728 4.391116, 100.9634242 4.3908884, 100.9665414 4.3909701, 100.969359 4.3909, 100.9710081 4.3936713, 100.9728706 4.3966641, 100.9743812 4.3991127, 100.9757012 4.4012525, 100.9781608 4.4023369, 100.9805606 4.4033955, 100.9834447 4.4031526, 100.9861364 4.4029501, 100.9887912 4.4025337, 100.9901273 4.4012728, 100.9914339 4.3995432, 100.9951736 4.400988, 100.9978901 4.4020841, 101.0008926 4.4032756, 101.003919 4.4045147, 101.0068497 4.4056751, 101.009606 4.4067394, 101.0140232 4.4084613, 101.0165263 4.4094445, 101.0189185 4.4103999, 101.0222125 4.4117144, 101.0256824 4.4130367, 101.0278529 4.4138544, 101.029853 4.4147223, 101.0324027 4.4157151, 101.035286 4.4168351, 101.038217 4.4180186, 101.0411004 4.4204175, 101.0435628 4.4224747, 101.0465255 4.4247306, 101.0562241 4.4319429, 101.0573996 4.4346594, 101.0585514 4.4374395, 101.0598938 4.4389328, 101.0612225 4.4402468, 101.0634815 4.44276, 101.0656459 4.4450309, 101.068029 4.4476565, 101.0704181 4.4502466, 101.071317 4.4522987, 101.0680172 4.4556398, 101.0680645 4.4579639, 101.06806451262938 4.457964364232166, 101.06914857559588 4.463380062261521)"
way/314846699-275,MY3-275,275.0,1843.3350719551768,11120.1,Al/St 240/40 3-bundle 300.0,"LINESTRING (102.1284282518209 5.813953142061513, 102.1276956717353 5.808393499061809, 102.1272134 5.8058301, 102.1268839 5.8042566, 102.1264053 5.8016846, 102.1257211 5.798007, 102.1252705 5.7955574, 102.1246402 5.7923218, 102.1245047 5.7910503, 102.1240794 5.788993, 102.1236989 5.7871323, 102.1230863 5.7841366, 102.1226374 5.7819193, 102.1221613 5.7795455, 102.1216308 5.7769609, 102.121831 5.7751694, 102.1220305 5.7732277, 102.1222051 5.7713973, 102.122437 5.7690226, 102.1226986 5.7662211, 102.1228823 5.7644391, 102.123134 5.7621809, 102.1232428 5.760943, 102.1253403 5.7574265, 102.1267252 5.7550732, 102.1278611 5.7532436, 102.1320627 5.7496958, 102.1345226 5.7476187, 102.1376963 5.7449388, 102.1395871 5.743354, 102.1418044 5.7413611, 102.1433824 5.7401436, 102.1452869 5.7385793, 102.1469125 5.7371849, 102.1505173 5.7341582, 102.1521769 5.7327707, 102.1534217 5.7316924, 102.1553805 5.7300228, 102.157353 5.7283972, 102.15869548650437 5.727278414583636, 102.16342160847037 5.723330843625896)"
way/313430364-275,way/317124038-275,275.0,1843.3350719551768,42541.73,Al/St 240/40 3-bundle 300.0,"LINESTRING (101.06914857559588 4.463380062261521, 101.07270925961404 4.466126950560525, 101.0737283 4.466609, 101.0765265 4.4661244, 101.0793918 4.4656919, 101.0811981 4.4657583, 101.0834333 4.4658708, 101.0858786 4.4659683, 101.088639 4.4660584, 101.0917818 4.4662009, 101.0944897 4.4663284, 101.0977976 4.4664259, 101.0998753 4.4665459, 101.1030857 4.467491, 101.1057935 4.4684286, 101.1079838 4.4690437, 101.1109153 4.4695668, 101.1131965 4.4698832, 101.1162504 4.4703615, 101.1193043 4.4721791, 101.121534 4.4735405, 101.1230647 4.4744825, 101.1263546 4.476509, 101.1322892 4.4795504, 101.1365051 4.4817689, 101.1380591 4.4825847, 101.140447 4.4838246, 101.1439845 4.4856439, 101.1467333 4.4870138, 101.1494354 4.488406, 101.152975 4.4900368, 101.1563074 4.4936189, 101.1575629 4.4951683, 101.1593425 4.4973907, 101.1608252 4.4991913, 101.1639725 4.5029982, 101.167306 4.5036695, 101.1714472 4.5044943, 101.1714529 4.5068209, 101.1714586 4.5094433, 101.1714643 4.5116789, 101.1714757 4.5144719, 101.1715212 4.5168611, 101.1714813 4.5188634, 101.1676132 4.521776, 101.167744 4.5226235, 101.1680398 4.5246202, 101.1685404 4.5285851, 101.1687907 4.5307183, 101.169041 4.5324874, 101.1692003 4.5338242, 101.1694794 4.5358344, 101.1697882 4.5384083, 101.1701039 4.5409908, 101.1687746 4.5438259, 101.1669596 4.5474559, 101.1682479 4.5504457, 101.1661186 4.553496, 101.1634063 4.5554866, 101.1620369 4.5565179, 101.1606477 4.5593195, 101.1606848 4.5604196, 101.1607192 4.562826, 101.160765 4.5651234, 101.1608051 4.5683433, 101.1608109 4.5709101, 101.1608739 4.5731904, 101.1608756 4.575492, 101.1607136 4.5781983, 101.1606839 4.5796129, 101.1624275 4.5802172, 101.1651565 4.5811524, 101.1674218 4.5819438, 101.170253 4.5829106, 101.1727891 4.5838505, 101.1726433 4.5866135, 101.1724731 4.5882988, 101.1720094 4.592182, 101.1717115 4.5943549, 101.171428 4.5971309, 101.1714135 4.5993329, 101.1714615 4.6021414, 101.1715007 4.6052628, 101.1714862 4.607007, 101.1720821 4.6121593, 101.1709266 4.6151752, 101.1704106 4.6164397, 101.1699819 4.6177841, 101.1704397 4.6182783, 101.1719004 4.619768, 101.174473 4.6213595, 101.1735718 4.6240629, 101.1730704 4.6247969, 101.1726198 4.6253855, 101.1692261 4.6300655, 101.1676055 4.6322239, 101.1668439 4.6333503, 101.1675691 4.6348427, 101.1681261 4.6363562, 101.16903 4.6390468, 101.1693979 4.6407074, 101.1702492 4.6443334, 101.1703545 4.6462994, 101.170596 4.6488949, 101.170554 4.6522582, 101.1704804 4.6548332, 101.1704068 4.6574817, 101.1704814 4.6613918, 101.169001 4.6638096, 101.1680264 4.6665398, 101.1669254 4.668913, 101.1659131 4.6717153, 101.1648461 4.6746108, 101.1638434 4.6774366, 101.1628139 4.6803267, 101.1625693 4.6823322, 101.162296 4.6855295, 101.1620173 4.688224, 101.1606345 4.6898473, 101.1588746 4.6918805, 101.1564862 4.6946405, 101.1543874 4.6969962, 101.1523324 4.6967393, 101.1501188 4.6964387, 101.1474087 4.6960509, 101.145064 4.6947009, 101.14373453847804 4.693928299336813, 101.13955751795064 4.691149489060756)"
way/755391602-275,MY4-275,275.0,1843.3350719551768,29723.5,Al/St 240/40 3-bundle 300.0,"LINESTRING (101.69608949911067 5.649048288614925, 101.69992325489584 5.6496339542219625, 101.7037275 5.6484541, 101.706275 5.6517251, 101.707642 5.6536023, 101.7084058 5.6546751, 101.7118016 5.6594447, 101.7151754 5.6641561, 101.7173046 5.6670632, 101.7187127 5.669106, 101.7222009 5.6740145, 101.7252525 5.6783994, 101.7276846 5.681886, 101.7296221 5.6846105, 101.7300137 5.6851491, 101.7309847 5.6864845, 101.7339467 5.6900931, 101.7363915 5.6938578, 101.7379117 5.6960961, 101.7389671 5.6975413, 101.7417991 5.7014196, 101.742527 5.7024498, 101.7454889 5.7064779, 101.7462566 5.7076404, 101.7484613 5.7106174, 101.7498883 5.7125443, 101.752354 5.7158738, 101.7544323 5.7150791, 101.7564116 5.7142902, 101.758811 5.7133463, 101.7613587 5.7123476, 101.764281 5.7111585, 101.7660594 5.7116182, 101.7717965 5.7129788, 101.773969 5.7134762, 101.7758617 5.7139156, 101.7788634 5.7141052, 101.7810033 5.7142557, 101.786983 5.7146762, 101.7899567 5.7148983, 101.7919471 5.715037, 101.796568 5.715359, 101.7980062 5.7154592, 101.8035207 5.7158434, 101.8097614 5.7162749, 101.8128247 5.7143034, 101.8143492 5.7133148, 101.8178867 5.711043, 101.8208244 5.7092008, 101.823082 5.7097555, 101.8270558 5.7106587, 101.8331574 5.7120482, 101.8377715 5.7144389, 101.8407425 5.7159284, 101.8463901 5.7188342, 101.8486004 5.7201028, 101.8500381 5.7224148, 101.8508837 5.723854, 101.8514311 5.7275068, 101.8519297 5.7312386, 101.8522464 5.733505, 101.8524909 5.735438, 101.8528744 5.7377006, 101.85307877881006 5.739038968588276, 101.85690604959845 5.742350872920082)"
MY5-275,MY6-275,275.0,921.6675359775888,4430.83,Al/St 240/40 3-bundle 300.0,"LINESTRING (101.3295329 5.538732788033564, 101.33245522781836 5.540317747555027, 101.3417939 5.5453904, 101.3431428 5.5464486, 101.35313988676558 5.550271737179717, 101.3563201 5.551478788007923)"
way/320730394-275,MY14-275,275.0,1843.3350719551768,54907.84,Al/St 240/40 3-bundle 300.0,"LINESTRING (101.06916374978988 5.232370939333727, 101.06745159395422 5.237586490363991, 101.0665747 5.2406855, 101.0657699 5.2436192, 101.0647376 5.2471798, 101.063926 5.2500175, 101.0624635 5.2551908, 101.0618002 5.2576666, 101.0604977 5.2622492, 101.0598041 5.2646895, 101.0590462 5.2673559, 101.0581005 5.2706828, 101.05728 5.2735909, 101.056596 5.2759906, 101.055707 5.2791097, 101.0550515 5.2814095, 101.0540822 5.2848801, 101.0533159 5.2874548, 101.0522386 5.2912314, 101.0511169 5.2952433, 101.0498297 5.2997493, 101.0490259 5.302563, 101.0479751 5.3062413, 101.0472292 5.3087577, 101.0462692 5.3122169, 101.0455722 5.3146566, 101.0444797 5.3184802, 101.044004 5.3201451, 101.0431134 5.3232625, 101.0421655 5.3265117, 101.0415856 5.3285468, 101.0410749 5.3304625, 101.0401302 5.3336319, 101.0394334 5.3361039, 101.03877 5.3383268, 101.0383185 5.3399507, 101.0374346 5.3430684, 101.0365726 5.3461089, 101.0359792 5.3482021, 101.0349017 5.3520028, 101.0353613 5.3532486, 101.0363925 5.356044, 101.0374334 5.3588654, 101.0386675 5.3621648, 101.0391453 5.3634332, 101.0399504 5.3655705, 101.041388 5.3694883, 101.0421641 5.3715132, 101.0435572 5.3752594, 101.0444845 5.3777146, 101.0462017 5.382336, 101.0480505 5.3876448, 101.0522879 5.3891736, 101.0540644 5.3898102, 101.0584987 5.3913993, 101.0599426 5.3919249, 101.0647035 5.3936301, 101.0676578 5.3946814, 101.0710062 5.3958813, 101.0730363 5.3966193, 101.0751994 5.3973937, 101.0786975 5.3986461, 101.0813754 5.3996048, 101.0844675 5.4007274, 101.0864179 5.4014241, 101.0906888 5.4029496, 101.0941594 5.4041892, 101.0962305 5.404929, 101.0996411 5.4061472, 101.1010914 5.4066652, 101.1036204 5.4075685, 101.1068088 5.4069646, 101.1095099 5.4064529, 101.1119006 5.4060001, 101.1159123 5.4052402, 101.1180528 5.4048347, 101.1194638 5.4045675, 101.1210592 5.40655, 101.1219499 5.4076892, 101.1236442 5.4097761, 101.1260029 5.4126526, 101.1282378 5.4154873, 101.1305632 5.4174596, 101.1332487 5.4197768, 101.1356848 5.4214599, 101.138793 5.4236432, 101.1416096 5.4257708, 101.1440392 5.4276403, 101.1460388 5.4291789, 101.1484904 5.431094, 101.1511433 5.4330924, 101.1535164 5.4348836, 101.1563386 5.4370742, 101.1585367 5.4388618, 101.1646915 5.442449, 101.1675433 5.444085, 101.1698964 5.4454466, 101.172547 5.4470064, 101.1755923 5.4487635, 101.1774697 5.4498682, 101.1793312 5.4509636, 101.1824856 5.4528198, 101.1853886 5.4520484, 101.1886101 5.4511924, 101.1909718 5.4505649, 101.1932672 5.449955, 101.1963088 5.4491469, 101.1996606 5.4482563, 101.2029178 5.4473985, 101.2048551 5.4468884, 101.2071048 5.4462223, 101.2088066 5.4441009, 101.2117068 5.4406084, 101.212838 5.4392026, 101.2138867 5.437965, 101.2152476 5.4331351, 101.2165113 5.4286502, 101.2169453 5.4271097, 101.22216 5.4225928, 101.2248825 5.4210147, 101.2267268 5.4215867, 101.2305862 5.4227837, 101.2338508 5.4254328, 101.2363227 5.4273578, 101.2417261 5.4304198, 101.2435748 5.4300473, 101.2464192 5.4294579, 101.2480876 5.4286568, 101.2507982 5.4271074, 101.2564587 5.4238318, 101.2589494 5.4236167, 101.2635023 5.4232521, 101.2653289 5.4230914, 101.2694675 5.4228545, 101.2729409 5.4226783, 101.2761194 5.4186569, 101.2780947 5.4161817, 101.2801753 5.4137335, 101.2816228 5.4118684, 101.2845704 5.4083667, 101.2913986 5.408231, 101.29212542662417 5.408513070507125, 101.29696642049193 5.409007064419002)"
way/320730394-275,MY6-275,275.0,1843.3350719551768,29780.78,Al/St 240/40 3-bundle 300.0,"LINESTRING (101.29696642049193 5.409007064419002, 101.29168029585826 5.409571510636572, 101.2907234 5.4091602, 101.2853894 5.4091227, 101.2829056 5.4119, 101.28082 5.4145384, 101.2786406 5.4167584, 101.2768033 5.4188318, 101.272721 5.4236796, 101.2701823 5.4243378, 101.2686749 5.4246435, 101.2659189 5.4251616, 101.2618679 5.4260943, 101.2586166 5.4266969, 101.2572661 5.42698, 101.2492383 5.4286542, 101.244588 5.4315177, 101.242229 5.4328343, 101.2421411 5.4345679, 101.2419876 5.4370538, 101.2417554 5.4410678, 101.2416717 5.4425149, 101.2415421 5.4448269, 101.2413231 5.4487349, 101.2410019 5.4540103, 101.240796 5.4577137, 101.2405023 5.4627053, 101.2403836 5.4650743, 101.2401979 5.4691501, 101.2401104 5.4715798, 101.2423785 5.47335, 101.2433857 5.4741383, 101.2449286 5.4753531, 101.2477878 5.4776006, 101.2487762 5.4783822, 101.2502725 5.4811827, 101.2499072 5.4831377, 101.2491003 5.4874562, 101.2480448 5.4931052, 101.2468834 5.4993207, 101.2466989 5.5010706, 101.2473926 5.5065993, 101.2484444 5.5129434, 101.2490237 5.5167353, 101.2494139 5.5191937, 101.2499945 5.5229367, 101.2506148 5.5248029, 101.2522065 5.5290725, 101.258176 5.5303965, 101.2614919 5.5310895, 101.2655759 5.5319562, 101.2706399 5.5329884, 101.2745938 5.5319153, 101.2761451 5.5314943, 101.280865 5.5299869, 101.2856248 5.5274165, 101.2870245 5.5267151, 101.2918074 5.5243181, 101.2962615 5.527269, 101.3008335 5.5302368, 101.3035853 5.5320172, 101.3069919 5.5344691, 101.3090585 5.537306, 101.3116497 5.540961, 101.3159433 5.5398532, 101.3189423 5.540148, 101.3224838 5.5397618, 101.3234252 5.5396131, 101.32544263575578 5.53924484148838, 101.3295329 5.538732788033564)"
MY57-275,MY54-275,275.0,1843.3350719551768,16440.64,Al/St 240/40 3-bundle 300.0,"LINESTRING (101.57593026145013 2.846656558511256, 101.58385607161708 2.8429237210187437, 101.5865393 2.8426324, 101.5897306 2.8422831, 101.5930253 2.8419388, 101.5967342 2.8415209, 101.5988291 2.8411871, 101.6009675 2.8408859, 101.6033396 2.8405032, 101.6086799 2.8391346, 101.6116253 2.8383516, 101.614636 2.837586, 101.6171029 2.83697, 101.6211992 2.8358915, 101.6234625 2.8353178, 101.6255221 2.8371792, 101.6280659 2.83948, 101.6302793 2.8414642, 101.6329941 2.8432047, 101.6354092 2.8447744, 101.6383027 2.8466568, 101.6408542 2.848309, 101.6438918 2.8464937, 101.646693 2.8447974, 101.6484914 2.8417098, 101.6509334 2.8393111, 101.6531826 2.8371068, 101.655631 2.834722, 101.6575561 2.8328606, 101.6596582 2.8307995, 101.6614774 2.8290307, 101.6636556 2.8268784, 101.6643169 2.8247341, 101.6634637 2.8236541, 101.6619839 2.821708, 101.6598369 2.8188245, 101.6586296 2.8176882, 101.6570714 2.8161893, 101.6549685 2.8133365, 101.652891 2.810536, 101.650847 2.8077144, 101.649036 2.8053972, 101.64815873827666 2.8042777715210137, 101.64833607541678 2.798837207408375)"
MY57-275,MY54-275,275.0,1843.3350719551768,16491.97,Al/St 240/40 3-bundle 300.0,"LINESTRING (101.57593026145013 2.846656558511256, 101.58393589187406 2.8431059958350398, 101.5865797 2.8428166, 101.5900555 2.84243, 101.5931666 2.8420908, 101.5967587 2.8417054, 101.5988617 2.8413825, 101.600992 2.8410812, 101.6036656 2.840628, 101.6060323 2.8400066, 101.608703 2.8393284, 101.6116387 2.8385359, 101.6147071 2.837776, 101.6170261 2.8371619, 101.6219446 2.8359146, 101.6234164 2.8355173, 101.6254664 2.8373864, 101.6278104 2.8394915, 101.6301659 2.8416196, 101.6330171 2.8434503, 101.6353131 2.8449279, 101.6382124 2.8468295, 101.640858 2.8485316, 101.6439532 2.8466607, 101.6468294 2.8449221, 101.6486336 2.8418077, 101.6510448 2.8394454, 101.6536265 2.836918, 101.6562588 2.8343635, 101.6588669 2.8318252, 101.6596342 2.831071, 101.6615726 2.8291887, 101.6638312 2.8269817, 101.6644959 2.8246904, 101.6636194 2.8235528, 101.6621261 2.8215358, 101.6599852 2.8187067, 101.6587809 2.8175553, 101.6572318 2.8160624, 101.6550926 2.8132277, 101.6530391 2.8104219, 101.6509642 2.807605, 101.6499693 2.8063432, 101.648285508879 2.8041853167880313, 101.64833607541678 2.798837207408375)"
MY13-275,MY10-275,275.0,1843.3350719551768,8021.46,Al/St 240/40 3-bundle 300.0,"LINESTRING (100.41302091323628 5.313303872195236, 100.41882409512233 5.310102953662543, 100.4197555 5.3076652, 100.4209665 5.3045477, 100.4221145 5.3016046, 100.4205172 5.2978743, 100.422211 5.2967011, 100.4242549 5.2963646, 100.4259246 5.2940017, 100.4271691 5.292223, 100.4299626 5.2920433, 100.4327307 5.2918884, 100.4332886 5.289677, 100.4347799 5.287997, 100.4335206 5.2856582, 100.4350655 5.2833399, 100.4358005 5.2809202, 100.4384666 5.2814917, 100.441598 5.2821667, 100.4444626 5.2834113, 100.4475472 5.2813601, 100.4483136 5.2809119, 100.4496959 5.2800765, 100.4502943 5.2776276, 100.4509426 5.2751157, 100.45322483526098 5.274377957781399, 100.45699334502895 5.267922830357451)"
way/399307646-275,way/235943019-275,275.0,1843.3350719551768,179752.19,Al/St 240/40 3-bundle 300.0,"LINESTRING (110.34969548286463 1.352574637693047, 110.35060325648384 1.3455581480544705, 110.3521386 1.3423101, 110.3537659 1.338644, 110.355622 1.3346539, 110.3570811 1.3315917, 110.3594919 1.3290356, 110.3615121 1.3268937, 110.3637526 1.3244891, 110.3655791 1.3225288, 110.3680113 1.3199407, 110.369994 1.3178308, 110.3707625 1.3169906, 110.3720915 1.3156159, 110.37435 1.313224, 110.3765601 1.3108482, 110.3790867 1.3081559, 110.3816575 1.305449, 110.3847561 1.3021863, 110.3876376 1.2990334, 110.3897248 1.2968138, 110.3916172 1.2948014, 110.3939354 1.2923189, 110.396682 1.2893799, 110.3983557 1.2876155, 110.4002494 1.2856097, 110.4021269 1.2835985, 110.4039884 1.2816303, 110.4063058 1.2791794, 110.4089926 1.2763412, 110.4149699 1.2740434, 110.4209185 1.2716228, 110.422216 1.2710483, 110.4276369 1.2689003, 110.4308234 1.267612, 110.4333524 1.2665895, 110.4360166 1.2654011, 110.4398828 1.2638561, 110.4421303 1.2626397, 110.4462226 1.2603852, 110.451419 1.2575785, 110.4551603 1.2556205, 110.4590316 1.2535944, 110.4733582 1.2390941, 110.4827832 1.2296702, 110.4857307 1.2268025, 110.4882351 1.2242858, 110.4899203 1.2226353, 110.4921626 1.2203988, 110.4953301 1.2170452, 110.4966403 1.2160002, 110.4988518 1.2138234, 110.5019624 1.2107365, 110.5039336 1.2087637, 110.5067697 1.2059253, 110.5111393 1.2015523, 110.5153851 1.1973031, 110.5174038 1.1952828, 110.5195398 1.193145, 110.5209821 1.1917016, 110.5242419 1.1884391, 110.5259319 1.1867478, 110.5306321 1.1821294, 110.5316636 1.1807462, 110.5357117 1.1780162, 110.5375401 1.1766525, 110.5396211 1.1751027, 110.5421913 1.1731835, 110.5443135 1.1716122, 110.5458831 1.1704598, 110.5519442 1.165925, 110.5543393 1.1641606, 110.5563322 1.162897, 110.5596845 1.160724, 110.5608586 1.1599629, 110.5651615 1.1571736, 110.5689883 1.154724, 110.5747641 1.1510059, 110.580862 1.1470804, 110.5846423 1.1446468, 110.5882016 1.1423555, 110.5906197 1.1407989, 110.592508 1.1395833, 110.595001 1.1379784, 110.60085 1.1342131, 110.6021985 1.133345, 110.6032222 1.1326543, 110.6097067 1.1281558, 110.6135375 1.1255007, 110.6158614 1.1238891, 110.6193224 1.1214913, 110.625976 1.1168151, 110.6281007 1.1153319, 110.6300505 1.1139853, 110.6321974 1.1124819, 110.6349122 1.1105808, 110.6384762 1.108085, 110.6417856 1.1057675, 110.6449042 1.1035836, 110.6473661 1.1018596, 110.6505944 1.099599, 110.6537498 1.0973893, 110.6567216 1.0952715, 110.659711 1.093174, 110.6626273 1.0911277, 110.6656466 1.0890092, 110.6689805 1.0866699, 110.6719561 1.0845821, 110.6754023 1.0821692, 110.6786265 1.0799252, 110.6814524 1.0779621, 110.68747 1.0738622, 110.6894472 1.0721988, 110.692698 1.0694742, 110.6959006 1.0669989, 110.7043514 1.0603068, 110.7093733 1.0562479, 110.7126295 1.0535966, 110.7147319 1.0531188, 110.7175882 1.0524563, 110.7207137 1.0524317, 110.7241857 1.0524429, 110.727656 1.0523558, 110.7307218 1.0523618, 110.7332026 1.0523131, 110.7358915 1.052284, 110.7397324 1.0522423, 110.7435115 1.0522148, 110.7470531 1.0521814, 110.7506486 1.0521475, 110.7541662 1.0521144, 110.7576649 1.0520814, 110.7617417 1.0520437, 110.7650986 1.0520606, 110.7692871 1.0520191, 110.7729225 1.0519725, 110.7791744 1.0518954, 110.7821058 1.0518437, 110.7853176 1.0518386, 110.7912477 1.0518973, 110.7946146 1.0518047, 110.7981631 1.0518002, 110.8001419 1.0517961, 110.8031076 1.0517419, 110.8062002 1.0517157, 110.8089039 1.0516927, 110.8129084 1.0516588, 110.8144687 1.0516455, 110.816516 1.0516281, 110.82005 1.0515982, 110.8236507 1.0515756, 110.8284947 1.0515453, 110.8319981 1.0515233, 110.8367343 1.0514367, 110.840856 1.0513612, 110.8446577 1.0513481, 110.8478519 1.051923, 110.8512745 1.0525391, 110.854193 1.0529998, 110.8572412 1.0535424, 110.8618765 1.0543219, 110.8651946 1.0548754, 110.867739 1.0553399, 110.8705718 1.055803, 110.8716513 1.0559795, 110.8741002 1.0564092, 110.8780301 1.0570988, 110.8802502 1.0574869, 110.8840818 1.0581568, 110.886188 1.058525, 110.8908352 1.0593381, 110.8945036 1.0599652, 110.8984122 1.0606334, 110.9022706 1.0612837, 110.9060913 1.0619276, 110.9087836 1.0623907, 110.9117498 1.0629009, 110.9159276 1.0636196, 110.9181353 1.0639993, 110.9224041 1.0647336, 110.9265976 1.065455, 110.929997 1.0660397, 110.9331085 1.066575, 110.9370058 1.0672453, 110.9395283 1.0672577, 110.9426236 1.067273, 110.9461131 1.0672901, 110.9485996 1.0673024, 110.9514562 1.0673164, 110.9544535 1.0673312, 110.9580195 1.0673411, 110.9618095 1.0673517, 110.9643844 1.0673589, 110.9667528 1.0673655, 110.9695101 1.0673733, 110.9723961 1.0673813, 110.9771393 1.0673946, 110.9810041 1.0674319, 110.9847871 1.0674378, 110.9886833 1.067444, 110.993316 1.0674322, 110.9970456 1.0673873, 111.0007489 1.0674737, 111.0051389 1.0674783, 111.0074571 1.0674915, 111.010374 1.0675081, 111.013256 1.0675199, 111.0177246 1.0675382, 111.0221449 1.0675563, 111.0260158 1.0675721, 111.0294038 1.0675779, 111.0329236 1.0675839, 111.0356128 1.0675499, 111.038796 1.067596, 111.0447851 1.0675858, 111.0495034 1.0676067, 111.0538969 1.0676261, 111.0576391 1.0676427, 111.0604155 1.0676464, 111.0640624 1.0676512, 111.0668841 1.067655, 111.0701242 1.0676593, 111.0727236 1.0676628, 111.0766836 1.0676786, 111.0795656 1.0676937, 111.0859332 1.067727, 111.0887283 1.0677416, 111.0938618 1.0677606, 111.097016 1.0677722, 111.1004176 1.0677848, 111.1032763 1.0677798, 111.1070902 1.067773, 111.1101589 1.0677951, 111.1140454 1.0678232, 111.1177763 1.0678143, 111.1217514 1.0678048, 111.1255446 1.0677958, 111.1290041 1.067807, 111.13255 1.0678184, 111.1361082 1.0678299, 111.1396525 1.067861, 111.1424044 1.0678851, 111.1456469 1.0679135, 111.1481786 1.0685475, 111.1514059 1.0693558, 111.1548949 1.070253, 111.1585872 1.0712024, 111.1616911 1.071992, 111.1644581 1.0726959, 111.1669995 1.0733423, 111.1702198 1.0741615, 111.1741664 1.0751655, 111.1782688 1.076209, 111.1819639 1.077149, 111.1860502 1.0781925, 111.1897715 1.0791427, 111.1938556 1.0801856, 111.1976101 1.0811344, 111.2018702 1.0822246, 111.2043849 1.0828562, 111.2066595 1.0834309, 111.2105476 1.0844206, 111.2137061 1.0851757, 111.2159259 1.0856851, 111.2200953 1.086794, 111.2236601 1.0877421, 111.2254725 1.0881934, 111.2268707 1.0885642, 111.2295624 1.0892037, 111.2309261 1.0895632, 111.2327547 1.0899832, 111.2356603 1.0907778, 111.2392264 1.0916813, 111.2419288 1.0906478, 111.2452537 1.0893761, 111.2489326 1.0879691, 111.2521884 1.0867239, 111.254618 1.0857947, 111.2576714 1.0845606, 111.2614439 1.0831042, 111.2652754 1.0816251, 111.2683516 1.0804375, 111.2715727 1.079194, 111.2747229 1.0779778, 111.2780176 1.0767059, 111.281381 1.0753518, 111.2856726 1.0736893, 111.2878479 1.0728467, 111.2913778 1.071433, 111.2958918 1.0696251, 111.2979643 1.0687765, 111.3014084 1.0674253, 111.3049024 1.0662132, 111.3078361 1.0653769, 111.3114869 1.064353, 111.3144971 1.0635087, 111.3178269 1.0625655, 111.3210876 1.0616004, 111.32481 1.0604997, 111.3262626 1.0610152, 111.3298441 1.0623135, 111.3320759 1.063094, 111.3349381 1.0641296, 111.3383772 1.0653293, 111.3423305 1.0667171, 111.3455947 1.0679045, 111.3483905 1.0689137, 111.3514661 1.0699812, 111.3545342 1.0711018, 111.3577484 1.0722673, 111.3610761 1.0734473, 111.3641785 1.0745616, 111.3677013 1.0758026, 111.3703624 1.0767292, 111.3726664 1.0783901, 111.3750958 1.0801204, 111.3787483 1.0827653, 111.3810953 1.0844622, 111.3838579 1.0864171, 111.3871222 1.0887348, 111.3898258 1.0907568, 111.3968076 1.0956711, 111.3998198 1.0972225, 111.406876 1.1007033, 111.409178 1.1008716, 111.412982 1.101229, 111.4171059 1.1016527, 111.4211775 1.1020469, 111.4244337 1.1023613, 111.4281077 1.1026871, 111.4316261 1.1030076, 111.4358841 1.1034045, 111.4386521 1.1036626, 111.4428142 1.1040843, 111.4460932 1.1043793, 111.4494054 1.1046515, 111.4534576 1.1050457, 111.4562987 1.1053809, 111.4588917 1.105633, 111.4614754 1.1058609, 111.464963 1.1061876, 111.4680025 1.1064724, 111.4712621 1.1067835, 111.4735513 1.1070168, 111.4778737 1.1074009, 111.4819835 1.1078233, 111.4848589 1.1080848, 111.4883404 1.108424, 111.4919204 1.1087445, 111.4963092 1.1091769, 111.499898 1.1095335, 111.5040943 1.1099338, 111.5073512 1.1102268, 111.5091037 1.1103897, 111.5123019 1.1107016, 111.5177411 1.1112321, 111.5213097 1.111572, 111.524802 1.1119126, 111.528199 1.1122129, 111.5333415 1.1122923, 111.5364904 1.1123547, 111.5389469 1.1123855, 111.5434061 1.1124492, 111.5475093 1.1125157, 111.5536636 1.1126155, 111.5570224 1.1126618, 111.5601666 1.112712, 111.5620052 1.1128696, 111.5649181 1.1131156, 111.5675728 1.1133355, 111.5711529 1.1136339, 111.5748302 1.1139597, 111.5777297 1.1141937, 111.5804159 1.1144404, 111.5868606 1.1149761, 111.5897143 1.1152133, 111.5924413 1.11544, 111.5958613 1.1170018, 111.6015996 1.1195366, 111.6056072 1.1213566, 111.6095941 1.1231479, 111.6146217 1.1254254, 111.6165244 1.1267208, 111.619939 1.1290658, 111.6228323 1.1310512, 111.6248212 1.132515, 111.6270327 1.134053, 111.6298685 1.1360468, 111.6327395 1.1380302, 111.6396127 1.1428106, 111.6429223 1.1451158, 111.6452087 1.1452607, 111.64586945902141 1.1452900325368767, 111.64954456926536 1.1478145084251352)"
MY71-275,MY66-275,275.0,1843.3350719551768,8205.99,Al/St 240/40 3-bundle 300.0,"LINESTRING (103.8064678 1.4806425966970858, 103.80628511163722 1.485112487016645, 103.8062592 1.4857507, 103.8061816 1.4873351, 103.8060763 1.489296, 103.8032582 1.4898974, 103.7991436 1.4949913, 103.7993678 1.4981432, 103.7996377 1.5005468, 103.7985379 1.5028315, 103.797433 1.5051906, 103.7978066 1.5055623, 103.7982237 1.5059356, 103.7985004 1.5056401, 103.7996161 1.5045362, 103.8016322 1.5047751, 103.8050013 1.5051041, 103.8082105 1.5053802, 103.8113335 1.5056892, 103.8136599 1.5059241, 103.8172683 1.5062436, 103.819752 1.5065037, 103.8225388 1.506753, 103.8256529 1.5070855, 103.8282572 1.5073295, 103.83102055272063 1.5075917233857625, 103.83586875712844 1.5051397313315522)"
way/397123940-275,MY66-275,275.0,1843.3350719551768,2401.01,Al/St 240/40 3-bundle 300.0,"LINESTRING (103.83586875712844 1.5051397313315522, 103.83943625812432 1.51313782196987, 103.8391865 1.5141851, 103.83834655561839 1.5175183739864102, 103.83818444798912 1.5237467110011458)"
MY53-275,MY49-275,275.0,1843.3350719551768,20419.0,Al/St 240/40 3-bundle 300.0,"LINESTRING (101.59973779999997 2.9720115934194538, 101.60428320571894 2.9681591965242595, 101.6050037 2.9675319, 101.6066948 2.9661756, 101.6081704 2.9648691, 101.6106976 2.9627726, 101.6125397 2.9610826, 101.6147643 2.9606803, 101.6167957 2.9602868, 101.6196958 2.9598677, 101.6233721 2.9602634, 101.6247871 2.960423, 101.6274759 2.9598884, 101.6297777 2.9589247, 101.6324258 2.9581699, 101.6352493 2.9573656, 101.6404208 2.9552875, 101.6436684 2.953966, 101.6462141 2.9529336, 101.6474972 2.9496757, 101.6487481 2.946527, 101.6480733 2.9449389, 101.6488779 2.942775, 101.6501894 2.9409127, 101.6515485 2.9401822, 101.6526935 2.9395755, 101.6526799 2.9383452, 101.6526783 2.9368824, 101.6526723 2.9356075, 101.6526464 2.934413, 101.652586 2.9330508, 101.6525124 2.9316567, 101.6524498 2.9301528, 101.6524463 2.9293007, 101.652468 2.9277244, 101.6525197 2.9262383, 101.652554 2.9248931, 101.6526127 2.9235075, 101.6527061 2.9222728, 101.6528103 2.9209559, 101.6529059 2.9196704, 101.6529919 2.9184491, 101.6530987 2.9170624, 101.6532035 2.9156552, 101.6533021 2.9143801, 101.6533991 2.9130472, 101.6534682 2.9121073, 101.6535654 2.9107399, 101.6536525 2.9094559, 101.653743 2.9081438, 101.6538381 2.9070799, 101.653919 2.9055671, 101.6539887 2.9041868, 101.6540705 2.90286, 101.6542106 2.9013109, 101.6541867 2.9000405, 101.6542425 2.8985056, 101.654296 2.8970465, 101.6543396 2.8956154, 101.6531033 2.8955767, 101.6515435 2.8955157, 101.6503231 2.8954755, 101.6489795 2.8954277, 101.6490374 2.894439, 101.6492499 2.8926179, 101.6494675 2.8908979, 101.6508354 2.887222, 101.6512577 2.8855989, 101.6493665 2.8850758, 101.6468895 2.8843985, 101.6449948 2.884466, 101.6413504 2.8845617, 101.6372126 2.8846706, 101.6358615 2.8847242, 101.6350307 2.8821064, 101.6339861 2.8788522, 101.6332589 2.8765941, 101.6326604 2.8746811, 101.6347018 2.8719629, 101.636696 2.8692931, 101.6383135 2.8671444, 101.6391748 2.8654714, 101.6401731 2.8635914, 101.6414711 2.8628127, 101.6428042 2.8628946, 101.6441565 2.8611984, 101.6469485 2.8595271, 101.6495952 2.8579332, 101.6502477 2.8572694, 101.648084 2.8549467, 101.64749024805752 2.8543105756201177, 101.64528139999999 2.851926793680398)"
MY74-275,MY68-275,275.0,1843.3350719551768,4008.35,Al/St 240/40 3-bundle 300.0,"LINESTRING (111.54916434520432 1.4895594509742747, 111.55142049768095 1.483447756363359, 111.5528032 1.4787061, 111.5543385 1.4746423, 111.5551683 1.4724355, 111.5564913 1.468988, 111.5589247 1.4624446, 111.5598578 1.4600501, 111.5608381 1.4574727, 111.5617528 1.4550447, 111.5628994 1.4519894, 111.56313021053775 1.4513737495335375, 111.56507999996707 1.4459435969518695)"
way/236051516-275,way/1137665615-275,275.0,1843.3350719551768,80875.25,Al/St 240/40 3-bundle 300.0,"LINESTRING (113.42757402796822 3.3535904190689036, 113.43432937497639 3.348032842749423, 113.4351624 3.3470169, 113.4376998 3.3439301, 113.4415489 3.3416241, 113.4446365 3.3397744, 113.4465649 3.3386201, 113.4484917 3.3374668, 113.4530854 3.3347171, 113.454553 3.3338386, 113.4577122 3.3319476, 113.4605717 3.330236, 113.4645342 3.3278641, 113.4675581 3.326054, 113.4707751 3.3241456, 113.4731505 3.3227364, 113.4780332 3.319596, 113.4806659 3.3178472, 113.4839196 3.315686, 113.4868898 3.3137352, 113.4910065 3.3110313, 113.4944943 3.3087405, 113.4977236 3.3066195, 113.5006172 3.3047189, 113.5033495 3.3029244, 113.5066981 3.301641, 113.5102234 3.30029, 113.5135204 3.2990135, 113.5176111 3.2974297, 113.5205534 3.2962904, 113.5239733 3.2949663, 113.5259347 3.2942069, 113.5304951 3.2924412, 113.5342087 3.2910034, 113.5364063 3.2901525, 113.5387149 3.2892586, 113.5429417 3.2876393, 113.5470136 3.2860793, 113.550016 3.284929, 113.5524122 3.284011, 113.5554766 3.2828286, 113.5575508 3.2820282, 113.5608351 3.2807609, 113.5638354 3.2795801, 113.5671457 3.2782773, 113.5684923 3.2777473, 113.5717098 3.2780818, 113.5747254 3.2783953, 113.5769149 3.2786229, 113.5796512 3.2789074, 113.5834377 3.2793011, 113.584982 3.2794616, 113.5876945 3.2775119, 113.5904497 3.2755315, 113.5930935 3.2736311, 113.5953193 3.2720313, 113.5976635 3.2703463, 113.5987722 3.2676889, 113.6004115 3.2637596, 113.6011471 3.2619965, 113.6016095 3.2608881, 113.6037789 3.2586237, 113.6056988 3.2566197, 113.60766 3.2545726, 113.6092356 3.2529534, 113.6109173 3.2511725, 113.6132348 3.2487759, 113.6160261 3.2458399, 113.6184181 3.2433431, 113.6195197 3.2421932, 113.6210932 3.2405508, 113.6233274 3.2382186, 113.6248745 3.2366037, 113.6264317 3.2349769, 113.6286339 3.2326762, 113.6311767 3.2300197, 113.6335214 3.2275701, 113.6369107 3.2257303, 113.638847 3.2246792, 113.6413303 3.2233313, 113.6442031 3.2217718, 113.647632 3.2199106, 113.6494961 3.2188987, 113.6517694 3.2176646, 113.6539684 3.216471, 113.6565813 3.2132576, 113.658742 3.2106004, 113.6608893 3.2079597, 113.6639763 3.2041633, 113.6655521 3.2022254, 113.6683613 3.1987706, 113.6702402 3.1964599, 113.6721781 3.1940766, 113.675111 3.1904697, 113.6768844 3.188244, 113.6782061 3.1865852, 113.6809498 3.1831419, 113.6827893 3.1808135, 113.685059 3.1780637, 113.6853041 3.1754397, 113.6857665 3.1713738, 113.6862301 3.1670911, 113.6866037 3.1636391, 113.6869199 3.1607187, 113.6881746 3.1571118, 113.6894792 3.1534373, 113.6900416 3.1522057, 113.6914281 3.1491689, 113.6924952 3.1467466, 113.6936944 3.1440245, 113.6947128 3.1417129, 113.696058 3.1387076, 113.6975085 3.1354674, 113.6991239 3.1318587, 113.7009489 3.1278677, 113.7025397 3.1238436, 113.7038886 3.1204313, 113.7060902 3.1151145, 113.7080854 3.113024, 113.710515 3.1104784, 113.7123573 3.1085482, 113.7149709 3.1058097, 113.7171887 3.1034832, 113.7197418 3.100805, 113.72286 3.0975339, 113.7261965 3.0940338, 113.7263896 3.0924444, 113.7271221 3.0864132, 113.7277314 3.0813965, 113.7282608 3.0770383, 113.7285164 3.0749593, 113.7287984 3.0726657, 113.729134 3.0699368, 113.729545 3.0665946, 113.7297732 3.0647388, 113.7304269 3.0594227, 113.7323818 3.0581063, 113.7345306 3.0566593, 113.7376689 3.054546, 113.7401976 3.0528432, 113.7433087 3.0507482, 113.7470587 3.0482229, 113.750646 3.0458073, 113.7526173 3.0444798, 113.7570629 3.0414861, 113.7597263 3.0396431, 113.7641225 3.0390557, 113.766229 3.0387742, 113.7691953 3.038377, 113.7737381 3.0377688, 113.7787271 3.0371602, 113.7804281 3.0369493, 113.7829915 3.0366316, 113.787187 3.0361115, 113.7931128 3.0353769, 113.7966736 3.034908, 113.7997516 3.0345027, 113.8022216 3.0341775, 113.8046246 3.0319236, 113.8066585 3.0300329, 113.8101034 3.0268304, 113.8123818 3.0247124, 113.8141522 3.0230529, 113.816853 3.0205213, 113.8206384 3.0169731, 113.8224917 3.0152359, 113.8254629 3.0124808, 113.8274937 3.0105976, 113.8295906 3.0086532, 113.8313967 3.0069784, 113.8330632 3.0054331, 113.8367068 3.0038915, 113.8389341 3.0029492, 113.8412755 3.0019586, 113.8440448 3.000787, 113.8466041 2.9997041, 113.8485559 2.9989215, 113.8517837 2.9975127, 113.8554178 2.9959752, 113.8580416 2.9949584, 113.8607812 2.9937899, 113.8636974 2.9925565, 113.8674545 2.9910042, 113.8723415 2.9889899, 113.8748842 2.9879613, 113.8787097 2.9862619, 113.881402 2.9851703, 113.8847971 2.9836671, 113.8873351 2.982647, 113.8899636 2.9815435, 113.8930643 2.9801292, 113.8958859 2.9789774, 113.8982946 2.9783077, 113.9024734 2.9770917, 113.9055419 2.9762131, 113.9083368 2.9754684, 113.9116198 2.9745631, 113.915391 2.9735398, 113.9195806 2.972372, 113.9233088 2.971322, 113.9268494 2.9703443, 113.9305508 2.9693237, 113.9345366 2.9682094, 113.9389354 2.9669558, 113.9404267 2.9665808, 113.9434791 2.9657397, 113.9479208 2.9645076, 113.9511663 2.9636022, 113.9553881 2.9623593, 113.9577055 2.9617432, 113.9589994 2.9614104, 113.960892 2.9609236, 113.9634883 2.9602003, 113.9684343 2.9588396, 113.9712882 2.9580682, 113.9745122 2.9571306, 113.9784443 2.9559976, 113.9816844 2.9551324, 113.9859781 2.9540027, 113.9898223 2.9528395, 113.9933593 2.951923, 113.9961308 2.9510983, 114.0000144 2.9500779, 114.0030155 2.9492668, 114.0087558 2.9476718, 114.0134096 2.9462178, 114.017272 2.9451624, 114.0215045 2.9439731, 114.0240526 2.9432766, 114.0263539 2.9426498, 114.0296155 2.9417739, 114.0328127 2.9408712, 114.0360796 2.9399712, 114.0389389 2.9391783, 114.0409934 2.9386104, 114.0442389 2.9376943, 114.0464089 2.9371907, 114.0467038 2.937242, 114.0477633 2.9374264, 114.0513092 2.9382193, 114.05374593566324 2.936550178086094, 114.06081511584502 2.9337076739900034)"
way/691239971-275,way/399307646-275,275.0,1843.3350719551768,58976.14,Al/St 240/40 3-bundle 300.0,"LINESTRING (111.23571812692494 1.1428416373732455, 111.23758537380067 1.148056279468032, 111.2409282 1.147973, 111.2486207 1.1477317, 111.2524188 1.1475815, 111.2561792 1.1474581, 111.2597519 1.1473509, 111.2634695 1.1472704, 111.2658191 1.1472382, 111.2703413 1.1471042, 111.2725943 1.147013, 111.2765479 1.1473348, 111.280067 1.1476405, 111.283287 1.147977, 111.2870434 1.1482734, 111.2907797 1.1486542, 111.2946609 1.1490283, 111.2980217 1.1493246, 111.3017124 1.1496652, 111.3053897 1.1499601, 111.3090697 1.1502779, 111.3128355 1.1506145, 111.3166094 1.1509403, 111.3203605 1.1513117, 111.3241209 1.1516201, 111.3277942 1.15197, 111.3313709 1.1522717, 111.3347653 1.1525104, 111.338169 1.1528255, 111.3416491 1.1531822, 111.3448893 1.1534986, 111.3482849 1.1537909, 111.3519877 1.1541516, 111.3548335 1.1543782, 111.3576981 1.1546088, 111.3614425 1.154936, 111.3641301 1.1551653, 111.3680676 1.1555139, 111.3709147 1.1557244, 111.3742152 1.1560448, 111.3769966 1.1562916, 111.3797858 1.156547, 111.3835278 1.1568896, 111.387119 1.1571912, 111.39103 1.1575198, 111.3942352 1.1558008, 111.3975558 1.1539853, 111.4008656 1.1521618, 111.4041862 1.1503664, 111.4074974 1.1485254, 111.410822 1.1466992, 111.413814 1.1450688, 111.4164157 1.1436515, 111.4194922 1.1419688, 111.4225312 1.1403007, 111.4248725 1.1389384, 111.4272449 1.1376877, 111.4309466 1.1371069, 111.4346762 1.1365169, 111.438387 1.1359028, 111.4416057 1.1354013, 111.444477 1.1349133, 111.4490435 1.1341758, 111.4516827 1.1337186, 111.4555238 1.1330893, 111.4603999 1.1322906, 111.4644635 1.1316523, 111.4676633 1.1311576, 111.4694667 1.1308425, 111.4807418 1.1290055, 111.4855845 1.128445, 111.488433 1.1277424, 111.4930384 1.1282479, 111.4966272 1.1286368, 111.5018816 1.1292522, 111.5052679 1.1296504, 111.5104593 1.1302444, 111.5134661 1.1305877, 111.5170348 1.1310114, 111.5207255 1.1313842, 111.5267498 1.132001, 111.5298396 1.1323174, 111.5331414 1.1327089, 111.5365693 1.1330495, 111.5401313 1.1335134, 111.5434181 1.1338651, 111.5464364 1.1342012, 111.5528892 1.1349629, 111.5548727 1.1351948, 111.5579545 1.1355582, 111.561601 1.1359886, 111.564711 1.1363225, 111.5673865 1.1366054, 111.5695591 1.137304, 111.5721635 1.1381058, 111.5747599 1.1388915, 111.5768735 1.1395619, 111.5795969 1.1404328, 111.5851548 1.1422101, 111.5869197 1.1426124, 111.5887973 1.1432694, 111.5924799 1.1442991, 111.5984318 1.1462621, 111.6014761 1.1470586, 111.6108316 1.1499789, 111.6140985 1.1510033, 111.6173092 1.1520921, 111.6202623 1.1530306, 111.6228318 1.1537815, 111.6262731 1.1548703, 111.6289902 1.1538539, 111.632293 1.1526825, 111.6355391 1.1514495, 111.6381411 1.1504688, 111.6409701 1.149408, 111.6435921 1.1484557, 111.64414579688527 1.1482450317213941, 111.64954456926536 1.1478145084251352)"
MY19-275,MY20-275,275.0,1843.3350719551768,1089.54,Al/St 240/40 3-bundle 300.0,"LINESTRING (100.60573879999998 5.018890289089613, 100.6057958339322 5.014446588968771, 100.60581582399632 5.01363984185252, 100.605935 5.0091561891095475)"
way/326097227-275,way/460916219-275,275.0,1843.3350719551768,36929.33,Al/St 240/40 3-bundle 300.0,"LINESTRING (100.35647532264908 6.088248207179622, 100.35710036728943 6.0815290286403645, 100.357245 6.0807639, 100.357853 6.0775475, 100.3584445 6.0746043, 100.3589098 6.0719945, 100.3600183 6.0689119, 100.361132 6.0658146, 100.362229 6.0627073, 100.3633381 6.059616, 100.3644405 6.0565207, 100.3655422 6.053396, 100.3666493 6.0503127, 100.3677718 6.0471879, 100.3688662 6.0441379, 100.369864 6.0413586, 100.3707679 6.0388433, 100.3716543 6.036332, 100.372691 6.0333939, 100.3738014 6.0302878, 100.3749025 6.027203, 100.3760317 6.0240621, 100.3769477 6.0214947, 100.3780105 6.0184872, 100.3790854 6.0154383, 100.3801958 6.0122494, 100.3812754 6.0091992, 100.3823993 6.0060475, 100.383452 6.0030053, 100.3845423 5.9999323, 100.3856307 5.9967993, 100.3867129 5.9937216, 100.3878113 5.9906112, 100.3888828 5.9875175, 100.3899074 5.9846305, 100.3908885 5.9818482, 100.3919727 5.9787325, 100.3930094 5.9758254, 100.3942741 5.9721981, 100.3952249 5.9695198, 100.396334 5.9663486, 100.3974049 5.9632961, 100.3985227 5.9601302, 100.3995647 5.9571103, 100.4005799 5.9541898, 100.4016428 5.9511312, 100.4026982 5.9480246, 100.4037731 5.94489, 100.4048433 5.9417887, 100.4059249 5.938684, 100.4070085 5.9355653, 100.4080854 5.9324426, 100.4091804 5.9292906, 100.4101467 5.9264713, 100.4118606 5.9238068, 100.4135779 5.9211309, 100.4153395 5.9184123, 100.4170977 5.9156803, 100.4186949 5.9132005, 100.4202855 5.9106913, 100.422053 5.90797, 100.4237824 5.9052756, 100.4255171 5.9025887, 100.4272498 5.899872, 100.4290737 5.8970419, 100.4307856 5.8944019, 100.4325076 5.8917145, 100.4342081 5.8890585, 100.4359113 5.8864151, 100.4374905 5.8839685, 100.4385419 5.8823209, 100.4402813 5.8796408, 100.4419859 5.8769587, 100.443732 5.8742592, 100.4454218 5.8716405, 100.4467763 5.869554, 100.4485197 5.8668378, 100.4503061 5.8640496, 100.4520495 5.861304, 100.4538097 5.8585418, 100.45432 5.8564172, 100.4545788 5.8551885, 100.4552789 5.8518132, 100.455869 5.8490789, 100.4576245 5.8471091, 100.4596053 5.8449251, 100.4616961 5.8426024, 100.4636393 5.8404944, 100.4660185 5.8378355, 100.4672027 5.8365107, 100.4690909 5.8344521, 100.4690614 5.8323681, 100.4689461 5.8267126, 100.4688415 5.8227807, 100.4689112 5.8208555, 100.4689984 5.8178736, 100.4690909 5.8145528, 100.469166 5.8117536, 100.469276 5.8082593, 100.4693927 5.8047943, 100.4694946 5.8002846, 100.4695992 5.7972372, 100.4699828 5.7922671, 100.4702617 5.7885071, 100.4703851 5.7870074, 100.4723324 5.7837438, 100.4736949 5.7814448, 100.4753914 5.7786068, 100.476927 5.7760076, 100.4785913 5.7732309, 100.4801671 5.7705903, 100.4816812 5.7680298, 100.4831779 5.7655199, 100.484865 5.7627005, 100.485447 5.7591085, 100.4861122 5.7549654, 100.4860452 5.751911, 100.4860213 5.750055, 100.4859969 5.7481655, 100.4894208 5.7452245, 100.4904494 5.7442705, 100.4907846 5.7426906, 100.4912648 5.7398137, 100.4917341 5.7370649, 100.4931021 5.7350659, 100.4948782 5.7324882, 100.4960552 5.7307852, 100.4977021 5.7283833, 100.49810264418026 5.727800671427355, 100.5013683411133 5.721194227118738)"
way/552000742-275,way/460916219-275,275.0,1843.3350719551768,9474.81,Al/St 240/40 3-bundle 300.0,"LINESTRING (100.50040427948161 5.784092297357661, 100.50240783062142 5.778000931887771, 100.5026641 5.7765854, 100.5011353 5.7754405, 100.4979502 5.7754125, 100.4954638 5.7753792, 100.4926099 5.7753525, 100.4901838 5.7753191, 100.4875003 5.7752858, 100.4849616 5.7752404, 100.4827595 5.775223, 100.4799056 5.7751977, 100.4788072 5.7732296, 100.4803079 5.7706811, 100.4818435 5.7681112, 100.4833724 5.765556, 100.485042 5.7627646, 100.4855999 5.7592606, 100.4862906 5.7549801, 100.4862101 5.7520698, 100.4862352 5.7504306, 100.4861471 5.7482562, 100.4895435 5.7453657, 100.4906103 5.7443799, 100.4909644 5.7427306, 100.4914337 5.739851, 100.4919031 5.7371369, 100.4930779 5.7354022, 100.4950225 5.7326053, 100.4962027 5.7308839, 100.4978389 5.728522, 100.4983201051808 5.727815740377978, 100.5013683411133 5.721194227118738)"
way/552579228-275,way/1281913246-275,275.0,1843.3350719551768,40672.24,Al/St 240/40 3-bundle 300.0,"LINESTRING (100.62316004433698 4.179286176725277, 100.62667762752785 4.181149135200799, 100.6289278 4.1817275, 100.6314464 4.1823401, 100.63678 4.1836362, 100.6394488 4.186326, 100.64162 4.1884927, 100.6436545 4.1905418, 100.6457721 4.1926551, 100.6478642 4.1947644, 100.6477837 4.1970609, 100.6476657 4.199768, 100.6463474 4.2008995, 100.6485656 4.2036561, 100.6515965 4.2045001, 100.6544574 4.2052782, 100.6579198 4.2062201, 100.6592274 4.2065919, 100.6591523 4.2094996, 100.6579292 4.2097189, 100.6578366 4.2118776, 100.657791 4.2141259, 100.6598148 4.2166645, 100.6618439 4.219195, 100.6638783 4.2217228, 100.6657411 4.2240526, 100.6676991 4.2265082, 100.6693219 4.2285104, 100.6708454 4.2304296, 100.6714287 4.2329267, 100.6739634 4.2339806, 100.6756666 4.2355159, 100.6772263 4.2351027, 100.6783636 4.2366019, 100.6789242 4.2392474, 100.6811464 4.2417257, 100.6847338 4.2418821, 100.6853333 4.2449388, 100.6850973 4.247601, 100.6859435 4.2497101, 100.6871706 4.2504229, 100.6905636 4.2523776, 100.6914769 4.2529252, 100.6926718 4.2537905, 100.6958482 4.2560441, 100.6977084 4.2573882, 100.7005287 4.2608641, 100.7017424 4.2623519, 100.7019389 4.2639922, 100.7022044 4.2667907, 100.7021253 4.2692809, 100.7020589 4.2716167, 100.7026148 4.2743549, 100.7031874 4.2771949, 100.703748 4.2799438, 100.7048249 4.2827208, 100.7059742 4.2856751, 100.7071182 4.2886226, 100.7082595 4.2915969, 100.7070525 4.2947563, 100.7059213 4.2977138, 100.704831 4.3006125, 100.7038391 4.3032174, 100.7028683 4.3057672, 100.7020207 4.3080754, 100.7001334 4.3130777, 100.6992413 4.3154541, 100.6920589 4.3160479, 100.6889114 4.3163914, 100.6858252 4.3166549, 100.682901 4.3169349, 100.6800985 4.3171759, 100.6765451 4.3174771, 100.673832 4.3177053, 100.6700567 4.3180863, 100.6637015 4.3165296, 100.6619063 4.3172998, 100.6582049 4.3187581, 100.6557318 4.3197453, 100.6527165 4.3209374, 100.6498614 4.3220598, 100.6466695 4.3233378, 100.6436172 4.3245749, 100.6421711 4.3251853, 100.6392708 4.3262831, 100.6363377 4.327467, 100.6338523 4.3285034, 100.6318229 4.3293349, 100.6317695 4.3322515, 100.631741 4.3376908, 100.6316665 4.3435776, 100.6316579 4.3466548, 100.6316055 4.349963, 100.6315657 4.352476, 100.6315007 4.356627, 100.6317864 4.3600795, 100.6320393 4.3632118, 100.6322385 4.3659311, 100.6324887 4.3688161, 100.6326608 4.3707655, 100.6329062 4.3746944, 100.6331407 4.3775428, 100.6333685 4.3805997, 100.6337957 4.3834301, 100.6341901 4.3863915, 100.6349404 4.391791, 100.63495339179268 4.391914675117293, 100.63647901864167 4.396662496985535)"
MY14-275,MY21-275,275.0,1843.3350719551768,65900.07,Al/St 240/40 3-bundle 300.0,"LINESTRING (100.89358957528808 4.794662589968874, 100.89359437347427 4.799377238679227, 100.8934486 4.8006757, 100.8930624 4.8044777, 100.8927807 4.8072267, 100.8924776 4.8101106, 100.8921812 4.8128996, 100.8918111 4.8164129, 100.8924441 4.8199009, 100.8929805 4.8229043, 100.8936015 4.826159, 100.8941891 4.8293689, 100.8947963 4.832566, 100.8956466 4.8370433, 100.8963397 4.8408424, 100.8966099 4.8421891, 100.8968317 4.8456555, 100.896895 4.8471384, 100.8969393 4.8494867, 100.8971268 4.8535712, 100.8973005 4.8558175, 100.8974653 4.8593283, 100.8976237 4.8623068, 100.8977695 4.8652092, 100.8979532 4.8679786, 100.8980927 4.8709317, 100.898295 4.8743325, 100.8983634 4.87659, 100.8985891 4.8808244, 100.8987875 4.8845732, 100.8989449 4.8873574, 100.8990064 4.8895807, 100.8991361 4.8917944, 100.8993143 4.8948345, 100.9003609 4.897174, 100.9016582 4.9001661, 100.902732 4.9027153, 100.9039983 4.9056387, 100.9054062 4.9087959, 100.9062681 4.9107045, 100.9080673 4.9148295, 100.9097525 4.9188485, 100.9111784 4.9221283, 100.9121208 4.9242747, 100.9129516 4.9262482, 100.9140131 4.9286252, 100.914984 4.9308552, 100.9166926 4.9346873, 100.9176743 4.936968, 100.9182989 4.9383931, 100.9185641 4.9404065, 100.9189309 4.9431854, 100.9194423 4.9469055, 100.9198291 4.9497198, 100.9202712 4.9527613, 100.9206565 4.9559482, 100.9209659 4.9578756, 100.9212868 4.9604326, 100.9216963 4.9634613, 100.9221022 4.9660087, 100.9227199 4.9705623, 100.9232817 4.9746698, 100.9235219 4.97656, 100.9239919 4.9801525, 100.9243992 4.9828678, 100.9245767 4.984215, 100.9249944 4.9874419, 100.9254435 4.9904904, 100.9259393 4.9940205, 100.9263091 4.9968734, 100.9268792 5.0006187, 100.9280068 5.0032255, 100.9294592 5.0066829, 100.9303512 5.0086458, 100.9314501 5.0111372, 100.9324597 5.0135175, 100.9331699 5.0152161, 100.9345362 5.0184385, 100.9357556 5.0212762, 100.9369901 5.0241064, 100.9380953 5.0266589, 100.9396339 5.0301545, 100.9407422 5.0326724, 100.9419416 5.0353973, 100.9430306 5.0380024, 100.9443006 5.0409374, 100.9452353 5.0430495, 100.9462103 5.0453045, 100.9475065 5.0482762, 100.9499466 5.0538916, 100.9516498 5.0577871, 100.9528863 5.0603373, 100.9543998 5.0634298, 100.9553929 5.065447, 100.9573133 5.0693851, 100.9581971 5.0711992, 100.9590313 5.0728971, 100.9608726 5.0766722, 100.9625772 5.0801494, 100.9641597 5.0833954, 100.965254 5.0856223, 100.9665683 5.088354, 100.9691523 5.0936268, 100.9711867 5.097728, 100.9725926 5.0996822, 100.9738598 5.1013563, 100.9765431 5.1050054, 100.9794235 5.108862, 100.9809863 5.1109218, 100.9824502 5.1128329, 100.984449 5.1154887, 100.9862374 5.1177973, 100.9883401 5.1205586, 100.9896512 5.1222868, 100.9920883 5.1254868, 100.9936535 5.1275417, 100.9955017 5.1299702, 100.9968119 5.1317285, 100.9995557 5.1352009, 101.00051 5.1364158, 101.0023744 5.1388491, 101.0045335 5.1416724, 101.0063916 5.1440957, 101.0079898 5.1461473, 101.0097757 5.1484539, 101.01142 5.1505755, 101.0126319 5.1521605, 101.0147217 5.1548676, 101.0160806 5.1566208, 101.0178089 5.1588968, 101.019352 5.160882, 101.02075 5.1627003, 101.0233433 5.1660733, 101.0246916 5.1678528, 101.0266925 5.1704526, 101.0285103 5.1728144, 101.0306966 5.175655, 101.0324588 5.1779447, 101.0347356 5.1809028, 101.0364678 5.1831534, 101.0385627 5.1858752, 101.0410541 5.1891188, 101.0426335 5.1911902, 101.0440662 5.1930256, 101.0465451 5.1962882, 101.0479019 5.1980617, 101.049768 5.2005354, 101.0517733 5.203153, 101.0546758 5.206942, 101.0570059 5.2099837, 101.0593619 5.2130391, 101.0610788 5.2152835, 101.0632095 5.218065, 101.0650475 5.2204685, 101.0672329 5.2233031, 101.0684653 5.2249023, 101.07028049832986 5.227311258478825, 101.06916374978988 5.232370939333727)"
way/320730394-275,MY7-275,275.0,1843.3350719551768,11491.56,Al/St 240/40 3-bundle 300.0,"LINESTRING (101.21461699837732 5.4365235969222425, 101.21666986373152 5.429309812244495, 101.2168801 5.4285821, 101.2173182 5.4270655, 101.2223585 5.4228679, 101.2249039 5.4213939, 101.2262962 5.4218236, 101.2304145 5.4230948, 101.2347431 5.4265519, 101.2363328 5.4277663, 101.2416751 5.4308237, 101.2439483 5.4303357, 101.2465574 5.4298157, 101.2490317 5.4285313, 101.2510873 5.4273764, 101.25655 5.4242163, 101.2591918 5.4239767, 101.2635831 5.4236203, 101.265997 5.4234138, 101.2697598 5.4233725, 101.272697 5.4233419, 101.2763581 5.4188265, 101.2783429 5.4163846, 101.2805117 5.4139362, 101.2822974 5.4116961, 101.2848103 5.4087343, 101.2910875 5.408706, 101.29192857745294 5.408942331722514, 101.29696642049193 5.409007064419002)"
way/552780098-275,way/755700381-275,275.0,1843.3350719551768,40585.19,Al/St 240/40 3-bundle 300.0,"LINESTRING (103.44903982401718 4.596487364923539, 103.44593753600965 4.5930987251142446, 103.444448 4.5925977, 103.4425047 4.5919413, 103.4396616 4.5915871, 103.4366883 4.5912248, 103.4339578 4.590892, 103.4331431 4.5883333, 103.4323747 4.5859083, 103.4315693 4.583486, 103.4307969 4.5809234, 103.4300472 4.5785425, 103.4288268 4.5756148, 103.4275849 4.5726176, 103.4251763 4.5713583, 103.4226121 4.5700121, 103.4202404 4.5687716, 103.4177358 4.5674715, 103.4151026 4.5661005, 103.4125303 4.5647704, 103.4118591 4.5624737, 103.4121099 4.5598949, 103.4124961 4.5560434, 103.4129481 4.5520354, 103.4133893 4.5484004, 103.413738 4.5455903, 103.4140371 4.543073, 103.4143348 4.5405462, 103.4129266 4.5375436, 103.4121126 4.5354286, 103.4116808 4.5342935, 103.4107044 4.5317935, 103.4108372 4.5306625, 103.4110317 4.5288483, 103.4111282 4.5278536, 103.4112664 4.5266263, 103.411607 4.5234792, 103.4111765 4.5190567, 103.4109525 4.5168186, 103.4108144 4.5153359, 103.4105998 4.5132009, 103.4108399 4.5097288, 103.41143 4.506488, 103.4123084 4.5018648, 103.4130004 4.4996321, 103.4136938 4.4972028, 103.4145749 4.4942588, 103.4147445 4.4928877, 103.4151515 4.4891067, 103.4155995 4.4851231, 103.4159374 4.4819892, 103.4161775 4.4800271, 103.4165919 4.4752867, 103.41649 4.4725713, 103.4160514 4.4689005, 103.4155914 4.4650291, 103.4151006 4.4612426, 103.4148377 4.4590512, 103.4144662 4.4560308, 103.4150979 4.4522951, 103.4155083 4.4498015, 103.4160045 4.4467349, 103.4163089 4.4449546, 103.4168829 4.4414568, 103.4174944 4.4377678, 103.4182468 4.4332043, 103.4187135 4.4304633, 103.41891 4.4292993, 103.4194585 4.4258242, 103.4199131 4.4231674, 103.4206675 4.4186305, 103.4209055 4.4172399, 103.4213662 4.4144774, 103.4216948 4.4124443, 103.4236407 4.4086723, 103.4254961 4.4050092, 103.4264973 4.4030804, 103.4277445 4.4005839, 103.4285974 4.398887, 103.4304214 4.3953235, 103.4324773 4.3911609, 103.4343985 4.3872996, 103.4358595 4.3843962, 103.4373649 4.3813922, 103.4386262 4.3788555, 103.4399526 4.3762246, 103.4411495 4.3737842, 103.442789 4.3705776, 103.4451125 4.3659602, 103.4457716 4.3646217, 103.4459366 4.3624902, 103.4462155 4.3587058, 103.4463926 4.3557893, 103.4466849 4.3507292, 103.4469464 4.3469047, 103.4471624 4.3428676, 103.4473354 4.3398587, 103.4477203 4.3369061, 103.4480448 4.3347918, 103.4484887 4.3337367, 103.4496219 4.3310702, 103.4515632 4.326468, 103.4526401 4.3238315, 103.4535648 4.3215982, 103.4544177 4.3195308, 103.455268 4.3175997, 103.4566701 4.3143842, 103.458095 4.3110028, 103.4599082 4.3067127, 103.4607813 4.3046238, 103.4616865 4.3025021, 103.4623021 4.3010451, 103.4638175 4.2965076, 103.4649474 4.2930572, 103.4656173 4.2900897, 103.4660572 4.2882508, 103.4623115 4.2858396, 103.4600893 4.2858569, 103.4571831 4.285861, 103.4541187 4.2858636, 103.4508276 4.2858623, 103.4508227 4.2829455, 103.45082139652101 4.282152926842524, 103.44927056742367 4.272239875227257)"
way/552780098-275,way/755700381-275,275.0,1843.3350719551768,40575.86,Al/St 240/40 3-bundle 300.0,"LINESTRING (103.44903982401718 4.596487364923539, 103.4460346177576 4.592942543126971, 103.4445137 4.5924279, 103.4425423 4.5917609, 103.439683 4.5914026, 103.4369244 4.5910764, 103.4340987 4.5907222, 103.4333168 4.5882745, 103.4325477 4.5858535, 103.4317584 4.5834352, 103.4309672 4.5808672, 103.4302148 4.5784783, 103.4289958 4.57554, 103.4277284 4.5724866, 103.4252608 4.5711952, 103.4226993 4.5698544, 103.4203228 4.5686125, 103.4178237 4.567311, 103.4151918 4.5659455, 103.4126873 4.5646414, 103.4120482 4.562459, 103.4122963 4.5599109, 103.4126772 4.5560688, 103.4131305 4.5520528, 103.4135744 4.5484178, 103.413911 4.5456077, 103.4142181 4.543097, 103.4145319 4.5405182, 103.4130956 4.5374633, 103.4122735 4.5353189, 103.4118792 4.5343042, 103.4109083 4.5317761, 103.4112154 4.528867, 103.4114407 4.5266985, 103.4117894 4.5234645, 103.4113475 4.518949, 103.411147 4.5168748, 103.4110028 4.5154008, 103.4107956 4.5131821, 103.4110149 4.5097435, 103.4116097 4.5065214, 103.4124318 4.5022164, 103.4131694 4.4997323, 103.4138949 4.4972563, 103.4147532 4.4944072, 103.4148739 4.4934004, 103.415342 4.4891622, 103.4157738 4.4851712, 103.4161252 4.481937, 103.4163404 4.4799228, 103.4167877 4.4751945, 103.4166576 4.4725499, 103.4162197 4.4689199, 103.4157658 4.4649997, 103.41524 4.4612212, 103.4150255 4.4590432, 103.4146714 4.4560375, 103.4152736 4.4523178, 103.4156826 4.4498309, 103.4161882 4.4467543, 103.4164926 4.4449787, 103.4170626 4.4414728, 103.4176929 4.4378012, 103.4184372 4.4332284, 103.4191031 4.4292539, 103.4196516 4.425768, 103.4201076 4.4231995, 103.420872 4.4185008, 103.4210819 4.4173048, 103.4215654 4.4144239, 103.4218852 4.4124951, 103.4237923 4.4087358, 103.4256926 4.4050453, 103.4265348 4.4033718, 103.4278746 4.4007577, 103.428753 4.3990188, 103.4306031 4.3953984, 103.4325792 4.3913555, 103.4345792 4.3873596, 103.4360339 4.3844844, 103.4374735 4.381568, 103.4387791 4.3789284, 103.4401189 4.3763209, 103.4413279 4.3738738, 103.4427749 4.3709728, 103.4452774 4.3660405, 103.445954 4.3646819, 103.4461217 4.3624848, 103.4463993 4.358869, 103.4465843 4.3557586, 103.4468754 4.3507386, 103.4471369 4.3469328, 103.4473541 4.3429117, 103.4475164 4.3398828, 103.4478866 4.3370946, 103.4482346 4.3348333, 103.4486698 4.3337555, 103.4497882 4.331125, 103.4517409 4.3265288, 103.4528325 4.3238476, 103.453723 4.3217132, 103.4545881 4.3195976, 103.4554289 4.3176719, 103.4568364 4.3144571, 103.4582694 4.3110871, 103.4600732 4.3067876, 103.4609348 4.3047201, 103.4618703 4.3025396, 103.4624925 4.3010425, 103.4639919 4.2965631, 103.4651305 4.2931121, 103.4658574 4.2899011, 103.4662731 4.2881599, 103.4623678 4.2856657, 103.4600886 4.2856657, 103.4571764 4.2856724, 103.4541173 4.2856791, 103.451006 4.2856764, 103.4510013 4.2829535, 103.45099973143769 4.282037860096026, 103.44927056742367 4.272239875227257)"
way/552681748-275,way/755700381-275,275.0,1843.3350719551768,4516.22,Al/St 240/40 3-bundle 300.0,"LINESTRING (103.43411777371188 4.290881340985603, 103.4342156568336 4.285821120959727, 103.4342113 4.2821471, 103.4345305 4.2784199, 103.4348282 4.2749454, 103.4346499 4.2724766, 103.4342368 4.2712195, 103.4343106 4.269965, 103.4370323 4.270058, 103.4398567 4.2701743, 103.4425798 4.270286, 103.44427965048938 4.270349198891765, 103.44927056742367 4.272239875227257)"
way/755700381-275,way/755700380-275,275.0,1843.3350719551768,1834.58,Al/St 240/40 3-bundle 300.0,"LINESTRING (103.44927056742367 4.272239875227257, 103.45150150989629 4.265368875159481, 103.4518582 4.2645493, 103.4549421 4.2628822, 103.45611093079475 4.2624570640430175, 103.4608834304796 4.262503641963683)"
way/559750680-275,way/553040556-275,275.0,1843.3350719551768,130972.49,Al/St 240/40 3-bundle 300.0,"LINESTRING (102.50869320526797 3.4758832155581336, 102.51426006793027 3.4755390972155684, 102.5162387 3.4767753, 102.518658 3.4784298, 102.5212437 3.4801379, 102.5237328 3.4817175, 102.5273578 3.4835916, 102.5300817 3.484983, 102.5326192 3.4863222, 102.5354175 3.4877394, 102.5378757 3.4889843, 102.542468 3.4913101, 102.5456853 3.492911, 102.5494176 3.4947396, 102.5511718 3.4956445, 102.5584674 3.4992801, 102.5599158 3.5000351, 102.5641268 3.5021233, 102.5687778 3.5044364, 102.5708163 3.5054431, 102.5734448 3.506712, 102.5754672 3.5076972, 102.5768244 3.5103102, 102.5786322 3.5136888, 102.5799304 3.5161678, 102.5816363 3.5193643, 102.582441 3.5208635, 102.584179 3.5241457, 102.5892484 3.5271066, 102.5952136 3.5305119, 102.6142895 3.5413917, 102.6180339 3.5434959, 102.6203044 3.5447514, 102.6241238 3.5468984, 102.6259236 3.5479104, 102.6282638 3.5492355, 102.6318473 3.5512594, 102.6341379 3.5567687, 102.6375603 3.5569134, 102.640764 3.557041, 102.6445517 3.557215, 102.6469924 3.5573108, 102.6530689 3.5575772, 102.656081 3.5581153, 102.6612939 3.5591111, 102.6651893 3.5597976, 102.6683111 3.5603478, 102.6712528 3.5608995, 102.6747544 3.5615974, 102.678207 3.5622351, 102.6806952 3.5626947, 102.6853194 3.5635489, 102.6887584 3.5641841, 102.6914513 3.5647436, 102.6956919 3.5655641, 102.7017081 3.566746, 102.7076679 3.5678891, 102.7130042 3.5689425, 102.7141414 3.568602, 102.7176404 3.5675545, 102.7200289 3.5668424, 102.722396 3.5661343, 102.7253034 3.5652545, 102.7277926 3.5645013, 102.7322142 3.5631829, 102.7357453 3.5621295, 102.7394628 3.5610887, 102.742486 3.5601837, 102.7447374 3.5595167, 102.747964 3.5585463, 102.7510822 3.5575384, 102.7549258 3.5579614, 102.7589075 3.5584084, 102.7611767 3.5586654, 102.7648733 3.5590891, 102.7678136 3.559426, 102.7699247 3.559668, 102.7754716 3.5602906, 102.7772257 3.5605059, 102.7794372 3.5607696, 102.782462 3.5611079, 102.7827899 3.5617918, 102.7846849 3.5661303, 102.7857717 3.5683893, 102.7873025 3.5717274, 102.7878314 3.5728418, 102.7894639 3.5764662, 102.7907386 3.579186, 102.7931542 3.5809135, 102.7950814 3.5822917, 102.7969835 3.5836873, 102.7996074 3.5855666, 102.8007701 3.5864212, 102.8028408 3.5879263, 102.805546 3.5898456, 102.8075847 3.5913331, 102.8103032 3.5932853, 102.8132174 3.5954015, 102.8149963 3.5966831, 102.8195214 3.5999672, 102.8232404 3.6026482, 102.8281246 3.6061, 102.8304957 3.6078332, 102.8324202 3.609173, 102.8350192 3.6109237, 102.8366983 3.6121363, 102.8388146 3.6136836, 102.8412017 3.6154369, 102.8456944 3.618692, 102.8467485 3.6203945, 102.8480598 3.6225345, 102.8501137 3.6259334, 102.8515712 3.6284014, 102.8532643 3.6311138, 102.8548589 3.6338355, 102.8564099 3.6364613, 102.8576294 3.6385153, 102.8591499 3.6410638, 102.8606399 3.6435389, 102.8624994 3.646377, 102.8660327 3.6518085, 102.8682862 3.6552385, 102.8693067 3.6569377, 102.8709436 3.6594529, 102.872366 3.6618118, 102.8737415 3.6619788, 102.877236 3.6622508, 102.8805255 3.662485, 102.8863964 3.6630176, 102.8918693 3.6634508, 102.8953227 3.6637493, 102.897945 3.6654584, 102.9002454 3.6669686, 102.9021766 3.6682643, 102.9039154 3.6693743, 102.9081298 3.6722249, 102.9115154 3.674438, 102.9121861 3.6748764, 102.9143577 3.6781016, 102.9159966 3.680642, 102.9170854 3.6822984, 102.9193623 3.6857168, 102.920931 3.6881284, 102.9230323 3.6912657, 102.9247005 3.6938119, 102.9259005 3.6956382, 102.9287803 3.6963347, 102.9309987 3.6969318, 102.9368989 3.6984653, 102.9388246 3.6989394, 102.9461512 3.7008625, 102.9487092 3.701507, 102.95042 3.7008769, 102.954077 3.6997513, 102.9557465 3.6992087, 102.9587786 3.6983131, 102.9614887 3.6974995, 102.9650317 3.6964493, 102.9691858 3.6951172, 102.971609 3.694409, 102.9733766 3.6938766, 102.9767483 3.6927349, 102.982028 3.6949592, 102.9838779 3.6957349, 102.9863653 3.6967854, 102.9883048 3.6975621, 102.9902519 3.6983658, 102.9925271 3.6997593, 102.9939219 3.7006135, 102.995795 3.7017139, 102.9980921 3.7030871, 102.9998584 3.7041612, 103.0015233 3.705098, 103.0042383 3.706745, 103.0063205 3.7080428, 103.0084213 3.7093288, 103.0101876 3.7103074, 103.0114109 3.7111189, 103.013006 3.7120168, 103.0147108 3.7114232, 103.0163246 3.7108216, 103.0211381 3.7087245, 103.0221274 3.7083103, 103.0248149 3.7071421, 103.0276069 3.7059104, 103.0306855 3.7045821, 103.0341839 3.7030582, 103.0374056 3.701652, 103.0401628 3.7004464, 103.0420945 3.6995978, 103.0456743 3.6980482, 103.0478999 3.6987886, 103.049477 3.6993351, 103.0536002 3.7007295, 103.0552447 3.7013308, 103.060594 3.7031643, 103.0639607 3.7042927, 103.065134 3.7047517, 103.0675265 3.7055453, 103.0699029 3.706379, 103.0709785 3.7066199, 103.072502 3.7063897, 103.0750045 3.7060431, 103.0777498 3.7056817, 103.0816309 3.705121, 103.0839925 3.7047984, 103.0858983 3.7045294, 103.0904339 3.7038322, 103.0927983 3.7034963, 103.0975101 3.7028467, 103.0996231 3.7025314, 103.1025707 3.7028313, 103.1041411 3.7030104, 103.1068475 3.7033191, 103.1099242 3.7036699, 103.1132797 3.7040526, 103.1165224 3.7044224, 103.1196643 3.7047747, 103.1230915 3.7051746, 103.1267867 3.7056044, 103.1287414 3.7058317, 103.1305356 3.7060351, 103.1339859 3.7078544, 103.1366578 3.7093046, 103.1402987 3.7112163, 103.1418194 3.7120001, 103.1460172 3.7142713, 103.1493153 3.7158961, 103.1521337 3.7173871, 103.1553873 3.7190815, 103.1580214 3.7204718, 103.1606604 3.7219086, 103.1631312 3.7231854, 103.165979 3.7246831, 103.1680622 3.7257605, 103.1703954 3.7270458, 103.1727711 3.7283108, 103.1749982 3.7294692, 103.1773476 3.7306512, 103.1800254 3.732055, 103.1826675 3.7334542, 103.1856225 3.7350145, 103.1884792 3.73653, 103.1912375 3.7379695, 103.1933521 3.7390961, 103.1961283 3.7405445, 103.1989224 3.7420198, 103.2011085 3.7431821, 103.2025679 3.7439253, 103.2037083 3.7445693, 103.2046094 3.7449807, 103.2054091 3.7453904, 103.206436 3.7459854, 103.207457 3.7464772, 103.2086809 3.7471268, 103.2100996 3.7478834, 103.2116359 3.7486976, 103.2133808 3.7496361, 103.2155869 3.7505496, 103.2183842 3.7516968, 103.2211006 3.7528251, 103.2237094 3.7538498, 103.226288 3.7549495, 103.2293442 3.7561815, 103.2322192 3.7573914, 103.2351402 3.7585937, 103.2376128 3.7596127, 103.240578 3.7612185, 103.2435726 3.7628544, 103.2463632 3.7643788, 103.2492518 3.7659567, 103.2520698 3.7674941, 103.2548437 3.7690052, 103.2547752 3.7726752, 103.2547127 3.7769032, 103.2546557 3.7793684, 103.2570509 3.7816065, 103.2596935 3.7840757, 103.2622469 3.7850464, 103.2648489 3.7860347, 103.2675968 3.7870619, 103.2698536 3.7879183, 103.272918 3.7890638, 103.2732393 3.7893193, 103.2719664 3.7909719, 103.2719278 3.7920788, 103.2719076 3.7940588, 103.2718049 3.7976936, 103.271785 3.8005406, 103.2717181 3.8037107, 103.2716517 3.8062134, 103.27164126780121 3.806606791841779, 103.27390981924329 3.8104122063946333)"
way/553040556-275,way/552780098-275,275.0,1843.3350719551768,253674.66,Al/St 240/40 3-bundle 300.0,"LINESTRING (102.50869320526797 3.4758832155581336, 102.51410516042313 3.4759003602281, 102.5161797 3.4772304, 102.5186044 3.4788261, 102.5211579 3.4805074, 102.5235665 3.4820495, 102.526655 3.4836331, 102.5297549 3.4852176, 102.5324723 3.4866417, 102.5357036 3.4882817, 102.5372285 3.4890556, 102.5379555 3.4894246, 102.5422454 3.4916019, 102.5455311 3.4932832, 102.549138 3.4950676, 102.5510913 3.496034, 102.5543421 3.4975507, 102.5556672 3.4981932, 102.5583333 3.4995264, 102.5598139 3.5002707, 102.5615251 3.5011435, 102.5644165 3.5026106, 102.5657791 3.5032745, 102.5671309 3.5039492, 102.5689065 3.5048273, 102.5710791 3.5059303, 102.5732356 3.5070494, 102.5752044 3.5080346, 102.5764221 3.5103423, 102.5783747 3.5139672, 102.5793135 3.5157877, 102.5804561 3.517924, 102.5817865 3.5204352, 102.5826931 3.5222396, 102.5838947 3.5244938, 102.5902676 3.5281132, 102.5981748 3.5325091, 102.6176047 3.5436886, 102.6202065 3.5451289, 102.6253979 3.5480121, 102.6278508 3.5494176, 102.6315844 3.5515485, 102.632373 3.5533689, 102.6329523 3.5548841, 102.6339555 3.5571917, 102.6367516 3.5572665, 102.6389638 3.5573745, 102.6412278 3.557453, 102.6437402 3.5575791, 102.6453428 3.5576348, 102.6476119 3.5577057, 102.650899 3.5578798, 102.6529992 3.5579788, 102.6563573 3.5585423, 102.6584387 3.5589639, 102.6616601 3.5595429, 102.6658369 3.5602935, 102.6683572 3.5607465, 102.6706873 3.5611876, 102.6732057 3.5617065, 102.6753595 3.5621065, 102.6779723 3.5625918, 102.6805521 3.5630709, 102.685251 3.5639436, 102.6888522 3.5646124, 102.6919502 3.5652081, 102.6954733 3.5658813, 102.6982229 3.5664189, 102.7019629 3.5671502, 102.7076371 3.5682492, 102.7128553 3.5693802, 102.7140512 3.5690149, 102.717973 3.5678168, 102.7201603 3.567181, 102.7215068 3.5667581, 102.7232757 3.5662334, 102.7254444 3.5655931, 102.7280681 3.5647588, 102.7321471 3.5635952, 102.7358486 3.5624869, 102.7396318 3.5613839, 102.7426173 3.5605084, 102.7447646 3.559906, 102.7481376 3.558904, 102.7498186 3.5583606, 102.7511184 3.5579386, 102.7547528 3.5583201, 102.7588995 3.5587752, 102.7625366 3.5591874, 102.7648029 3.5594173, 102.7676234 3.5597549, 102.7683546 3.5598445, 102.773164 3.5604848, 102.7754049 3.5606598, 102.7774402 3.5608927, 102.7791716 3.5611203, 102.7821844 3.5614605, 102.7825324 3.562333, 102.7841377 3.5657917, 102.7854799 3.5686347, 102.7870198 3.5719942, 102.7874357 3.572889, 102.7891682 3.5766175, 102.790153 3.5796797, 102.7928191 3.5811067, 102.7950451 3.5827084, 102.7966583 3.5839176, 102.7994216 3.5858811, 102.8006132 3.5867585, 102.8029293 3.5884015, 102.8056308 3.59036, 102.8072034 3.5915, 102.809101 3.5928417, 102.8099353 3.5934479, 102.8129204 3.5955951, 102.8152646 3.5973008, 102.8171799 3.598701, 102.8193364 3.6001947, 102.8230289 3.6029103, 102.8270128 3.6057225, 102.8291827 3.6073072, 102.8308517 3.6084732, 102.8324014 3.6095853, 102.8345096 3.6110468, 102.8364757 3.6124602, 102.8387448 3.6141306, 102.841199 3.6159, 102.8447065 3.6184191, 102.8454182 3.6189302, 102.8462686 3.6203315, 102.8475305 3.622451, 102.8490373 3.6249205, 102.8501024 3.6267178, 102.851179 3.6285302, 102.8523157 3.6302912, 102.8529001 3.6312959, 102.8540154 3.6331657, 102.8550689 3.6349548, 102.8563367 3.6369891, 102.8557142 3.6416169, 102.8584056 3.6404296, 102.8592244 3.6419495, 102.8602757 3.6437375, 102.8625228 3.6471438, 102.863984 3.6493267, 102.8653771 3.65151, 102.8666414 3.6534006, 102.8679702 3.6554434, 102.8693398 3.6576677, 102.8706217 3.6597749, 102.8719004 3.6617794, 102.8721806 3.6622557, 102.8733259 3.6623445, 102.8767853 3.6625845, 102.880385 3.6628654, 102.8858813 3.663322, 102.8912898 3.6637844, 102.8951881 3.6641239, 102.8976231 3.665634, 102.8997712 3.6670623, 102.9019897 3.6685666, 102.9034298 3.6695194, 102.9074801 3.6722015, 102.9113731 3.6747777, 102.9119202 3.6751397, 102.9140182 3.6783299, 102.9156513 3.6808, 102.9168044 3.6825677, 102.9190228 3.6859099, 102.9205681 3.6882571, 102.9227924 3.691535, 102.9243903 3.6939231, 102.9257249 3.6959835, 102.9284057 3.6966566, 102.9307587 3.697242, 102.936735 3.6988224, 102.939129 3.6994077, 102.9456018 3.7010502, 102.9490621 3.7019012, 102.9505919 3.7012866, 102.9536511 3.7002623, 102.9558168 3.6996067, 102.9590595 3.6986175, 102.9651504 3.696802, 102.9695721 3.6954216, 102.9722588 3.6945963, 102.9738157 3.6941245, 102.9767366 3.6931856, 102.9796982 3.6944235, 102.9819519 3.6953631, 102.9839654 3.6962001, 102.9863462 3.697136, 102.9881869 3.6979217, 102.9900236 3.698717, 102.9922279 3.6999827, 102.9935132 3.7007974, 102.9956077 3.7020241, 102.9978057 3.7033556, 102.9994526 3.7043581, 103.0017739 3.7057186, 103.0039579 3.7070553, 103.0059112 3.7082041, 103.0078485 3.7093825, 103.0099072 3.7106177, 103.011393 3.7114889, 103.0139887 3.7130105, 103.0163076 3.7165098, 103.0174255 3.7181091, 103.0194659 3.721011, 103.0216985 3.7243045, 103.0239388 3.7276064, 103.0254912 3.7299919, 103.0254824 3.7330002, 103.0255084 3.7387626, 103.0255365 3.7413922, 103.0252764 3.7462467, 103.0252643 3.7492116, 103.0252261 3.7519021, 103.0251919 3.7551573, 103.0251423 3.7601369, 103.0250987 3.7647798, 103.0250464 3.7679279, 103.0250182 3.7716997, 103.0249947 3.7745781, 103.0249572 3.7773599, 103.0248874 3.7819194, 103.0248774 3.7845493, 103.0248754 3.788164, 103.0243676 3.7909052, 103.0237313 3.7943141, 103.0232113 3.7971111, 103.0227705 3.7995594, 103.0224013 3.8014772, 103.0216779 3.8055206, 103.0210137 3.8091618, 103.0206961 3.8109469, 103.0200736 3.8143047, 103.0193728 3.8181868, 103.01867 3.8223331, 103.0200224 3.8254133, 103.020703 3.826959, 103.0237462 3.8302526, 103.0271593 3.833899, 103.0275576 3.8365952, 103.0280565 3.8399565, 103.0282617 3.8412304, 103.0286432 3.8437746, 103.0292881 3.8478653, 103.0297628 3.8506217, 103.0300632 3.8531373, 103.0305353 3.856049, 103.0310288 3.8590998, 103.0310825 3.8619043, 103.0312434 3.8652548, 103.0315363 3.8724002, 103.0317231 3.8771154, 103.0319566 3.8829675, 103.0320967 3.8882418, 103.0326945 3.8904409, 103.0337032 3.8946529, 103.0324797 3.8973645, 103.0303595 3.899368, 103.0288371 3.9005701, 103.0249236 3.9038687, 103.0241484 3.9082204, 103.0237281 3.9119663, 103.0235506 3.9159359, 103.0233795 3.9201827, 103.0253075 3.9225857, 103.0279579 3.9258868, 103.028075 3.928453, 103.0282206 3.9320619, 103.0284481 3.9376987, 103.0286604 3.9426007, 103.0287622 3.945062, 103.0289219 3.9491397, 103.0290315 3.9515208, 103.0291536 3.9544828, 103.0292747 3.9582072, 103.028449 3.9606594, 103.0274344 3.963673, 103.0265251 3.9663733, 103.0256346 3.9690183, 103.0245694 3.9721239, 103.0238655 3.974067, 103.0230259 3.976719, 103.0223749 3.9786739, 103.0228333 3.9799397, 103.0238364 3.9824447, 103.0254593 3.9864691, 103.0269476 3.9901598, 103.0280041 3.9927796, 103.0289239 3.9951602, 103.0297477 3.9972146, 103.0311625 4.0006663, 103.0325977 4.0042594, 103.0336939 4.0069435, 103.0336739 4.0097269, 103.0336483 4.0156566, 103.03361 4.0188299, 103.0335817 4.0228538, 103.0335485 4.025624, 103.0335153 4.0271085, 103.0335086 4.0305017, 103.033563 4.0342533, 103.0335276 4.0379634, 103.0340608 4.0379716, 103.039307 4.0384138, 103.0426048 4.0387724, 103.0466294 4.0391469, 103.0490313 4.0415121, 103.052533 4.0456217, 103.0569385 4.0509233, 103.0619971 4.0571839, 103.0659883 4.0618941, 103.0677961 4.0641241, 103.0716719 4.0687513, 103.072588 4.0698689, 103.0729097 4.0697479, 103.0761559 4.067831, 103.0780542 4.0666457, 103.081069 4.0647582, 103.0833596 4.0633402, 103.0853565 4.0620921, 103.0877772 4.0605845, 103.0907531 4.0587297, 103.094022 4.0566776, 103.0956646 4.0556574, 103.0970255 4.0548121, 103.099654 4.0531827, 103.1018749 4.0517808, 103.1035667 4.0507407, 103.1074217 4.0528603, 103.1097525 4.0541319, 103.1125849 4.0556937, 103.1146858 4.0568589, 103.116733 4.0579866, 103.120814 4.0602233, 103.1235223 4.0617222, 103.1256822 4.0628921, 103.1270333 4.0636586, 103.1285354 4.066118, 103.1304082 4.0692008, 103.1317487 4.0713993, 103.1332473 4.0738975, 103.1359349 4.0783267, 103.1369964 4.0800523, 103.1397121 4.084529, 103.1413087 4.0871355, 103.1434666 4.0907258, 103.1446239 4.092628, 103.1457458 4.0944907, 103.1472404 4.0969333, 103.1479606 4.0981312, 103.1504805 4.1022874, 103.1513335 4.1036812, 103.1542598 4.1086707, 103.15557 4.1109367, 103.1568038 4.11301, 103.1584454 4.1158285, 103.1600922 4.1186188, 103.1613958 4.1208192, 103.162238 4.1223294, 103.1635576 4.1246555, 103.1658917 4.12867, 103.1667213 4.1300542, 103.1683038 4.1327101, 103.1697373 4.1350859, 103.1717303 4.1383889, 103.172814 4.1403057, 103.1740759 4.1424425, 103.1754264 4.1448656, 103.1769848 4.1475056, 103.1780308 4.1493679, 103.1798677 4.1525806, 103.1816451 4.1556686, 103.1841235 4.1599689, 103.1847464 4.1611292, 103.1859192 4.1630774, 103.1870142 4.1649105, 103.1882476 4.1671384, 103.188936 4.1683413, 103.1902879 4.1707035, 103.1924064 4.174418, 103.1931149 4.1756604, 103.1948148 4.1786565, 103.1960271 4.1807418, 103.1955349 4.1830617, 103.1946612 4.1866563, 103.1940671 4.1892879, 103.1935166 4.1915757, 103.1930754 4.193584, 103.1922633 4.1969385, 103.1913286 4.200953, 103.1905769 4.2042192, 103.1898741 4.2073171, 103.1895896 4.2085713, 103.1891821 4.2103676, 103.1884636 4.2134298, 103.187833 4.2161171, 103.1869841 4.2197346, 103.1870136 4.2212828, 103.1871624 4.224171, 103.1872979 4.2268386, 103.1873899 4.2290564, 103.1875433 4.2322058, 103.1876425 4.2343443, 103.1877646 4.2368574, 103.1877903 4.2381226, 103.1879711 4.241739, 103.1880878 4.244668, 103.1882501 4.2475488, 103.1884164 4.2518259, 103.1885744 4.2554866, 103.1887329 4.2591589, 103.1888214 4.2620263, 103.1911902 4.264278, 103.1932926 4.2662765, 103.1951514 4.2681248, 103.1978685 4.2707668, 103.2005151 4.2732971, 103.2032463 4.2760608, 103.2057609 4.2784841, 103.2076974 4.2803417, 103.2088508 4.2815105, 103.2108571 4.2824066, 103.2150695 4.2842936, 103.2166855 4.2850358, 103.2185899 4.285865, 103.2205734 4.2867329, 103.2225582 4.2876503, 103.2254724 4.2890746, 103.228514 4.2904721, 103.2307322 4.2915099, 103.2329866 4.2925731, 103.2367726 4.2944093, 103.2398839 4.2958844, 103.2419667 4.296204, 103.2448755 4.2966266, 103.2483838 4.2971388, 103.2507764 4.2975106, 103.2560281 4.2983063, 103.258422 4.2966039, 103.261241 4.2945671, 103.263248 4.2931382, 103.2657512 4.2913561, 103.2687378 4.289191, 103.2706955 4.2877851, 103.2724493 4.2865256, 103.2746527 4.2849449, 103.2771948 4.283118, 103.2811967 4.280216, 103.2849678 4.2775091, 103.2868615 4.276137, 103.2899339 4.2738701, 103.2926403 4.2719764, 103.2951743 4.2701375, 103.2975608 4.2684116, 103.2994075 4.2670662, 103.3021561 4.2650962, 103.3032015 4.2643512, 103.3053687 4.2628381, 103.3064872 4.2620263, 103.3088636 4.2612746, 103.3112039 4.2602582, 103.3128488 4.2587381, 103.315537 4.256254, 103.319976 4.2521776, 103.3215046 4.2510608, 103.3245941 4.2488038, 103.3260459 4.2478043, 103.3288072 4.2478083, 103.3316866 4.2477976, 103.3342856 4.2477989, 103.3367396 4.2480154, 103.3393946 4.2482496, 103.3421405 4.2485037, 103.344406 4.2487059, 103.3474016 4.2489732, 103.3506357 4.249258, 103.3530879 4.2494794, 103.3555569 4.24969, 103.3580815 4.2499154, 103.3608824 4.2501648, 103.3637349 4.2504149, 103.3665184 4.250673, 103.3692817 4.2509258, 103.3721937 4.2511999, 103.3748017 4.2514454, 103.377618 4.2517015, 103.3803552 4.2519904, 103.38337 4.2521897, 103.3857009 4.2523976, 103.3887157 4.2527246, 103.3914167 4.2529781, 103.3940935 4.2532248, 103.3968656 4.2534869, 103.3992393 4.2536996, 103.4002116 4.256246, 103.4012711 4.2590358, 103.4023225 4.261827, 103.4034538 4.2650321, 103.4042323 4.267333, 103.4023547 4.2697811, 103.4002586 4.2724947, 103.3984394 4.2748545, 103.3971767 4.2764927, 103.3963834 4.2796476, 103.3955774 4.2828024, 103.3952026 4.2843812, 103.3954715 4.2874163, 103.3957242 4.2901253, 103.3960173 4.2932665, 103.3962755 4.2961438, 103.3965236 4.2987529, 103.396816 4.3019298, 103.397103 4.3050143, 103.3973967 4.3081196, 103.3976434 4.3108343, 103.3979318 4.3140987, 103.3982295 4.3173042, 103.3972223 4.3205605, 103.3962688 4.3235694, 103.3953944 4.3264258, 103.3954441 4.329511, 103.3954967 4.3327725, 103.3955402 4.3354671, 103.395584 4.3381851, 103.3956277 4.3408964, 103.3956599 4.3437595, 103.3956835 4.3468794, 103.3957404 4.3499661, 103.3958485 4.3533783, 103.3959053 4.3562801, 103.3958933 4.3589786, 103.3935109 4.3598326, 103.3911444 4.3606809, 103.3900206 4.3610714, 103.3876428 4.3619125, 103.384683 4.3629796, 103.3831669 4.3635151, 103.3801889 4.3645736, 103.377502 4.3655317, 103.3752698 4.366332, 103.3735652 4.3669411, 103.3696505 4.3683766, 103.3695595 4.3709361, 103.3693662 4.3747229, 103.369212 4.3770577, 103.3690947 4.3792353, 103.3689699 4.3813868, 103.3688539 4.3832917, 103.3687332 4.3851905, 103.368516 4.3884505, 103.3683845 4.3914992, 103.3682451 4.3934127, 103.3680778 4.3958451, 103.3679071 4.3983261, 103.3677951 4.401191, 103.3675678 4.4044917, 103.3685555 4.4073492, 103.3692824 4.4094933, 103.3701823 4.4120719, 103.3711546 4.4149601, 103.3720565 4.4176096, 103.3736437 4.4222147, 103.3740346 4.4234301, 103.3742264 4.4239355, 103.3744926 4.4242872, 103.3766866 4.4267949, 103.3806704 4.4313718, 103.3816668 4.432517, 103.3838421 4.4350241, 103.3859074 4.4374208, 103.387685 4.4394512, 103.3897577 4.4418419, 103.3896243 4.4430747, 103.3894292 4.4450107, 103.3892112 4.4470745, 103.3889376 4.4498295, 103.388648 4.4525672, 103.3882698 4.4563383, 103.3880089 4.4587403, 103.3878145 4.4605634, 103.3868904 4.4627401, 103.3859 4.4650264, 103.3846843 4.4678522, 103.3836081 4.4703338, 103.3824313 4.4730807, 103.3817258 4.4778084, 103.3813316 4.480461, 103.3810553 4.4824277, 103.3801648 4.4883306, 103.3800039 4.489483, 103.3796887 4.4916048, 103.3792596 4.4945042, 103.3789846 4.496362, 103.3784817 4.4997591, 103.3778916 4.5010773, 103.3766907 4.5036323, 103.3758531 4.5054372, 103.3746555 4.5080095, 103.3733667 4.5108104, 103.3724065 4.5128626, 103.3710828 4.5157257, 103.3701689 4.5176943, 103.3685736 4.5211516, 103.3675168 4.5234384, 103.3662334 4.5262253, 103.3653563 4.528101, 103.3646281 4.5296625, 103.3631918 4.5327949, 103.3623093 4.5346705, 103.3606048 4.5383551, 103.3605303 4.5408457, 103.3604184 4.544587, 103.3603702 4.5473937, 103.3603261 4.5499605, 103.3607255 4.5522613, 103.3608475 4.5529318, 103.3601052 4.554651, 103.3614504 4.5560006, 103.3617917 4.5574177, 103.3642191 4.5578742, 103.3665117 4.5583007, 103.3691161 4.5587986, 103.372094 4.5593641, 103.3751008 4.5599403, 103.3779211 4.5604884, 103.3799603 4.5621201, 103.3819418 4.5637129, 103.3839715 4.5653566, 103.3860053 4.5670009, 103.3878306 4.5684614, 103.3892253 4.5696011, 103.3917419 4.5716344, 103.3936463 4.5731751, 103.395955 4.5750346, 103.398491 4.5770746, 103.4006743 4.5788473, 103.4028442 4.5805925, 103.4052233 4.5825269, 103.4076963 4.584514, 103.4100071 4.5863735, 103.412755 4.587058, 103.4156518 4.5877571, 103.418452 4.5884403, 103.4201927 4.588864, 103.4245802 4.5899221, 103.427306 4.5902677, 103.4299909 4.5905938, 103.4325859 4.5909087, 103.4354572 4.5912622, 103.437605 4.5915296, 103.4400022 4.5918163, 103.4424517 4.5921298, 103.4443232 4.5927528, 103.44583512056452 4.593274149376365, 103.44903982401718 4.596487364923539)"
way/691450925-275,way/513083092-275,275.0,1843.3350719551768,4001.27,Al/St 240/40 3-bundle 300.0,"LINESTRING (113.31510319481505 3.52753095983218, 113.31997790411829 3.5275387354666496, 113.3254471 3.5255807, 113.3309725 3.5256797, 113.3329868 3.5252567, 113.33540334646979 3.5247733715983762, 113.34194121562304 3.5297847172803785)"
way/513083092-275,way/691450925-275,275.0,1843.3350719551768,3977.67,Al/St 240/40 3-bundle 300.0,"LINESTRING (113.31510319481505 3.52753095983218, 113.31950740198694 3.528388702504943, 113.3255088 3.526017, 113.3285692 3.5260813, 113.3309671 3.5261616, 113.3327669 3.5257279, 113.33433616369082 3.526377071531263, 113.34194121562304 3.5297847172803785)"
way/325835238-275,way/691239971-275,275.0,1843.3350719551768,104225.53,Al/St 240/40 3-bundle 300.0,"LINESTRING (110.4387206908299 1.4539636844848138, 110.43900369665818 1.4478933275902526, 110.4386465 1.446977, 110.437915 1.4450439, 110.4380198 1.4429432, 110.4403821 1.4415714, 110.4427818 1.4390631, 110.4458011 1.4377425, 110.4483661 1.4361378, 110.4509451 1.4343818, 110.4531234 1.4328912, 110.4554345 1.4312819, 110.4574823 1.4299171, 110.4590036 1.4270897, 110.4601475 1.4252684, 110.4623165 1.4227042, 110.4644645 1.420112, 110.466545 1.4169399, 110.4686417 1.4137677, 110.4707222 1.410584, 110.4727793 1.4074281, 110.4748178 1.4042677, 110.4768261 1.4011305, 110.4788785 1.3980072, 110.480938 1.3948654, 110.4829369 1.3917887, 110.4849754 1.3887004, 110.4870116 1.3855888, 110.4890222 1.3825005, 110.4910327 1.3794098, 110.4930992 1.3762842, 110.4951284 1.3731889, 110.4971366 1.3701029, 110.4991495 1.3670379, 110.501202 1.3638843, 110.5032335 1.360789, 110.5052697 1.357675, 110.5072616 1.3546169, 110.5093164 1.3514983, 110.5113899 1.3483238, 110.5139083 1.3465374, 110.5158373 1.3451702, 110.5182696 1.3434583, 110.5206878 1.3417092, 110.523141 1.339974, 110.5261534 1.3378732, 110.5292519 1.3356838, 110.5323318 1.3335014, 110.5354303 1.3313214, 110.5382516 1.3293067, 110.5411405 1.3272292, 110.5438872 1.3252774, 110.5466107 1.3233699, 110.5495834 1.3212807, 110.5525492 1.3191355, 110.5556966 1.3169275, 110.5585109 1.3149338, 110.5615186 1.3128236, 110.5645146 1.3107437, 110.5674641 1.3086242, 110.5706302 1.3064209, 110.5737101 1.3042432, 110.5767667 1.3020375, 110.5796625 1.3000065, 110.5827145 1.2978194, 110.585827 1.295658, 110.5889348 1.2934477, 110.5915535 1.2916239, 110.5939274 1.289926, 110.5971914 1.2876341, 110.6002503 1.2854471, 110.6033186 1.2832647, 110.6063868 1.2810729, 110.6094947 1.2788719, 110.6125653 1.2767058, 110.6156708 1.2745187, 110.6187623 1.2723363, 110.6218306 1.2701213, 110.6249291 1.2679505, 110.6276386 1.266022, 110.6304762 1.2640049, 110.6332346 1.262074, 110.6360279 1.2600943, 110.638777 1.2581028, 110.6406338 1.2568148, 110.6428284 1.2552403, 110.645051 1.2536937, 110.6477092 1.2518234, 110.6505841 1.2497201, 110.6522265 1.2470835, 110.6540297 1.2441907, 110.6560915 1.2408809, 110.6576921 1.2382396, 110.6599193 1.2346177, 110.6617132 1.2316946, 110.6635537 1.2286597, 110.6654897 1.225499, 110.6674699 1.2222707, 110.6695015 1.2190494, 110.6714817 1.2158188, 110.6734666 1.2125742, 110.6752489 1.2096557, 110.6772967 1.2062854, 110.6790394 1.2034833, 110.6808426 1.2005532, 110.6840716 1.1994817, 110.6872982 1.1984615, 110.6905459 1.1974087, 110.6937865 1.1963466, 110.6970109 1.1952705, 110.70034 1.1941944, 110.7034269 1.1931835, 110.7067934 1.1921144, 110.7101505 1.191043, 110.7134844 1.1899739, 110.716725 1.1888372, 110.7194648 1.1879405, 110.7220508 1.1871066, 110.725161 1.1861283, 110.727945 1.185178, 110.7314675 1.1840506, 110.7342352 1.1831166, 110.7406327 1.1810366, 110.7441576 1.1799465, 110.7485885 1.1785019, 110.7525376 1.1772143, 110.7550164 1.1763921, 110.7597325 1.1748266, 110.7620475 1.1740582, 110.7644029 1.1733152, 110.7678439 1.1722181, 110.7713222 1.1710349, 110.7748622 1.1699626, 110.7785851 1.1690241, 110.7819647 1.1681445, 110.785657 1.1672242, 110.7892471 1.1662692, 110.7928349 1.1653655, 110.7960732 1.1645829, 110.7992533 1.1637839, 110.8027758 1.1628779, 110.8063403 1.1619788, 110.8100935 1.1610308, 110.8136813 1.160141, 110.8171828 1.1592536, 110.8206378 1.1584057, 110.824405 1.157453, 110.8278204 1.1565703, 110.8313849 1.1557993, 110.8350542 1.1548932, 110.8386816 1.1539615, 110.8422577 1.1530554, 110.8457131 1.1521033, 110.8491755 1.1511964, 110.8528253 1.150407, 110.8560637 1.1495941, 110.8597842 1.1486787, 110.8632322 1.14774, 110.866389 1.1469644, 110.8705452 1.1459162, 110.8736787 1.1451453, 110.8773108 1.1441344, 110.8809545 1.1433168, 110.8839062 1.1425365, 110.8871678 1.1417236, 110.8899169 1.1410318, 110.8961979 1.1394129, 110.9009901 1.1382413, 110.9048318 1.1373049, 110.9083101 1.1364408, 110.9115764 1.1355999, 110.9150943 1.1346705, 110.9186448 1.1337738, 110.9212331 1.1331006, 110.9255198 1.1320711, 110.9281221 1.1314282, 110.9315258 1.130599, 110.9342027 1.1298606, 110.9374037 1.1289871, 110.9414085 1.1309321, 110.9435985 1.1318754, 110.9462544 1.1330587, 110.95815 1.138444, 110.9682961 1.1431148, 110.9776894 1.1470762, 110.9822393 1.1492867, 110.9849987 1.1505096, 110.988024 1.1518675, 110.9912274 1.1533373, 110.994072 1.1546183, 110.9967046 1.1558226, 111.0006069 1.1575695, 111.0036309 1.1589275, 111.0066176 1.1602481, 111.0100516 1.1617924, 111.0124722 1.1628802, 111.0173576 1.165086, 111.0204026 1.1664649, 111.0230002 1.1676784, 111.0269584 1.1695209, 111.0302993 1.1710139, 111.0341946 1.1727119, 111.0372232 1.1721692, 111.0402891 1.1716731, 111.0432013 1.1712631, 111.0466353 1.1706762, 111.0512808 1.1699122, 111.057182 1.1690131, 111.0602409 1.1685123, 111.064721 1.1677623, 111.0678847 1.1672103, 111.0712302 1.1666303, 111.075065 1.1660387, 111.0785269 1.1654773, 111.0820681 1.1648903, 111.0858143 1.1643104, 111.0895349 1.1637047, 111.0931739 1.1631131, 111.096938 1.162528, 111.1006663 1.1619485, 111.1043822 1.1613452, 111.1081121 1.1607466, 111.1118467 1.160148, 111.1155929 1.1595401, 111.1196722 1.159023, 111.1226613 1.1586806, 111.1263423 1.1582333, 111.1299953 1.1577861, 111.1337368 1.1573529, 111.1375156 1.1568847, 111.1408564 1.1564771, 111.1438082 1.1561347, 111.1474752 1.1556828, 111.1510467 1.1552612, 111.1546088 1.1548187, 111.1582642 1.1543691, 111.1618473 1.1539475, 111.1655842 1.1534956, 111.1693257 1.1530391, 111.1730812 1.1525709, 111.1769078 1.1521295, 111.1805806 1.1517207, 111.1843431 1.15122, 111.188094 1.1507821, 111.1918332 1.1503069, 111.1955514 1.1498736, 111.199286 1.1494241, 111.202939 1.1489606, 111.2062589 1.1488744, 111.2095904 1.1487696, 111.2127596 1.1486917, 111.2160158 1.1485844, 111.2214553 1.1483485, 111.2244272 1.1482948, 111.2273723 1.1482626, 111.22978952036571 1.148192010874477, 111.23571812692494 1.1428416373732455)"
way/236051516-275,way/513083092-275,275.0,1843.3350719551768,17468.71,Al/St 240/40 3-bundle 300.0,"LINESTRING (113.34194121562304 3.5297847172803785, 113.34649965342646 3.5222799521043293, 113.3476089 3.5212035, 113.3501963 3.5187006, 113.353314 3.5156846, 113.3553042 3.5137851, 113.3569202 3.5122418, 113.3602408 3.5090278, 113.3619989 3.5073519, 113.3647093 3.5047175, 113.3658841 3.5019199, 113.3668846 3.4995934, 113.3681318 3.4967047, 113.3692905 3.4939659, 113.3706263 3.4908335, 113.3714282 3.4888925, 113.3723965 3.4866249, 113.3736545 3.483688, 113.375642 3.4789305, 113.3767699 3.4763482, 113.3778186 3.473841, 113.3799684 3.4688922, 113.3816461 3.4648546, 113.3834794 3.4605013, 113.3848943 3.4572136, 113.3862863 3.4538763, 113.3878246 3.450298, 113.3890316 3.4474761, 113.3907858 3.4433596, 113.3928376 3.438543, 113.3940393 3.4357104, 113.3955802 3.4321026, 113.3971332 3.4284265, 113.3985212 3.4251975, 113.3992441 3.4234251, 113.400726 3.4199578, 113.4018204 3.4174143, 113.404009 3.4123124, 113.4053582 3.4090941, 113.4067208 3.4058811, 113.407917 3.4030243, 113.409403 3.3995489, 113.4108138 3.3962636, 113.4118009 3.393886, 113.4135475 3.3900094, 113.4147325 3.3869619, 113.416433 3.3829349, 113.4179324 3.3794514, 113.4191608 3.3766079, 113.4198824 3.3748809, 113.4192038 3.3715018, 113.4187397 3.3693062, 113.4179418 3.3653795, 113.4173249 3.3624636, 113.4169359 3.3605023, 113.418847 3.3577952, 113.42063650111183 3.3569513726303057, 113.42757402796822 3.3535904190689036)"
way/235943019-275,MY79-275,275.0,1843.3350719551768,168208.83,Al/St 240/40 3-bundle 300.0,"LINESTRING (109.49610289999997 0.9065165979747117, 109.49189430763026 0.9077836426445168, 109.4900304 0.9083779, 109.4859937 0.9097107, 109.4826731 0.9107835, 109.4809645 0.9129451, 109.4790924 0.9152569, 109.4769385 0.9179494, 109.4750985 0.9201915, 109.4726282 0.9232327, 109.4729689 0.9268076, 109.4732103 0.930522, 109.4735563 0.9346547, 109.4757584 0.9370121, 109.4785452 0.9400265, 109.481906 0.9433386, 109.4833463 0.9453714, 109.4858569 0.9478923, 109.4882011 0.9504294, 109.4906098 0.9530468, 109.4929352 0.9556911, 109.4955397 0.9585151, 109.4983855 0.9615053, 109.5007351 0.9639458, 109.5032483 0.9665713, 109.5059252 0.9690976, 109.5091116 0.970409, 109.5116463 0.9714683, 109.5148945 0.9728334, 109.5181641 0.9742011, 109.5209053 0.9753623, 109.5232576 0.976309, 109.526436 0.9776553, 109.5291692 0.9788165, 109.5323315 0.9801601, 109.5353007 0.9813964, 109.5386133 0.9828097, 109.5418158 0.9839602, 109.5439374 0.984915, 109.5476657 0.9864221, 109.5516863 0.988168, 109.5550686 0.9896725, 109.559513 0.9915364, 109.563531 0.9925823, 109.5662534 0.9943657, 109.5690349 0.9964494, 109.5732567 0.9995791, 109.576875 1.0023521, 109.5801151 1.004881, 109.5826229 1.0066269, 109.5854393 1.0087642, 109.5885533 1.0111162, 109.5918658 1.0136719, 109.5953286 1.0163269, 109.5978901 1.0183061, 109.6009344 1.0206392, 109.6044561 1.0232566, 109.6065804 1.024863, 109.6094558 1.027054, 109.6115559 1.0285934, 109.6143588 1.0307683, 109.617041 1.0328922, 109.6207076 1.0356062, 109.6230666 1.0373735, 109.6262678 1.0399158, 109.6279389 1.0445499, 109.6288709 1.0478163, 109.6296769 1.0505249, 109.6306077 1.0537081, 109.631643 1.0574679, 109.6327749 1.0613511, 109.6336547 1.0643439, 109.6345425 1.0682646, 109.6361491 1.0716812, 109.6378148 1.0748993, 109.6384853 1.0762589, 109.6406311 1.0808313, 109.6425623 1.0857576, 109.6443191 1.0893592, 109.6457675 1.0921321, 109.6473098 1.0955057, 109.6483505 1.0979353, 109.6497506 1.1008932, 109.6516442 1.1045296, 109.6534628 1.1074205, 109.6562093 1.1109979, 109.6577382 1.1135884, 109.6592188 1.1158142, 109.6608925 1.1183404, 109.6634433 1.122363, 109.6650526 1.1247765, 109.6674854 1.1285308, 109.6698859 1.1320331, 109.6721055 1.1352833, 109.6748172 1.1392133, 109.6763889 1.1415437, 109.6783912 1.1446853, 109.6799308 1.1469647, 109.6810305 1.148689, 109.6821731 1.1506735, 109.6843578 1.1547107, 109.6878822 1.1553999, 109.6912806 1.1561494, 109.6962199 1.156962, 109.6999012 1.1577785, 109.7038105 1.15863, 109.7071874 1.1593339, 109.7105509 1.1600351, 109.7140659 1.1607538, 109.7183186 1.1616508, 109.723282 1.1624848, 109.7248337 1.1627181, 109.7285445 1.1635588, 109.7333255 1.1645135, 109.738175 1.1653475, 109.7419649 1.1660769, 109.746872 1.1670504, 109.7509611 1.16782, 109.7543943 1.1684287, 109.7576719 1.1691072, 109.7612259 1.1697722, 109.7655067 1.1706491, 109.7688434 1.1713142, 109.7728023 1.1721133, 109.7774532 1.1730573, 109.778966 1.175578, 109.7812647 1.1792894, 109.7829303 1.1819523, 109.7852585 1.185661, 109.7878146 1.189855, 109.7901294 1.1936415, 109.7921249 1.1969319, 109.7944584 1.2008122, 109.7967249 1.2045718, 109.7982055 1.2071542, 109.7994071 1.2099806, 109.8012203 1.2143114, 109.8025882 1.2177707, 109.803637 1.2203155, 109.8048413 1.2233082, 109.8059356 1.2260836, 109.8073277 1.2294598, 109.8087332 1.2328225, 109.8099858 1.2358661, 109.8110774 1.2383117, 109.8120698 1.2409021, 109.8135692 1.2445303, 109.8145938 1.2469946, 109.8178714 1.2494697, 109.8206288 1.2515104, 109.8235524 1.2536583, 109.8264572 1.2557982, 109.8293218 1.2579006, 109.832236 1.2600726, 109.8354855 1.2625276, 109.8372987 1.2658849, 109.8389885 1.269025, 109.8411316 1.2730339, 109.8430225 1.2764395, 109.8443985 1.2789601, 109.8454446 1.280868, 109.8482475 1.2843675, 109.850994 1.287832, 109.8527214 1.2900121, 109.8547733 1.2925944, 109.8571444 1.2955441, 109.8602959 1.2995288, 109.8631498 1.3030201, 109.8657435 1.3043609, 109.8678035 1.3053906, 109.8705366 1.3067944, 109.87331 1.3081512, 109.8765273 1.309795, 109.8800223 1.3116063, 109.883493 1.3134378, 109.8865387 1.3150051, 109.890562 1.3170873, 109.8936559 1.3187512, 109.8966989 1.3203534, 109.9001375 1.3221902, 109.9035627 1.3239922, 109.9066097 1.325534, 109.9098618 1.3271429, 109.9129491 1.3265088, 109.9165486 1.3258169, 109.9205169 1.3249709, 109.9235854 1.3242737, 109.9270964 1.3236972, 109.9306798 1.3230242, 109.9350491 1.3222599, 109.9382839 1.3216003, 109.9424721 1.320832, 109.9466738 1.3201067, 109.9507561 1.3193773, 109.9554554 1.3185809, 109.9586284 1.3177068, 109.9626678 1.3165805, 109.9664524 1.3154999, 109.9689442 1.3148349, 109.9712965 1.3143093, 109.9757436 1.3128935, 109.9766153 1.3142007, 109.9789582 1.3149797, 109.9833101 1.3142933, 109.9864362 1.3138441, 109.9877585 1.3150695, 109.9905923 1.3177135, 109.994228 1.3210975, 109.9970403 1.3226447, 109.9996515 1.3235135, 110.0017288 1.3241906, 110.0047249 1.3251989, 110.0076351 1.3261226, 110.010906 1.3271751, 110.0132489 1.3279782, 110.0155422 1.3287049, 110.0193737 1.3299598, 110.021604 1.3306812, 110.0252303 1.3318704, 110.0284705 1.3328987, 110.0312197 1.3338212, 110.0333185 1.3345009, 110.0364621 1.3354877, 110.0393616 1.3364289, 110.0419298 1.3372582, 110.0438429 1.3379782, 110.0457561 1.3387486, 110.0492267 1.3401481, 110.0525191 1.3414902, 110.054276 1.3421566, 110.0570172 1.3432855, 110.0601728 1.3445886, 110.0629503 1.345672, 110.0659114 1.3468934, 110.067919 1.3477716, 110.0697537 1.3486149, 110.0735557 1.3502667, 110.0766657 1.3516181, 110.0786492 1.3524923, 110.0813636 1.3537378, 110.0836368 1.3547501, 110.0863324 1.3560305, 110.0892949 1.3577788, 110.0933424 1.3589184, 110.0960125 1.3599682, 110.0989549 1.3611842, 110.1013246 1.3621589, 110.1039974 1.3632462, 110.1068245 1.3643765, 110.1099104 1.3656287, 110.1123525 1.366641, 110.1146874 1.3675151, 110.1173575 1.3685723, 110.1202784 1.3680594, 110.1243541 1.3672858, 110.1286134 1.3671545, 110.1310422 1.3670981, 110.135958 1.3662863, 110.1381045 1.3665557, 110.1397942 1.3667677, 110.1418836 1.3657621, 110.142125 1.3634031, 110.1419574 1.3623252, 110.1435922 1.3602551, 110.1461671 1.3601384, 110.1489848 1.3588353, 110.15103 1.3589519, 110.1540501 1.359094, 110.1565728 1.3592857, 110.1589961 1.3594158, 110.1614691 1.3595686, 110.1646073 1.3597268, 110.1675403 1.3598971, 110.1710822 1.3600768, 110.1742512 1.3602913, 110.1773545 1.3604508, 110.1797846 1.3621267, 110.1813725 1.3632248, 110.1837476 1.3649396, 110.1863654 1.3667227, 110.1892313 1.3687017, 110.1921818 1.3707704, 110.1946682 1.3724999, 110.1969936 1.3741007, 110.1984796 1.3751384, 110.2015266 1.3741651, 110.2051449 1.3728244, 110.2072236 1.372154, 110.2093023 1.3713737, 110.2122956 1.3725964, 110.2152032 1.3736073, 110.2174643 1.374452, 110.2204978 1.375538, 110.2232766 1.376632, 110.2263585 1.378442, 110.2281529 1.3794073, 110.2302557 1.3805335, 110.2328441 1.3821129, 110.2353922 1.3835742, 110.2381924 1.3851724, 110.23985 1.3861591, 110.2414888 1.3852984, 110.2441952 1.3837727, 110.2465045 1.3825178, 110.2490285 1.3811851, 110.2511796 1.3800079, 110.2538538 1.3785895, 110.2569973 1.3768197, 110.2592611 1.375597, 110.2622679 1.3739774, 110.2646953 1.372642, 110.2675438 1.3710734, 110.2700677 1.3697702, 110.2727634 1.3682713, 110.2746463 1.3672684, 110.2769168 1.3664747, 110.2779266 1.3641392, 110.2790299 1.3603756, 110.2816928 1.3582911, 110.2858933 1.3549849, 110.2894088 1.3521924, 110.2917234 1.3530204, 110.2933577 1.3536411, 110.2956467 1.3544819, 110.297401 1.3532696, 110.2990085 1.3521854, 110.3020944 1.3517399, 110.3042597 1.3514273, 110.3076739 1.3509312, 110.3108249 1.3504735, 110.3118057 1.3503373, 110.3130299 1.3513236, 110.3155577 1.3533243, 110.3189381 1.3560027, 110.3218386 1.3572884, 110.3246576 1.3585321, 110.3280532 1.3600367, 110.3306753 1.3611873, 110.3329235 1.3605491, 110.3352812 1.3598946, 110.3376691 1.3588698, 110.3409622 1.3574724, 110.34348330011856 1.3564768546654384, 110.34969548286463 1.352574637693047)"
way/328415531-275,way/450080688-275,275.0,1843.3350719551768,289625.25,Al/St 240/40 3-bundle 300.0,"LINESTRING (116.13444889855441 5.928853744531992, 116.13797419339795 5.930917648238937, 116.1387666 5.9312701, 116.1397684 5.9311634, 116.1420402 5.9308632, 116.1435766 5.9323808, 116.1448818 5.9334175, 116.1495777 5.93154, 116.1501694 5.930988, 116.1507347 5.9305375, 116.1523951 5.9302681, 116.1538348 5.9300562, 116.1558667 5.9297583, 116.1564663 5.9295897, 116.1581275 5.9285093, 116.1585376 5.9248213, 116.1590864 5.9200935, 116.1610747 5.9177039, 116.1645774 5.9135576, 116.1690296 5.9149911, 116.1707218 5.915513, 116.1753778 5.9137327, 116.178307 5.9127385, 116.1829961 5.9111458, 116.1872198 5.9096101, 116.1900981 5.9086036, 116.1932543 5.9074938, 116.1959112 5.9066109, 116.1973056 5.9066687, 116.2054367 5.907071, 116.205991 5.9071118, 116.2086224 5.9057232, 116.2126554 5.9035532, 116.2155598 5.9019524, 116.2191327 5.9000918, 116.2256223 5.8965767, 116.2261999 5.8938043, 116.2264699 5.8925689, 116.2266802 5.8916069, 116.2288172 5.8911099, 116.2311837 5.8905356, 116.2330118 5.8901888, 116.2358393 5.8896676, 116.2406629 5.888904, 116.2413982 5.8879955, 116.2447584 5.8838258, 116.2468309 5.8811331, 116.2480034 5.879618, 116.2508639 5.8761306, 116.2539535 5.8722289, 116.2571939 5.8681902, 116.2590339 5.866712, 116.2616333 5.8646267, 116.2675059 5.8600646, 116.273746 5.8581289, 116.2743978 5.8578354, 116.2771243 5.8586705, 116.280005 5.8596337, 116.2838969 5.8603541, 116.2868473 5.8605916, 116.2883761 5.8600366, 116.2929091 5.8581289, 116.2943065 5.8575685, 116.296742 5.8565973, 116.3024443 5.8542359, 116.3071677 5.8553673, 116.3093913 5.8558902, 116.3117596 5.8565306, 116.3156408 5.8539998, 116.3178107 5.8524322, 116.3183981 5.8511968, 116.3201416 5.8470944, 116.321024 5.8470877, 116.3244465 5.8467329, 116.3258842 5.8468342, 116.3301449 5.8417845, 116.3322303 5.8394778, 116.3354221 5.8304989, 116.3356018 5.8298612, 116.3368893 5.8244044, 116.3355616 5.8198202, 116.3395447 5.8149103, 116.3385227 5.8108196, 116.3378093 5.8079818, 116.3374163 5.8066062, 116.3345195 5.8040325, 116.3347542 5.8026435, 116.3358298 5.7966955, 116.3359076 5.7914359, 116.3364547 5.7888741, 116.3408723 5.7883444, 116.3444625 5.7880108, 116.3475403 5.7876612, 116.3567188 5.7866245, 116.3579661 5.7818465, 116.3589974 5.7778449, 116.3599201 5.7748067, 116.3611163 5.770098, 116.3620967 5.7663699, 116.3631548 5.7618866, 116.3634954 5.7605389, 116.36498 5.7590965, 116.3663694 5.7593033, 116.3713141 5.7590671, 116.3725452 5.7590711, 116.3735631 5.7581544, 116.3764639 5.7546251, 116.3779499 5.7527464, 116.3816969 5.7537484, 116.382975 5.7540767, 116.3852705 5.7546997, 116.3873953 5.7552763, 116.389132 5.7556966, 116.3941048 5.7536524, 116.3968018 5.7526169, 116.3986927 5.7519017, 116.4007004 5.7511358, 116.4038721 5.7499135, 116.4064524 5.7533054, 116.4084962 5.756233, 116.4098883 5.7582012, 116.4114198 5.7603227, 116.4127381 5.7622535, 116.4148839 5.7629314, 116.4177176 5.7639308, 116.4213702 5.7651188, 116.4233342 5.7657575, 116.4245452 5.7671225, 116.4277826 5.7706704, 116.4314492 5.7745425, 116.4330002 5.7762424, 116.4357045 5.7792419, 116.4414901 5.7825723, 116.4436693 5.7838439, 116.4444982 5.7842668, 116.4464428 5.7862149, 116.449939 5.7894878, 116.452188 5.7915426, 116.4543995 5.7936467, 116.4547724 5.7939603, 116.4605525 5.796422, 116.4620197 5.7970144, 116.4659934 5.7974533, 116.4679098 5.7977228, 116.4721584 5.7982165, 116.475074 5.7985341, 116.4773297 5.8020565, 116.4795694 5.8054934, 116.480484 5.8069317, 116.4821751 5.809308, 116.4832614 5.8109437, 116.4839561 5.8142366, 116.4846723 5.8179003, 116.4855011 5.8218321, 116.4870273 5.8292315, 116.4876254 5.8317077, 116.4880988 5.8334474, 116.4899911 5.8378728, 116.4920282 5.8424036, 116.4930266 5.844765, 116.4938442 5.8465098, 116.4977024 5.8516264, 116.4990516 5.8523075, 116.4997436 5.852695, 116.5024339 5.8564732, 116.5040097 5.8589053, 116.5071009 5.8606316, 116.5077989 5.8612423, 116.5098153 5.8630063, 116.5117787 5.863564, 116.5143791 5.8655024, 116.5166295 5.8660013, 116.5203711 5.8668671, 116.5230453 5.8674982, 116.5246943 5.8682012, 116.5261024 5.8690028, 116.5272344 5.8689095, 116.5284172 5.8688174, 116.5328622 5.8668084, 116.5380255 5.8686948, 116.5386862 5.8689422, 116.5404029 5.8696686, 116.5417966 5.8702584, 116.5430438 5.8707013, 116.5475956 5.8711469, 116.5499512 5.8708961, 116.5504333 5.8697334, 116.5514137 5.867114, 116.5532403 5.8661027, 116.5558662 5.8646526, 116.5562779 5.8644258, 116.5574889 5.8649301, 116.5586878 5.8654197, 116.5632328 5.86725, 116.5683022 5.8688189, 116.5731181 5.8696754, 116.5767381 5.8696575, 116.5786961 5.8699803, 116.5804194 5.8731688, 116.582424 5.8735935, 116.5837598 5.8739244, 116.5875176 5.8753358, 116.5893602 5.8767286, 116.5942204 5.880684, 116.5958673 5.8822395, 116.596802 5.8865938, 116.5980506 5.8924215, 116.5994634 5.8932326, 116.6032185 5.8954177, 116.6051075 5.8964923, 116.6077816 5.8976395, 116.6104062 5.8987674, 116.6138113 5.9001568, 116.6155896 5.9009959, 116.6195971 5.9021534, 116.6219531 5.9026874, 116.6252804 5.9036532, 116.6269581 5.9054868, 116.6302961 5.9088411, 116.6317123 5.908805, 116.6347224 5.908761, 116.6380464 5.9087597, 116.639425 5.9090185, 116.6445909 5.9100123, 116.6465999 5.9119826, 116.6480926 5.9133566, 116.6498534 5.9148426, 116.6526443 5.9146278, 116.6581643 5.9140729, 116.6627642 5.9136087, 116.6673642 5.9131018, 116.6719401 5.9126682, 116.6750595 5.9120413, 116.6782956 5.9114356, 116.6817389 5.9107233, 116.6837505 5.9130704, 116.6863435 5.9157657, 116.6887227 5.9183522, 116.6897312 5.91931, 116.6929686 5.9231225, 116.6965574 5.9276899, 116.6990975 5.9305311, 116.7010099 5.933251, 116.7028941 5.9354933, 116.7057064 5.9373288, 116.7067632 5.9379904, 116.7105997 5.9404517, 116.714511 5.9429852, 116.7196211 5.9475342, 116.7242351 5.9515479, 116.7288018 5.9556829, 116.7306481 5.9573527, 116.731516 5.9581376, 116.7326136 5.9571098, 116.7380419 5.9526594, 116.741744 5.9530685, 116.7451367 5.9534377, 116.7467832 5.9519309, 116.7486292 5.9502745, 116.7513733 5.94773, 116.7543968 5.9450557, 116.7590269 5.9507036, 116.7633326 5.956082, 116.7653383 5.954675, 116.7705721 5.9513422, 116.7754786 5.9451705, 116.7775641 5.9424663, 116.7806176 5.939822, 116.7825883 5.9381605, 116.7856867 5.9355511, 116.7879518 5.9335903, 116.7909475 5.931022, 116.7920052 5.9301639, 116.7915016 5.9240491, 116.7914115 5.923114, 116.7905733 5.9223806, 116.7909924 5.9194419, 116.791187 5.9178703, 116.7915462 5.9146622, 116.7918788 5.9118651, 116.7931944 5.9086611, 116.7946121 5.9053249, 116.7952976 5.9036481, 116.7965758 5.900628, 116.798537 5.8983598, 116.8002788 5.8963235, 116.8009179 5.8941054, 116.8018327 5.8910415, 116.8029981 5.8868435, 116.804196 5.8815319, 116.8046878 5.8796445, 116.8050422 5.8781469, 116.8048738 5.8764412, 116.804196 5.8697688, 116.8037941 5.8658249, 116.8035998 5.8639389, 116.8013129 5.8605366, 116.8025221 5.8573411, 116.8034181 5.855004, 116.8059056 5.8484062, 116.8068079 5.8460064, 116.8080046 5.8428611, 116.8102916 5.83944, 116.8122197 5.8365379, 116.8145252 5.8330992, 116.8181007 5.8309109, 116.8209338 5.8292306, 116.8213303 5.8269584, 116.8220239 5.8231094, 116.8223658 5.8212434, 116.8226101 5.8176484, 116.8228668 5.8138286, 116.8222486 5.8095791, 116.8215941 5.805349, 116.8221021 5.8031021, 116.8215452 5.8007966, 116.8209591 5.7981687, 116.8199919 5.793753, 116.8212228 5.7884679, 116.8216136 5.7864457, 116.8220044 5.7847751, 116.8238019 5.7802715, 116.8258216 5.7750292, 116.8283084 5.7690332, 116.8294137 5.7662425, 116.8311268 5.7621945, 116.8337932 5.7555491, 116.8367222 5.7482821, 116.838938 5.7430352, 116.8409912 5.7379755, 116.8423046 5.7369194, 116.8465398 5.7336034, 116.8500321 5.7307305, 116.852721 5.7285968, 116.8563205 5.7257465, 116.859452 5.7232631, 116.8618163 5.7213869, 116.8619075 5.7200445, 116.8625137 5.7131908, 116.8618485 5.7104993, 116.8617788 5.7091488, 116.8615763 5.7046824, 116.8613912 5.6996968, 116.8612189 5.6948673, 116.8635021 5.6927882, 116.8641922 5.6921596, 116.8651444 5.6912923, 116.866006 5.6905075, 116.870048 5.6868577, 116.8727383 5.6844102, 116.8755613 5.6818653, 116.8780357 5.6796606, 116.8799964 5.6779271, 116.8810773 5.6762816, 116.8827778 5.6735392, 116.8852468 5.669625, 116.888798 5.6642747, 116.893225 5.6656507, 116.8973207 5.6669065, 116.8988381 5.6674911, 116.9028783 5.6686814, 116.9036561 5.6691352, 116.9060674 5.6687615, 116.9119227 5.6685934, 116.9158092 5.6685266, 116.9188361 5.668608, 116.9199881 5.6690578, 116.921238 5.6695462, 116.9224437 5.6697731, 116.9261961 5.6715534, 116.9285014 5.6726584, 116.9304782 5.6738741, 116.9350299 5.6765285, 116.935907 5.677795, 116.9360348 5.6782703, 116.937055 5.6811393, 116.9393483 5.6812794, 116.9454691 5.6816251, 116.9530383 5.681952, 116.9569623 5.6878559, 116.9598363 5.6921169, 116.9605015 5.6918313, 116.9650613 5.689855, 116.965941 5.689564, 116.9743538 5.6910533, 116.9754213 5.6909653, 116.9784644 5.6897331, 116.9846199 5.6872407, 116.9881135 5.6857794, 116.988595 5.684972, 116.9893768 5.683412, 116.9913523 5.6795245, 116.9924399 5.6782687, 116.9944409 5.6754756, 116.9991709 5.6692953, 117.0017982 5.6678941, 117.0069829 5.6649394, 117.0097348 5.6635354, 117.0112422 5.6633592, 117.0156786 5.6628121, 117.0179343 5.6625425, 117.0205522 5.6639598, 117.0230547 5.6654492, 117.0262612 5.6636302, 117.0317262 5.6631177, 117.0344567 5.6618125, 117.0378095 5.6602017, 117.0407921 5.6598827, 117.0440429 5.6595037, 117.0493631 5.6588764, 117.050322 5.6587483, 117.055618 5.6577207, 117.0594576 5.6569427, 117.0615195 5.6565365, 117.0620728 5.6564275, 117.067582 5.6553251, 117.068038 5.6527708, 117.0693791 5.6464261, 117.0700309 5.6434313, 117.0702589 5.6420726, 117.0713907 5.636889, 117.0720291 5.633758, 117.0728257 5.6299303, 117.0736867 5.6256728, 117.0746738 5.6210335, 117.0808576 5.6175567, 117.0818929 5.6169735, 117.0829363 5.6163876, 117.0861134 5.6145737, 117.0889136 5.6129588, 117.0906168 5.6119631, 117.0937094 5.6123502, 117.0972714 5.6128307, 117.1009085 5.6132925, 117.1051142 5.6140158, 117.1093869 5.614547, 117.1125331 5.6149528, 117.1160334 5.6153959, 117.1184984 5.6153639, 117.1200541 5.6153532, 117.1227044 5.6159964, 117.1248606 5.6165197, 117.1287364 5.6169975, 117.1315554 5.6174379, 117.1366087 5.6180385, 117.140058 5.6185083, 117.1426383 5.618842, 117.1442342 5.6190716, 117.1512052 5.6200165, 117.1556094 5.620553, 117.1583346 5.6222721, 117.163699 5.6254646, 117.1678805 5.6278402, 117.1724778 5.6305122, 117.1783277 5.6340249, 117.1834642 5.6371106, 117.1864387 5.6388109, 117.1861169 5.6408822, 117.1869779 5.6430416, 117.1882546 5.6450008, 117.1898746 5.6476139, 117.1911406 5.6496078, 117.1919855 5.6515029, 117.1932033 5.6542949, 117.197071 5.6555253, 117.2006088 5.6564969, 117.2026876 5.6550262, 117.2039457 5.6541317, 117.2077596 5.6514202, 117.2103882 5.6495437, 117.2135639 5.6504886, 117.2168389 5.6515109, 117.2208568 5.6543909, 117.2216856 5.6579062, 117.2237214 5.6608503, 117.2292361 5.6633833, 117.2315374 5.6638077, 117.2348902 5.6645176, 117.2396216 5.6655025, 117.2426954 5.6660817, 117.2480464 5.6672802, 117.2504631 5.6676592, 117.2539526 5.6684572, 117.2559696 5.6688683, 117.2603631 5.6697224, 117.2618303 5.6700293, 117.2651428 5.6708541, 117.2677097 5.6713105, 117.2714648 5.6710329, 117.2730929 5.6709155, 117.2770733 5.6706059, 117.2806674 5.670395, 117.282317 5.6702642, 117.2853747 5.67004, 117.2897145 5.6697411, 117.2949837 5.6693274, 117.2976807 5.6691512, 117.3007572 5.6646644, 117.3020714 5.6642748, 117.3049548 5.6633939, 117.3083398 5.6624838, 117.3114243 5.6615549, 117.3136049 5.662377, 117.3165929 5.6635301, 117.320407 5.6650061, 117.3227245 5.6657908, 117.32575 5.6670453, 117.329312 5.6683398, 117.3318225 5.6692953, 117.3352718 5.6706859, 117.3395956 5.672274, 117.3420256 5.6732589, 117.3453569 5.6744894, 117.3504102 5.6764324, 117.3545971 5.6770143, 117.3586044 5.6776015, 117.3624989 5.6781299, 117.3650658 5.6795979, 117.3683998 5.6813782, 117.3716158 5.6832278, 117.3749176 5.6850294, 117.3765886 5.6859475, 117.3797911 5.6876877, 117.38316 5.6895507, 117.3867032 5.6915364, 117.3896456 5.6931378, 117.3923922 5.6946645, 117.395415 5.6963059, 117.3978853 5.6977418, 117.4001116 5.6989108, 117.4031237 5.7018306, 117.4050602 5.700336, 117.4090701 5.7010913, 117.4129593 5.7018066, 117.4155182 5.7022923, 117.4189702 5.7029249, 117.4232805 5.7024658, 117.4286851 5.7018893, 117.4300423 5.7017452, 117.4356508 5.7010913, 117.4379575 5.7008858, 117.4409294 5.7005015, 117.4435714 5.700699, 117.4472031 5.7009552, 117.4516529 5.7012942, 117.4546301 5.7015023, 117.4588037 5.7017345, 117.4627572 5.7020014, 117.465992 5.7022336, 117.4696532 5.7024845, 117.4727002 5.7027007, 117.4770936 5.7030049, 117.4787056 5.7027087, 117.4809158 5.702295, 117.4840701 5.7016918, 117.4877608 5.7010219, 117.4909016 5.7004294, 117.4947935 5.6997195, 117.4985179 5.6990199, 117.5023949 5.6982916, 117.5061151 5.697611, 117.5099775 5.696877, 117.5100633 5.6925239, 117.512995 5.692161, 117.5151488 5.6918594, 117.5170425 5.6929857, 117.5187966 5.695281, 117.5216666 5.6947339, 117.5244775 5.6941974, 117.5273797 5.6936476, 117.5286658 5.6944849, 117.5322291 5.696805, 117.5347424 5.6984624, 117.5378188 5.7004961, 117.5412092 5.7026862, 117.54457 5.7048572, 117.5480542 5.7071444, 117.5505647 5.7088072, 117.5565353 5.7096719, 117.5582519 5.7099495, 117.5636056 5.7107875, 117.5668162 5.7112866, 117.5710165 5.7119164, 117.5748816 5.7125116, 117.5785509 5.7131041, 117.5849104 5.7140169, 117.5868684 5.7143478, 117.5906208 5.7149109, 117.5941345 5.7154527, 117.6004001 5.7164095, 117.6051155 5.7171248, 117.6072639 5.717445, 117.6101004 5.717876, 117.613716 5.7184192, 117.6183012 5.7191144, 117.6217318 5.7190597, 117.6256183 5.7189903, 117.6289348 5.7189009, 117.6333819 5.7188568, 117.639319 5.7187408, 117.644037 5.7186714, 117.6475078 5.7186153, 117.6519093 5.7185272, 117.6557261 5.7184445, 117.6593712 5.7156262, 117.6628742 5.7159118, 117.6662564 5.7161439, 117.6691022 5.7163788, 117.6725543 5.7166163, 117.6768444 5.7168512, 117.6801154 5.7171154, 117.6837182 5.7199589, 117.6866988 5.7224362, 117.6905139 5.7253508, 117.6935676 5.7277406, 117.6954287 5.7293691, 117.697643 5.7310838, 117.6987024 5.7319447, 117.7001009 5.7335119, 117.7014124 5.7351226, 117.7067163 5.7349486, 117.7086591 5.7355599, 117.7106668 5.7361885, 117.7121676 5.7367028, 117.7142677 5.7374258, 117.7187401 5.7377836, 117.7220239 5.738042, 117.7243762 5.738201, 117.7275676 5.7384445, 117.7305392 5.7386607, 117.7356284 5.7390781, 117.7384152 5.7392794, 117.7427952 5.7395601, 117.7457169 5.7382706, 117.7490181 5.736755, 117.7521645 5.7378209, 117.7554907 5.7394011, 117.7588319 5.7406335, 117.7619648 5.7418038, 117.7658679 5.7431927, 117.7695112 5.7445543, 117.7735666 5.746055, 117.7775446 5.7475482, 117.7819146 5.7491632, 117.7848687 5.7503061, 117.7867291 5.750008, 117.78680505624877 5.7500412551549775, 117.79127890410497 5.751809149638917)"
way/235966081-275,way/934653890-275,275.0,1843.3350719551768,46918.9,Al/St 240/40 3-bundle 300.0,"LINESTRING (111.91876209557745 2.294821258572495, 111.92385206499625 2.2947790628330784, 111.9252938 2.295287, 111.9264471 2.2964555, 111.9288611 2.2972649, 111.9291186 2.2985299, 111.9298857 2.3014458, 111.9304973 2.3038793, 111.9319242 2.3052729, 111.9335872 2.3068541, 111.9360977 2.3092554, 111.9377661 2.3109813, 111.9401264 2.3132701, 111.9427442 2.3157839, 111.9441605 2.3170864, 111.9461667 2.3190214, 111.9481838 2.321026, 111.9496804 2.3224304, 111.9513971 2.3241509, 111.9536608 2.3263753, 111.9575876 2.3267988, 111.9617611 2.3271365, 111.9642985 2.3296985, 111.9679838 2.3298165, 111.9722164 2.3299183, 111.9752473 2.3299558, 111.9780797 2.3299933, 111.9819421 2.3301166, 111.9852251 2.3302024, 111.9892752 2.3302935, 111.9942158 2.3303203, 111.9960505 2.3304328, 112.0004064 2.3304864, 112.0041186 2.3301488, 112.0092201 2.3298433, 112.0119184 2.3296235, 112.0161778 2.3293126, 112.0191818 2.3291304, 112.0214403 2.3289803, 112.0241547 2.3287284, 112.0278025 2.3284497, 112.0310131 2.3282326, 112.0326814 2.3281227, 112.0361709 2.3278386, 112.0389283 2.3276457, 112.0421791 2.3274313, 112.046653 2.3270668, 112.0496571 2.3268309, 112.0525646 2.3244404, 112.0549786 2.3224036, 112.0580256 2.3197343, 112.060461 2.3177618, 112.063154 2.316872, 112.0653319 2.316186, 112.0684326 2.3151783, 112.0718229 2.3140848, 112.0738399 2.3134095, 112.0762324 2.3133451, 112.0789683 2.3131629, 112.0833456 2.3129699, 112.0867574 2.3127555, 112.0891929 2.3126269, 112.0909846 2.312509, 112.0930123 2.3106544, 112.0950884 2.3086926, 112.0965421 2.3073955, 112.1006781 2.3035362, 112.1032208 2.3012206, 112.1051413 2.2996555, 112.1078289 2.2968682, 112.1109563 2.2941239, 112.1130484 2.2921621, 112.1159023 2.2894552, 112.1184504 2.2871503, 112.1201563 2.2854726, 112.1225059 2.2831034, 112.1249735 2.2806592, 112.1266043 2.2789547, 112.1292758 2.2764139, 112.1314752 2.2740983, 112.1331918 2.2721579, 112.1352839 2.2697887, 112.1370113 2.2678483, 112.1389103 2.2656078, 112.1409273 2.2632921, 112.1431374 2.2607728, 112.1445429 2.2591969, 112.1469247 2.256431, 112.1497315 2.2532395, 112.151136 2.2516425, 112.1536397 2.2487956, 112.155304 2.2469031, 112.1568797 2.2451115, 112.1596919 2.2419137, 112.1610662 2.240351, 112.1631229 2.2380123, 112.1650197 2.2358555, 112.1671955 2.2333814, 112.1699298 2.2302723, 112.1724329 2.227426, 112.174766 2.224773, 112.1768357 2.2223553, 112.1788728 2.2199757, 112.1823835 2.2158748, 112.1864309 2.2116007, 112.1916774 2.2060604, 112.1937376 2.2038849, 112.1986563 2.1986907, 112.1998087 2.1974738, 112.2021326 2.1950197, 112.2051323 2.191852, 112.206418 2.1904942, 112.2087156 2.188068, 112.2103585 2.1863331, 112.2114801 2.1851486, 112.2129676 2.1838774, 112.2157764 2.1814769, 112.2192698 2.1784913, 112.2238066 2.1746141, 112.2278021 2.1711994, 112.2318314 2.1677558, 112.2387279 2.1618619, 112.2405338 2.1603185, 112.2423864 2.1581531, 112.2449879 2.1551123, 112.2471339 2.152604, 112.2499018 2.1493688, 112.2521915 2.1466925, 112.2536087 2.145036, 112.2554009 2.1429412, 112.2572279 2.1408058, 112.2626864 2.1345748, 112.26604650557333 2.129380998258376, 112.27101087041301 2.117148585693594)"
way/691633793-275,way/399307647-275,275.0,1843.3350719551768,163954.71,Al/St 240/40 3-bundle 300.0,"LINESTRING (112.34478620118158 2.5518255691757115, 112.35044483260461 2.5491059544301495, 112.3516536 2.5488274, 112.3559825 2.5491644, 112.3589292 2.5492445, 112.3618228 2.5498549, 112.3650889 2.5505438, 112.3670921 2.5509355, 112.3695918 2.5514243, 112.3729902 2.5520888, 112.3768108 2.5528519, 112.3793041 2.5533498, 112.3816992 2.5538311, 112.3838661 2.5542665, 112.3874977 2.5549961, 112.3901865 2.5555364, 112.3928774 2.556077, 112.3974991 2.5570056, 112.4012679 2.5577628, 112.4044569 2.5584036, 112.4076955 2.5590543, 112.4105009 2.5596179, 112.4151921 2.5605605, 112.4195346 2.561424, 112.4223524 2.5619844, 112.4268573 2.5628802, 112.4303522 2.5635752, 112.4325637 2.5640337, 112.4354226 2.5646264, 112.4380997 2.5651647, 112.4413648 2.5658212, 112.4442315 2.5663909, 112.4473021 2.5670177, 112.4506975 2.5677019, 112.4528683 2.5681425, 112.4560654 2.5687914, 112.4589378 2.5693744, 112.4615484 2.5699042, 112.4649747 2.5706665, 112.4688565 2.5715302, 112.4722892 2.5722938, 112.4762517 2.5731754, 112.4810293 2.5742383, 112.4838434 2.5748694, 112.4872464 2.5756325, 112.4907186 2.5764111, 112.492734 2.576863, 112.4957674 2.5775433, 112.4987588 2.578214, 112.500567 2.5786195, 112.5037865 2.5793415, 112.5070612 2.5800758, 112.5110191 2.5809633, 112.5135316 2.5820114, 112.5158092 2.5829614, 112.5191563 2.5844133, 112.5230724 2.5860745, 112.5260174 2.5873125, 112.5319827 2.5898633, 112.5347775 2.5910369, 112.5391763 2.5928965, 112.541526 2.5939147, 112.5442189 2.5950293, 112.5473624 2.5963637, 112.5514984 2.5981321, 112.5527537 2.5986412, 112.5578284 2.6007794, 112.5595826 2.6015404, 112.5630265 2.6030087, 112.5667816 2.6045682, 112.5706601 2.6062776, 112.5735891 2.6074459, 112.5761801 2.6086141, 112.5783795 2.609509, 112.5823384 2.6111381, 112.5857127 2.6126172, 112.5890547 2.6139944, 112.5919193 2.6152216, 112.5943923 2.6162612, 112.5979704 2.6177831, 112.6010227 2.6190424, 112.604295 2.620441, 112.6068753 2.6215503, 112.6095253 2.622681, 112.6131248 2.6241708, 112.6163328 2.6255212, 112.6195353 2.6268984, 112.6228666 2.6282917, 112.6264125 2.6297814, 112.6288801 2.6308585, 112.6331019 2.6326323, 112.6375115 2.6345293, 112.6398396 2.6354992, 112.6428652 2.6367746, 112.6438147 2.6390735, 112.6451933 2.6424334, 112.6468778 2.6465435, 112.6475537 2.6482262, 112.6486748 2.6510609, 112.649855 2.6538903, 112.6511586 2.6571269, 112.6519579 2.659115, 112.6531273 2.661955, 112.6538998 2.663927, 112.6557559 2.668439, 112.6568395 2.6711933, 112.6582181 2.674521, 112.6596397 2.6780255, 112.6606268 2.6804315, 112.6616567 2.6830357, 112.6628798 2.6860311, 112.6638669 2.688496, 112.6646876 2.6905269, 112.6663345 2.6945404, 112.6678526 2.6982592, 112.6690382 2.7012171, 112.6706421 2.7052413, 112.6716775 2.7078241, 112.6731232 2.7113338, 112.6744562 2.7146667, 112.6758563 2.7181872, 112.6769668 2.72092, 112.6786137 2.7248209, 112.6797509 2.7276715, 112.6810223 2.7308061, 112.6827925 2.735066, 112.6838547 2.7377773, 112.6853085 2.7413298, 112.6860058 2.7429748, 112.6867568 2.7448663, 112.6881355 2.7482366, 112.6891816 2.7510176, 112.6897421 2.752325, 112.6906621 2.7544951, 112.6916358 2.756842, 112.6929179 2.7601105, 112.6947015 2.7613, 112.6976144 2.7631646, 112.6997548 2.764547, 112.7031827 2.7668403, 112.7055162 2.7683031, 112.7080268 2.769932, 112.7111381 2.7719708, 112.7141958 2.7739774, 112.7199358 2.7777441, 112.7278644 2.7829254, 112.7301818 2.7843989, 112.7328211 2.7861135, 112.7357018 2.7879942, 112.7385288 2.7898588, 112.7413398 2.7916377, 112.7441454 2.793438, 112.7467364 2.7951793, 112.7489573 2.7966314, 112.7513337 2.7981745, 112.7541661 2.7999694, 112.7577603 2.8023162, 112.7604049 2.8040361, 112.763409 2.8060614, 112.766161 2.8078403, 112.7682155 2.8092119, 112.7710426 2.8110658, 112.7744436 2.8132518, 112.7774048 2.8151539, 112.7811652 2.8175971, 112.7847165 2.8198957, 112.7883643 2.8222639, 112.7908373 2.8239141, 112.7926826 2.825125, 112.7959979 2.827236, 112.7990985 2.8292506, 112.8026122 2.8315813, 112.8060615 2.8337994, 112.809661 2.8361569, 112.8115761 2.8373785, 112.8129762 2.8383054, 112.8154117 2.8398806, 112.8175199 2.8412843, 112.8186357 2.8420023, 112.8224713 2.8444776, 112.8239465 2.8453938, 112.8267735 2.847269, 112.8301692 2.8494925, 112.8326422 2.8511105, 112.8341442 2.8520964, 112.8368264 2.8538055, 112.8389132 2.8552199, 112.8426576 2.8576523, 112.8470993 2.8605455, 112.8504789 2.8627583, 112.854234 2.86518, 112.8580964 2.8676927, 112.8596815 2.8686705, 112.863324 2.8710359, 112.8647992 2.8719896, 112.8670603 2.8771383, 112.8692007 2.8817405, 112.8705096 2.8846551, 112.8713733 2.8865677, 112.8726232 2.8894019, 112.8741574 2.8928468, 112.8767484 2.8985259, 112.8777644 2.90087, 112.8785294 2.9026351, 112.8801817 2.9063104, 112.8816622 2.9095945, 112.8835559 2.9137519, 112.8855085 2.9180861, 112.8865653 2.9205613, 112.8887862 2.9254741, 112.889666 2.9274081, 112.8909266 2.9302582, 112.8917259 2.9319994, 112.8934586 2.9358299, 112.8946334 2.9384336, 112.8964526 2.9425272, 112.8974685 2.9448133, 112.8987695 2.9477407, 112.9000783 2.9506858, 112.9022133 2.9555368, 112.9040238 2.9594423, 112.9051718 2.9621129, 112.9060194 2.9640951, 112.9072881 2.9668782, 112.9083154 2.9691496, 112.9092434 2.9712657, 112.9100534 2.9729961, 112.9114643 2.9762345, 112.9137737 2.9812729, 112.9162011 2.9866622, 112.9179043 2.9904256, 112.919004 2.9928792, 112.9200581 2.9955577, 112.9215789 2.9990264, 112.9225391 3.0010755, 112.9241833 3.0046727, 112.9266295 3.0100994, 112.9277775 3.0128931, 112.928794 3.0150332, 112.9308432 3.0197634, 112.9317364 3.0215634, 112.9330051 3.0242579, 112.9341182 3.0267891, 112.9351643 3.028822, 112.937361 3.0337156, 112.9381173 3.0354283, 112.9399669 3.0396173, 112.9406188 3.04103, 112.9434404 3.0426264, 112.9469729 3.0446251, 112.9488793 3.0457037, 112.9531951 3.0481455, 112.955059 3.0492, 112.9581789 3.0509735, 112.9607197 3.0524178, 112.9631565 3.053803, 112.965902 3.0553636, 112.9675494 3.0563001, 112.9710889 3.0583121, 112.9748299 3.0604386, 112.9779857 3.0622139, 112.9799062 3.0632853, 112.982259 3.0642271, 112.9852214 3.0643255, 112.9867099 3.064375, 112.990925 3.0645666, 112.9950422 3.0647468, 112.9984832 3.0648437, 113.0039227 3.0650637, 113.0075587 3.0652046, 113.0109767 3.0653797, 113.0161426 3.0655511, 113.0206599 3.0657289, 113.0241731 3.0658671, 113.0271268 3.0674515, 113.030983 3.06952, 113.034248 3.0712713, 113.0369458 3.0727184, 113.0376198 3.074297, 113.0388978 3.0772587, 113.0404392 3.0808308, 113.0413671 3.0829812, 113.0426152 3.085899, 113.0441458 3.0894689, 113.04555 3.0927438, 113.0469057 3.0959057, 113.0484417 3.0995657, 113.0496525 3.1024509, 113.0518079 3.103902, 113.0544101 3.1053779, 113.0563279 3.1064657, 113.0599897 3.1085426, 113.0621995 3.1097899, 113.0648894 3.1113083, 113.070193 3.114302, 113.0726009 3.1156611, 113.0757928 3.1174713, 113.0780098 3.1187286, 113.0815947 3.1207616, 113.0863416 3.123456, 113.0901962 3.1256397, 113.0925865 3.1269855, 113.0958021 3.128796, 113.0986889 3.1304214, 113.1017965 3.1321762, 113.105557 3.134292, 113.1075579 3.1353579, 113.1090277 3.1362203, 113.1110609 3.1374041, 113.1123644 3.1403554, 113.1138289 3.1437674, 113.11430410952849 3.144891268193438, 113.11508121887665 3.150176624406707)"
way/691200886-275,way/934653890-275,275.0,1843.3350719551768,391150.63,Al/St 240/40 3-bundle 300.0,"LINESTRING (110.14658076516129 1.4626759504559332, 110.149002894383 1.4560058514819547, 110.1486951 1.4555212, 110.1476169 1.4539231, 110.1494193 1.4514563, 110.1523483 1.4502121, 110.1581955 1.4505553, 110.1627231 1.4508503, 110.165416 1.4496383, 110.1685005 1.4480617, 110.1745892 1.4445437, 110.1784837 1.4423021, 110.1815575 1.4405378, 110.1856184 1.4387037, 110.1883435 1.4355129, 110.1901621 1.4348104, 110.1919216 1.4339899, 110.1942712 1.4336628, 110.1955211 1.4333893, 110.1987076 1.4306221, 110.2003169 1.4276216, 110.2028972 1.4253559, 110.2034631 1.4238543, 110.2074301 1.4220846, 110.2115929 1.4202612, 110.2129394 1.4176657, 110.2145004 1.414818, 110.2167052 1.4107959, 110.2183789 1.4078464, 110.2208787 1.4034864, 110.2226711 1.4022788, 110.2268922 1.3997888, 110.2320426 1.3967195, 110.2367011 1.3939433, 110.2410516 1.391337, 110.2453138 1.3887908, 110.2496897 1.3861767, 110.2530635 1.3841613, 110.2556752 1.3826011, 110.2584495 1.3809437, 110.2609585 1.3794449, 110.2628989 1.3782857, 110.2681174 1.3751682, 110.2707345 1.3736047, 110.2734915 1.3719578, 110.2768748 1.3699366, 110.2801365 1.3679881, 110.283277 1.3660899, 110.2855671 1.362764, 110.2880064 1.3590142, 110.2899866 1.3560866, 110.2926215 1.3547194, 110.2969991 1.3522576, 110.2998111 1.3507018, 110.3008105 1.3500892, 110.3015071 1.348191, 110.3014372 1.3458014, 110.3030075 1.3410337, 110.30458 1.3360844, 110.3065137 1.3301569, 110.3081725 1.3251074, 110.3091183 1.3222565, 110.3097264 1.3204235, 110.3109076 1.3166038, 110.3127248 1.3110302, 110.313631 1.3082819, 110.3146258 1.3052889, 110.3184466 1.3022867, 110.3215008 1.2998924, 110.323558 1.2982014, 110.3270992 1.2954414, 110.3316142 1.2918359, 110.3362154 1.2882723, 110.3382143 1.2866489, 110.3414969 1.284024, 110.3444393 1.2817368, 110.3481972 1.2788183, 110.3527052 1.2782244, 110.3549371 1.2779181, 110.3583175 1.2774837, 110.3606799 1.2771763, 110.36297 1.27791, 110.3655723 1.2787624, 110.3682794 1.2796382, 110.3734165 1.2800388, 110.37477 1.2789488, 110.3748772 1.2770622, 110.3750613 1.2720941, 110.3755202 1.2702284, 110.3792245 1.2686353, 110.3832479 1.266963, 110.3852468 1.2657005, 110.3893425 1.2631664, 110.3925552 1.2611284, 110.3979159 1.259512, 110.4027734 1.2580725, 110.4067176 1.2568963, 110.409674 1.2560136, 110.4123811 1.2551914, 110.4170196 1.2538195, 110.4207985 1.2526642, 110.4238294 1.2517558, 110.4279158 1.250533, 110.4301942 1.2499251, 110.4346953 1.2488898, 110.4369436 1.2484157, 110.4380582 1.2481806, 110.4414899 1.2474457, 110.4446945 1.2466887, 110.4488216 1.2457943, 110.4528388 1.2449164, 110.4556257 1.244297, 110.4595926 1.2434603, 110.4617894 1.2429267, 110.4641497 1.2424949, 110.4677197 1.2424547, 110.4705441 1.2424306, 110.4722929 1.2424199, 110.475195 1.2420873, 110.4795617 1.2421892, 110.483762 1.2422858, 110.486117 1.2445329, 110.4881179 1.2463671, 110.4941097 1.2476655, 110.4970068 1.2504404, 110.4995176 1.2528971, 110.5026627 1.2559751, 110.504099 1.2573575, 110.5071137 1.2602783, 110.5101144 1.2632072, 110.5132676 1.2657157, 110.5160761 1.2687424, 110.5183744 1.2711496, 110.520463 1.273431, 110.5232576 1.2764417, 110.5256117 1.2789778, 110.5287207 1.2823272, 110.5309281 1.2847018, 110.5339707 1.2879677, 110.5363028 1.290471, 110.5382806 1.2926185, 110.5412383 1.29328, 110.5459153 1.2943304, 110.550188 1.2952784, 110.5537408 1.2960866, 110.5568161 1.2967713, 110.5605588 1.2976072, 110.5636049 1.2982876, 110.5675747 1.2991797, 110.5707082 1.2998865, 110.5747713 1.3008089, 110.5776823 1.2987418, 110.5799699 1.2971269, 110.5838421 1.2943933, 110.5867146 1.2923576, 110.5897153 1.2902684, 110.5926787 1.2881209, 110.5957679 1.2859781, 110.5992159 1.2835558, 110.6023211 1.2813682, 110.6054875 1.2791374, 110.6085465 1.2769853, 110.611659 1.2748052, 110.6146247 1.272709, 110.6175252 1.2706605, 110.6235697 1.2664156, 110.6266485 1.2642448, 110.6298891 1.2619646, 110.6331041 1.2597193, 110.636664 1.257234, 110.6388492 1.2556921, 110.6426281 1.2530136, 110.64592 1.2506984, 110.6491257 1.2484205, 110.6503534 1.2463172, 110.6522615 1.2428933, 110.6541392 1.2394764, 110.6560123 1.2360595, 110.6580905 1.2322583, 110.659903 1.2289625, 110.6617533 1.2255589, 110.6635117 1.2223243, 110.6654622 1.2188081, 110.6673814 1.2153483, 110.668947 1.2125393, 110.6705382 1.2096231, 110.672409 1.2062155, 110.6740724 1.203127, 110.6751009 1.2012094, 110.675624 1.2002341, 110.6790999 1.1990834, 110.6831047 1.1977977, 110.6873332 1.1964235, 110.6916828 1.1950306, 110.6956853 1.1937239, 110.6993499 1.1925267, 110.7033547 1.191234, 110.707674 1.1898341, 110.7119211 1.1884692, 110.7163616 1.187039, 110.7223001 1.1850918, 110.725161 1.1841718, 110.729457 1.1827929, 110.7327349 1.1817447, 110.7371707 1.1802866, 110.7410404 1.1790568, 110.7457371 1.1775218, 110.74922 1.1764108, 110.7519656 1.175528, 110.7558423 1.1742597, 110.7612577 1.1724907, 110.764729 1.1713586, 110.7684427 1.1701286, 110.7717454 1.1690348, 110.7756454 1.167812, 110.7795671 1.1668632, 110.7833505 1.1659175, 110.7876046 1.1648554, 110.7907731 1.1640565, 110.793959 1.163268, 110.7979789 1.162256, 110.8018732 1.1612841, 110.8055541 1.160352, 110.8096392 1.1593374, 110.8134506 1.1583824, 110.8172574 1.1574344, 110.82092 1.156518, 110.8246988 1.1555725, 110.828708 1.1545694, 110.8325917 1.1535981, 110.8362936 1.1526711, 110.8401423 1.1517138, 110.8440143 1.1507425, 110.8477209 1.1498061, 110.851544 1.1488697, 110.8548617 1.1480481, 110.8585525 1.1470291, 110.8634394 1.1458116, 110.8664328 1.1450661, 110.8701611 1.1442187, 110.8743131 1.143146, 110.8778429 1.1422342, 110.8826119 1.1410972, 110.8857393 1.1402927, 110.889312 1.1394024, 110.8935392 1.1383619, 110.9378796 1.1271881, 111.0067604 1.158186, 111.0153803 1.1583542, 111.0334689 1.1701929, 111.116841 1.1574421, 111.2030222 1.1473441, 111.2056458 1.1499798, 111.2733947 1.147868, 111.3415599 1.153986, 111.3439635 1.156036, 111.3470397 1.158909, 111.3499024 1.1613432, 111.3529753 1.1640672, 111.3560564 1.1668411, 111.3589304 1.1693198, 111.3642224 1.1741097, 111.3669703 1.1765785, 111.3698799 1.1790198, 111.3729558 1.1817863, 111.3758396 1.1842834, 111.3786527 1.1869373, 111.3858095 1.1931617, 111.3895312 1.1963985, 111.392174 1.198697, 111.3956882 1.2017838, 111.3998986 1.2055195, 111.4039837 1.2091369, 111.4081117 1.2127596, 111.4121895 1.2163853, 111.4164334 1.2200652, 111.4205702 1.2237545, 111.4247198 1.2273384, 111.4284683 1.2307558, 111.4314356 1.2333664, 111.434959 1.2364413, 111.4384113 1.2395206, 111.4407222 1.2415456, 111.4438054 1.2440813, 111.4465488 1.2466282, 111.4498206 1.249501, 111.4524376 1.2517886, 111.4559126 1.2539506, 111.4603209 1.2565914, 111.4635123 1.2585031, 111.4673493 1.2608015, 111.4716708 1.2633902, 111.4763348 1.2661841, 111.4810935 1.2690346, 111.4858807 1.2719022, 111.4905693 1.2747108, 111.4953539 1.2775769, 111.4997938 1.2802365, 111.5043379 1.2829585, 111.5089924 1.2857466, 111.5135965 1.2885046, 111.5179038 1.2910847, 111.5208911 1.2914779, 111.5256449 1.2921036, 111.5332246 1.2931012, 111.5378348 1.2936737, 111.5435543 1.2943838, 111.5488632 1.295043, 111.5529306 1.2955481, 111.5569136 1.2960426, 111.5627322 1.2967651, 111.5663915 1.2972195, 111.5695095 1.2976066, 111.5735399 1.2981071, 111.5763793 1.2984596, 111.5811175 1.299048, 111.5851692 1.2995511, 111.5885433 1.29997, 111.5920191 1.3004016, 111.5950935 1.3007834, 111.5991781 1.3012905, 111.6026631 1.3017233, 111.6058432 1.302187, 111.610279 1.3026689, 111.612801 1.3028062, 111.6159357 1.3030413, 111.6183246 1.3031069, 111.6220691 1.3033727, 111.6250414 1.3034726, 111.6276168 1.3036128, 111.6306319 1.3036619, 111.6343863 1.3037831, 111.6385074 1.3037902, 111.6433452 1.3038691, 111.6475297 1.3039373, 111.6517141 1.3040054, 111.6555863 1.3040685, 111.6597615 1.3041366, 111.6644811 1.3042135, 111.6677965 1.3041468, 111.6708447 1.3041931, 111.6744274 1.3040851, 111.6775278 1.3039917, 111.6815877 1.3039412, 111.6861853 1.3038499, 111.6896562 1.3037585, 111.6963804 1.303622, 111.7047351 1.303378, 111.7120574 1.3030735, 111.7150767 1.3030126, 111.7215835 1.3029184, 111.7251474 1.3026928, 111.7302752 1.3060272, 111.733168 1.3079519, 111.7391479 1.3119518, 111.7451277 1.3159518, 111.7520204 1.3205623, 111.7546944 1.322351, 111.7590902 1.3252913, 111.761886 1.3271614, 111.7665549 1.3352305, 111.7676204 1.3371514, 111.7686005 1.3389181, 111.7709157 1.3430918, 111.772288 1.3455657, 111.7747729 1.3500453, 111.7778601 1.3556105, 111.7830165 1.3609012, 111.7839435 1.364093, 111.7845783 1.366466, 111.7863433 1.3697939, 111.7924025 1.3803072, 111.794857 1.3845659, 111.7968448 1.388015, 111.7978474 1.3928558, 111.7986665 1.3968105, 111.7992597 1.4001787, 111.7998721 1.4032632, 111.8056606 1.4088453, 111.8071954 1.410402, 111.808714 1.4119444, 111.8124192 1.4156242, 111.8131238 1.4163651, 111.8157722 1.4223403, 111.8170964 1.4253764, 111.8198176 1.4317403, 111.8216642 1.4358573, 111.8229398 1.4389906, 111.8242883 1.4418446, 111.8253938 1.4442978, 111.8265202 1.4468482, 111.8284673 1.4512566, 111.8306176 1.4561387, 111.8324642 1.4604015, 111.8333267 1.4624296, 111.8354162 1.4671052, 111.8398747 1.4773065, 111.8409195 1.4797476, 111.8438572 1.4863138, 111.8467993 1.4930335, 111.849059 1.4982313, 111.8499215 1.5002472, 111.8543314 1.5061858, 111.8574171 1.5103391, 111.8607215 1.5148203, 111.8634792 1.5185607, 111.8653304 1.5210673, 111.8698838 1.5272327, 111.8701012 1.5333919, 111.8704568 1.5418435, 111.8706082 1.545441, 111.8708023 1.5500524, 111.8710704 1.5564231, 111.8715043 1.5667348, 111.871708 1.5715744, 111.8727251 1.5739493, 111.8742096 1.5772968, 111.875993 1.5815374, 111.8770477 1.5840585, 111.8779429 1.58605, 111.8809685 1.5941882, 111.880281 1.6028936, 111.879934 1.6062517, 111.8797895 1.6076496, 111.8791087 1.6142377, 111.8787171 1.6180274, 111.8783488 1.621592, 111.8778562 1.626359, 111.8799857 1.6334313, 111.8807957 1.6361215, 111.8820489 1.6402833, 111.8833242 1.6445188, 111.8849283 1.6498461, 111.8868444 1.655971, 111.8879965 1.6597972, 111.8898296 1.6656639, 111.8908352 1.6665106, 111.8960171 1.6708736, 111.9010443 1.6751063, 111.905876 1.6791744, 111.9069606 1.6800876, 111.9118673 1.6842188, 111.9149778 1.6868378, 111.9206589 1.691621, 111.9247598 1.6950738, 111.9276392 1.6974981, 111.930724 1.7000953, 111.9339895 1.7028447, 111.9356838 1.7035331, 111.940324 1.7054182, 111.9423283 1.7062324, 111.9446764 1.7071863, 111.9486665 1.7088073, 111.9508426 1.7124789, 111.9531354 1.7163473, 111.9540309 1.7178584, 111.9556548 1.7183281, 111.9603532 1.7196871, 111.9657468 1.7212472, 111.9675993 1.7233416, 111.9702928 1.7263867, 111.9736182 1.7301463, 111.9747679 1.7314461, 111.9772052 1.7342017, 111.9802392 1.738167, 111.9813258 1.7395871, 111.9841822 1.7433203, 111.9858727 1.7455298, 111.9898331 1.7507058, 111.9902197 1.7512774, 111.9933743 1.7559417, 111.994661 1.7578441, 111.9981207 1.7629594, 111.9997154 1.7654074, 112.0013136 1.7677703, 112.0039618 1.7716791, 112.0081757 1.7780999, 112.0123195 1.7841865, 112.0159909 1.7895791, 112.0164794 1.7902966, 112.0186204 1.7934414, 112.0204504 1.7961294, 112.0234068 1.8004718, 112.0262829 1.8046963, 112.0274166 1.8063614, 112.0304267 1.8107826, 112.0343272 1.8165118, 112.0358226 1.8187082, 112.0363748 1.8195193, 112.0398073 1.8254972, 112.0419899 1.8292984, 112.0440314 1.8328538, 112.0445394 1.8337385, 112.0465273 1.8352864, 112.04944 1.8375545, 112.051059 1.8388152, 112.0553547 1.8421602, 112.0586995 1.8447647, 112.0606755 1.8463033, 112.0666977 1.8509927, 112.0708033 1.8541896, 112.0737755 1.856504, 112.0786679 1.8604394, 112.0815754 1.8626591, 112.0823568 1.8626838, 112.0874353 1.8628442, 112.0892342 1.8629011, 112.091541 1.8629739, 112.0965099 1.8631309, 112.1033549 1.863281, 112.1069169 1.863399, 112.1090412 1.8634312, 112.1122384 1.863517, 112.1159935 1.86371, 112.120446 1.8638708, 112.1226025 1.8665302, 112.1236968 1.8679349, 112.1262073 1.8711733, 112.1287393 1.8744438, 112.1307671 1.8771246, 112.1325803 1.8793657, 112.1346831 1.8823253, 112.1359277 1.8840302, 112.1378589 1.8864322, 112.1355629 1.894453, 112.1348548 1.896855, 112.1335566 1.901305, 112.1321297 1.9065914, 112.1311319 1.909894, 112.1304345 1.9124353, 112.1297586 1.9144941, 112.1293509 1.9159417, 112.1273875 1.922815, 112.1269369 1.924209, 112.1255314 1.9290771, 112.123332 1.9369476, 112.1258211 1.941108, 112.1277094 1.9441747, 112.1295655 1.9471663, 112.1328807 1.9527099, 112.1350264 1.956302, 112.1370864 1.9597761, 112.1387815 1.9624996, 112.1410668 1.9662418, 112.1436417 1.970638, 112.147429 1.9767177, 112.1506584 1.9823898, 112.1551108 1.9894666, 112.1571386 1.992694, 112.1591234 1.9961252, 112.1606362 1.9987629, 112.1625245 2.0019367, 112.1642733 2.0047459, 112.1662044 2.0079304, 112.1669447 2.0088097, 112.1690476 2.0118977, 112.1708286 2.0143316, 112.1719551 2.0160043, 112.1745622 2.0197785, 112.1775234 2.0238743, 112.1790818 2.0259708, 112.1820187 2.0299216, 112.1847546 2.0337065, 112.1867072 2.0367837, 112.1948538 2.0481061, 112.2126785 2.0643733, 112.2124609 2.0689632, 112.2187692 2.0744611, 112.234009 2.0909264, 112.26288810625286 2.1098810203946408, 112.27101087041301 2.117148585693594)"
way/755036990-275,way/662315251-275,275.0,1843.3350719551768,63336.56,Al/St 240/40 3-bundle 300.0,"LINESTRING (101.29096067362497 4.213436134578407, 101.29652712794977 4.207289014988345, 101.2980746 4.2067216, 101.3014555 4.2054871, 101.3033511 4.2047956, 101.3061769 4.203731, 101.3093331 4.202558, 101.309777 4.2027947, 101.310225 4.2030408, 101.3112449 4.2035611, 101.3126953 4.2042968, 101.3158804 4.2059673, 101.3174783 4.2067718, 101.3180356 4.2099757, 101.3187222 4.2140818, 101.3193177 4.2156614, 101.3201451 4.217576, 101.3210705 4.2199573, 101.3208868 4.2219301, 101.3206574 4.2243676, 101.3203463 4.2272518, 101.3201217 4.229127, 101.319771 4.2326217, 101.3193492 4.234557, 101.3186552 4.2375529, 101.3181509 4.2400137, 101.3176507 4.2424225, 101.3199037 4.2443029, 101.320931 4.2451776, 101.3198099 4.2477896, 101.3199761 4.2494426, 101.3207808 4.2537063, 101.3210423 4.2552684, 101.3217075 4.2589663, 101.3212207 4.2611222, 101.32053 4.2646288, 101.3197522 4.267975, 101.3192077 4.2706043, 101.3194343 4.2724298, 101.3198863 4.2752998, 101.3203718 4.2786205, 101.320695 4.2807636, 101.321151 4.2839485, 101.3216673 4.2874952, 101.322773 4.2884561, 101.3255082 4.2908038, 101.3272329 4.2943438, 101.3280664 4.2960843, 101.3289092 4.2994056, 101.3292371 4.3007202, 101.3298333 4.3030177, 101.3304891 4.3056843, 101.3307466 4.3065669, 101.3316545 4.3102927, 101.3323116 4.3129773, 101.3324726 4.313981, 101.3329768 4.3174446, 101.3332108 4.3189557, 101.3319569 4.3224106, 101.3309826 4.3250591, 101.3318315 4.3284545, 101.3324343 4.3308703, 101.3341597 4.3332125, 101.3351856 4.3345832, 101.3357207 4.338797, 101.336001 4.341101, 101.3360184 4.3437983, 101.3347135 4.3455635, 101.3341905 4.3462789, 101.3348262 4.347009, 101.3366246 4.3494241, 101.3378705 4.3509485, 101.3369907 4.3536845, 101.3360788 4.3565542, 101.3372751 4.3577872, 101.3366682 4.3601734, 101.3361271 4.3623551, 101.3361217 4.3648651, 101.3374246 4.3667639, 101.3392411 4.3693367, 101.3396421 4.3699625, 101.3408048 4.3716033, 101.3443923 4.376702, 101.3452667 4.377979, 101.3473387 4.3808874, 101.3493678 4.3838292, 101.3502033 4.3849778, 101.3514881 4.3868285, 101.3541086 4.3906194, 101.3575257 4.3955201, 101.3585034 4.3969709, 101.3598579 4.3990301, 101.3610622 4.4006949, 101.3622183 4.4023904, 101.3641115 4.4051672, 101.3694924 4.4058014, 101.3733964 4.4062668, 101.3764568 4.4066599, 101.3794957 4.407045, 101.3830698 4.4074876, 101.3840407 4.4075772, 101.3870327 4.4079716, 101.3927686 4.4087512, 101.393776 4.408851, 101.3956828 4.40904, 101.3969636 4.4083072, 101.4006302 4.4059686, 101.4015495 4.4053883, 101.404223 4.4037101, 101.4050505 4.4032154, 101.4071325 4.4049383, 101.4092642 4.4043319, 101.4111418 4.4023302, 101.4137998 4.4003004, 101.4169864 4.4001139, 101.4201727 4.3999728, 101.4245515 4.3997602, 101.4268447 4.3996492, 101.42959 4.3994527, 101.4315205 4.3993958, 101.4346205 4.3992133, 101.4361869 4.3991211, 101.4389858 4.3989593, 101.4420475 4.3987627, 101.4436602 4.3987353, 101.4476694 4.3985234, 101.4507513 4.3983629, 101.451348 4.3985875, 101.4534401 4.39924, 101.454859 4.3997495, 101.4584814 4.4009997, 101.4606428 4.4016969, 101.4612535 4.4018649, 101.4624417 4.4030229, 101.463532 4.4039776, 101.4649389 4.4052479, 101.4662678 4.4064807, 101.4683365 4.4084289, 101.471639 4.4099332, 101.4728004 4.4104707, 101.475217 4.4109829, 101.4777973 4.4115297, 101.4801188 4.4120833, 101.4814384 4.4123922, 101.4850675 4.4131356, 101.4866473 4.4134846, 101.489233 4.4140168, 101.4905365 4.4143591, 101.4922196 4.4147282, 101.4938745 4.4150745, 101.495217 4.4153686, 101.4971079 4.4158138, 101.4986072 4.4161187, 101.5019278 4.4168956, 101.5043096 4.4173449, 101.5065171 4.4178089, 101.5085274 4.4182542, 101.5101487 4.4186312, 101.5124865 4.4190791, 101.514035 4.4194263, 101.5167072 4.4200983, 101.5205325 4.4209708, 101.5218303 4.4212467, 101.5259657 4.4222112, 101.5281009 4.4227246, 101.5320966 4.4237332, 101.5364016 4.4248289, 101.5378512 4.4251581, 101.5398308 4.4256755, 101.5414296 4.4261321, 101.5448329 4.4269573, 101.5470357 4.4274212, 101.5485217 4.4277875, 101.5515439 4.42851, 101.5535383 4.4289819, 101.5536367 4.4308069, 101.5538156 4.4326177, 101.5540851 4.434713, 101.5553716 4.4347471, 101.5555315 4.4374162, 101.5562186 4.4434609, 101.5564386 4.4463353, 101.556552 4.4474802, 101.5565393 4.4486204, 101.5605484 4.4499333, 101.5622078 4.4505321, 101.5645916 4.4513677, 101.5664404 4.4520256, 101.5682863 4.452509, 101.5702472 4.4525583, 101.57075685253058 4.452556670746678, 101.57591817979613 4.453165303215451)"
MY5-275,MY6-275,275.0,921.6675359775888,4429.74,Al/St 240/40 3-bundle 300.0,"LINESTRING (101.3295329 5.538732788033564, 101.3326034080391 5.5401007702123275, 101.3419032 5.5451427, 101.342724 5.5457834, 101.343192 5.5461438, 101.3532692357874 5.550082249832874, 101.3563201 5.551478788007923)"
MY15-275,MY14-275,275.0,1843.3350719551768,3443.24,Al/St 240/40 3-bundle 300.0,"LINESTRING (101.06916374978988 5.232370939333727, 101.07304226924742 5.232789855108222, 101.0734946 5.2328412, 101.0744595 5.2312446, 101.0762197 5.2284153, 101.0787074 5.2239266, 101.0825101 5.2224428, 101.0856034 5.2211273, 101.0874675 5.2197183, 101.0887194 5.2188055, 101.0910375 5.218113, 101.09115031171667 5.218079521345071, 101.09648989355983 5.216589502014593)"
MY7-275,MY8-275,275.0,1843.3350719551768,1275.8,Al/St 240/40 3-bundle 300.0,"LINESTRING (101.20864446852885 5.430843805213342, 101.21009240222484 5.434441203563496, 101.21114655615978 5.434901448073214, 101.21461699837732 5.4365235969222425)"
way/316035705-500,way/316035698-500,500.0,4468.691083527704,36144.4,Al/St 240/40 4-bundle 380.0,"LINESTRING (100.64371976231153 4.161327184084826, 100.64836630254489 4.1630039261995, 100.6506529 4.1644428, 100.6538072 4.1664291, 100.6535494 4.1701697, 100.6528328 4.1724425, 100.6532573 4.1735596, 100.656463 4.1738746, 100.6598827 4.1740478, 100.6632011 4.1741972, 100.6636618 4.1769989, 100.6664822 4.1770861, 100.6695578 4.1771981, 100.6728576 4.1773662, 100.6754911 4.1774721, 100.6781372 4.1773413, 100.6805591 4.1771981, 100.6832113 4.1770238, 100.6867414 4.1768806, 100.6902778 4.1766876, 100.6936336 4.1765133, 100.696871 4.1763203, 100.7001459 4.1761771, 100.7036075 4.1760028, 100.7069011 4.1774721, 100.7101572 4.1789165, 100.7220933 4.1842544, 100.7253179 4.1856651, 100.7287195 4.1871858, 100.7316449 4.1884622, 100.734161 4.1896104, 100.7372573 4.1909783, 100.7401704 4.1922975, 100.7422774 4.1952472, 100.7445004 4.1984107, 100.7463997 4.201104, 100.7480704 4.2035388, 100.7499655 4.2062287, 100.7521318 4.2093036, 100.7543751 4.2124877, 100.7566812 4.2158128, 100.7590131 4.219043, 100.7613882 4.2224027, 100.7636424 4.2256069, 100.7640915 4.2298821, 100.7644888 4.2337082, 100.7649379 4.2379057, 100.7653093 4.2417836, 100.765793 4.2460847, 100.7661816 4.2499022, 100.7666221 4.2541428, 100.7690306 4.2573837, 100.7714123 4.2606266, 100.7738247 4.2639, 100.7762492 4.2671673, 100.7786126 4.2704407, 100.7810555 4.2737752, 100.7834739 4.2770486, 100.7858557 4.2802976, 100.7882619 4.283571, 100.7906089 4.2868393, 100.791274 4.2897412, 100.7919908 4.2930578, 100.7928372 4.2970393, 100.7930293 4.297977, 100.7935627 4.3005804, 100.7947028 4.3038969, 100.7953851 4.3060475, 100.7959551 4.3076107, 100.7971556 4.3111605, 100.7983302 4.3145806, 100.7952469 4.3167139, 100.7921376 4.3187954, 100.79147031455847 4.319240256961029, 100.78876534195707 4.326883080241377)"
way/755668283-500,way/1137308780-500,500.0,4468.691083527704,109098.27,Al/St 240/40 4-bundle 380.0,"LINESTRING (102.50348261166337 2.7652011872870603, 102.50299360395763 2.7538934220627502, 102.5042017 2.7524299, 102.5064238 2.7498416, 102.5095286 2.7461099, 102.5114515 2.7437714, 102.5156 2.7388396, 102.5171725 2.7369611, 102.5196463 2.7338794, 102.5221454 2.7307042, 102.5245394 2.7276723, 102.527745 2.723638, 102.5285972 2.7225514, 102.5290646 2.7194581, 102.5306904 2.7095977, 102.5331631 2.7065381, 102.5361514 2.703189, 102.5391824 2.6994239, 102.5408444 2.697524, 102.5434899 2.6945297, 102.5460773 2.6913455, 102.5481409 2.6889462, 102.5500667 2.6871136, 102.5525698 2.6849725, 102.5602152 2.678726, 102.5629879 2.6764343, 102.5662672 2.6738244, 102.5697341 2.6709384, 102.5714748 2.6694288, 102.5759093 2.6658303, 102.5798384 2.6626022, 102.5815524 2.6612257, 102.5841522 2.6591418, 102.5899136 2.654394, 102.5973562 2.6536362, 102.6013613 2.6531829, 102.6036281 2.6529777, 102.6072895 2.6526773, 102.6111889 2.6522934, 102.6117007 2.6480859, 102.612268 2.6436347, 102.6127902 2.6394453, 102.6133561 2.6355957, 102.6155448 2.6344489, 102.618522 2.6328573, 102.6213813 2.631373, 102.6242566 2.629894, 102.6310015 2.6264115, 102.6346046 2.6245512, 102.6364042 2.624516, 102.6403281 2.6242671, 102.6438159 2.6240152, 102.6526317 2.6234396, 102.6555768 2.6232579, 102.6581971 2.6230741, 102.6613928 2.6228493, 102.6642108 2.6226703, 102.6682262 2.6223995, 102.6708281 2.6222241, 102.6751971 2.6218879, 102.6780726 2.6217202, 102.6816332 2.6214742, 102.6844726 2.6212901, 102.6934014 2.6206789, 102.6973629 2.6203875, 102.7010134 2.6201598, 102.7050816 2.6198834, 102.7096543 2.6195728, 102.7130775 2.619335, 102.7170507 2.6190689, 102.7218461 2.6187477, 102.7262029 2.6184762, 102.730787 2.6181626, 102.7335969 2.6179787, 102.7373747 2.6177512, 102.740639 2.6175179, 102.7459967 2.6170972, 102.7650342 2.6159176, 102.7670437 2.6157425, 102.7713762 2.6155085, 102.7743585 2.6153151, 102.7790656 2.6150363, 102.783891 2.6147505, 102.7882355 2.6144766, 102.7998875 2.6137288, 102.8046321 2.613434, 102.8116208 2.6129818, 102.8150475 2.6127672, 102.8224412 2.6090592, 102.8259838 2.6072507, 102.8295816 2.605413, 102.8331269 2.603602, 102.8366876 2.6017655, 102.83784 2.5993863, 102.8396239 2.5959929, 102.8415123 2.5922805, 102.8458605 2.5838048, 102.8537249 2.5684059, 102.8546058 2.566016, 102.8572279 2.5592943, 102.8584935 2.5561029, 102.859894 2.5524895, 102.8620494 2.5470054, 102.8635499 2.5431874, 102.8647005 2.54026, 102.8659934 2.5377305, 102.867712 2.5344303, 102.8693365 2.53129, 102.8711051 2.527868, 102.8730154 2.5241718, 102.8749031 2.5206229, 102.8763977 2.5177723, 102.8783429 2.5139828, 102.8798282 2.5111059, 102.8809418 2.5097067, 102.8827257 2.5074654, 102.8855197 2.5039549, 102.8878105 2.5010412, 102.8939522 2.4993403, 102.8972584 2.4984246, 102.9008996 2.4973325, 102.9040116 2.4947018, 102.9055016 2.4934073, 102.9086392 2.4907312, 102.9115223 2.4882721, 102.9136455 2.4864102, 102.9167247 2.4845987, 102.9202718 2.4839441, 102.9243267 2.4831959, 102.9280565 2.4824535, 102.9315305 2.4817958, 102.9314008 2.4786712, 102.9312534 2.4751192, 102.9311013 2.4714548, 102.9303817 2.467432, 102.9298212 2.4642987, 102.9293755 2.4616221, 102.928734 2.4579675, 102.9280998 2.4543539, 102.9275501 2.4510915, 102.9270095 2.4481546, 102.9265366 2.4453955, 102.9260437 2.4426255, 102.9258001 2.440798, 102.9252756 2.4375747, 102.924774 2.434359, 102.9262841 2.4338713, 102.9301035 2.4319257, 102.9335818 2.4302189, 102.9363146 2.4288529, 102.9396035 2.4271602, 102.9430129 2.4254498, 102.9468265 2.4235368, 102.9500157 2.421937, 102.953423 2.4202277, 102.9571456 2.4183284, 102.9597903 2.416001, 102.9627977 2.4132889, 102.965345 2.410959, 102.9680215 2.4085534, 102.9717862 2.4051698, 102.9731905 2.403927, 102.9736688 2.4004948, 102.9742142 2.396804, 102.9749024 2.3920155, 102.9753717 2.3887498, 102.9759412 2.3847872, 102.9764311 2.3813782, 102.9769564 2.3777232, 102.969768 2.3753059, 102.9698363 2.3723084, 102.9698428 2.3695434, 102.9698646 2.3666283, 102.9717078 2.3638376, 102.9733663 2.3613265, 102.975288 2.358417, 102.9763177 2.3547332, 102.9773773 2.3509424, 102.978437 2.3471515, 102.9794447 2.3433693, 102.980615 2.3394742, 102.9817136 2.3356643, 102.9870897 2.3166274, 102.9882311 2.3125856, 102.9892878 2.3088438, 102.9903674 2.3050209, 102.9904196 2.301415, 102.990523 2.2942686, 102.9892409 2.2901038, 102.9906088 2.2851188, 102.9907277 2.2781909, 102.9907837 2.2743878, 102.9908973 2.2666692, 102.9909536 2.2630697, 102.9910165 2.2590468, 102.9925136 2.2555831, 102.9939866 2.2521753, 102.99557 2.2484643, 102.9969849 2.2451758, 102.9984823 2.2416958, 103.0000227 2.2381158, 103.0107307 2.2132294, 103.0107093 2.1923317, 103.0136023 2.1900507, 103.0164205 2.1878544, 103.0191991 2.185676, 103.0220252 2.1834605, 103.0247947 2.1812797, 103.0303538 2.1768505, 103.0316412 2.1734666, 103.0328 2.1701605, 103.0331942 2.1664584, 103.0336486 2.1621921, 103.034013 2.1587699, 103.0344296 2.1545017, 103.0346667 2.1519489, 103.0350762 2.1477055, 103.035451 2.1440076, 103.0358577 2.1394334, 103.0363018 2.1353659, 103.0366516 2.1313656, 103.0370063 2.1282431, 103.0373779 2.1241698, 103.0377938 2.1200494, 103.0392694 2.1044278, 103.0480353 2.1041525, 103.0521009 2.1040248, 103.055985 2.1038542, 103.0559472 2.100793, 103.0559636 2.0979993, 103.0559742 2.0933952, 103.0564527 2.0873992, 103.0567066 2.0845275, 103.0569272 2.0808481, 103.05598478799926 2.080739768900607, 103.05045626888098 2.0773971142897576)"
MY54-500,way/162362039-500,500.0,4468.691083527704,48748.53,Al/St 240/40 4-bundle 380.0,"LINESTRING (101.57620523476567 2.846515096000206, 101.57102999599046 2.8419954338904514, 101.5708431 2.8380859, 101.5706284 2.8339615, 101.5715937 2.8304645, 101.5738243 2.8304486, 101.5737593 2.8271443, 101.5774162 2.8260487, 101.581285 2.8248781, 101.5846082 2.8231014, 101.5864488 2.8213939, 101.5850413 2.8187879, 101.5859441 2.8174209, 101.5847685 2.8137709, 101.583521 2.809972, 101.5853147 2.8082571, 101.5870787 2.8065699, 101.5902449 2.8045507, 101.5931596 2.8026523, 101.5958222 2.8009612, 101.5950706 2.799079, 101.5940359 2.7965342, 101.5957802 2.7951348, 101.5979985 2.7933602, 101.598466 2.7908373, 101.5990423 2.7872963, 101.5996857 2.783739, 101.6032473 2.7843883, 101.6068372 2.7849977, 101.6075247 2.7809652, 101.6063484 2.778028, 101.605058 2.7748077, 101.6038925 2.7718615, 101.6039071 2.7681958, 101.6039104 2.7641295, 101.6078534 2.7641355, 101.6127834 2.7641355, 101.6157544 2.7641323, 101.6206748 2.7641401, 101.6236401 2.7641474, 101.6280976 2.76415, 101.6313576 2.7641482, 101.6313376 2.7625178, 101.6313336 2.7595104, 101.6313083 2.7560666, 101.6312774 2.7523756, 101.6312593 2.7490159, 101.6312876 2.7474985, 101.6312983 2.7441522, 101.6312719 2.7403298, 101.6312287 2.7368905, 101.6312472 2.7334833, 101.631251 2.7296792, 101.6312336 2.7260809, 101.6312102 2.7225918, 101.6312127 2.7187873, 101.6312384 2.7153955, 101.6314704 2.7118125, 101.6317166 2.7080109, 101.6319358 2.7044215, 101.6321987 2.7007295, 101.6322175 2.6969196, 101.6322178 2.6930213, 101.6322273 2.6892061, 101.6322362 2.6856132, 101.6312975 2.6825534, 101.6313457 2.6799653, 101.6313626 2.6745156, 101.6313746 2.6706521, 101.6313873 2.6665474, 101.6313994 2.662657, 101.635585 2.6626988, 101.6389203 2.6627321, 101.6432373 2.6627065, 101.6468717 2.6627211, 101.6513443 2.6627175, 101.6563775 2.6627376, 101.6593494 2.6627283, 101.6640271 2.6627136, 101.6666758 2.6627053, 101.66683 2.6589842, 101.6670318 2.655104, 101.6672003 2.6515071, 101.6674322 2.6477814, 101.6705328 2.6473366, 101.6705865 2.6452682, 101.6750711 2.6446733, 101.6793841 2.6440732, 101.6804892 2.6447966, 101.6848612 2.6448127, 101.6862237 2.6438106, 101.687758 2.6459969, 101.6892868 2.6480922, 101.6903865 2.6505304, 101.6915667 2.6531293, 101.6934711 2.6546351, 101.6954237 2.6522612, 101.6977411 2.6494265, 101.6999084 2.646774, 101.7019844 2.6444965, 101.702494 2.6428943, 101.7068231 2.641217, 101.70582 2.6384197, 101.7049831 2.6362119, 101.7086524 2.6348026, 101.7120534 2.6335111, 101.7152291 2.6340202, 101.7194295 2.6334468, 101.723662 2.6328734, 101.7254323 2.6303119, 101.726194 2.6284846, 101.7256522 2.6253176, 101.724118 2.622606, 101.7230236 2.6214056, 101.7205989 2.618812, 101.7207384 2.6157896, 101.7219722 2.6127297, 101.7233187 2.6093322, 101.7247349 2.6058168, 101.7260063 2.6026282, 101.72548538169791 2.599943903566634, 101.72432489619831 2.594688938518982)"
way/892365043-275,MY17-275,275.0,1843.3350719551768,2781.37,Al/St 240/40 3-bundle 300.0,"LINESTRING (102.6033619018408 5.151477983078986, 102.60649829940198 5.153648109681438, 102.6075116 5.154296, 102.609829 5.1557893, 102.6113337 5.1567029, 102.6119131 5.1599887, 102.6121974 5.1619708, 102.61084336723508 5.16294988560611, 102.60621239586776 5.166773660736206)"
way/342946809-500,way/1137308780-500,500.0,4468.691083527704,81761.59,Al/St 240/40 4-bundle 380.0,"LINESTRING (101.92790599315728 2.8828296878343918, 101.93585048359904 2.8820873907835387, 101.9383836 2.8820566, 101.9406259 2.8820566, 101.9440055 2.8820406, 101.9457114 2.8820888, 101.9487315 2.8799993, 101.9511723 2.8790939, 101.9525242 2.8786385, 101.9526154 2.8754989, 101.9527066 2.8732486, 101.9534522 2.8708002, 101.9541228 2.8688393, 101.9557428 2.8678213, 101.9602114 2.8682981, 101.9642293 2.8687268, 101.9672644 2.8674728, 101.9713479 2.8675909, 101.9753873 2.8677142, 101.9790888 2.8677731, 101.9819587 2.8678695, 101.9837505 2.8678642, 101.992591 2.8679981, 101.995461 2.8680303, 101.9982719 2.8681053, 102.0015013 2.8680571, 102.0109856 2.8684214, 102.0194292 2.868625, 102.0264351 2.8748399, 102.0318746 2.8793617, 102.0405221 2.8868303, 102.0448404 2.8917271, 102.0460904 2.8931308, 102.0499205 2.8973311, 102.0515084 2.8990027, 102.0555746 2.9033423, 102.0610142 2.9092141, 102.0623016 2.9106392, 102.0637715 2.9122358, 102.06743 2.9154717, 102.0700371 2.9177433, 102.0734274 2.9206363, 102.0771396 2.9239043, 102.0793283 2.925833, 102.0826971 2.9288867, 102.0854008 2.9311476, 102.0863557 2.9319726, 102.0892417 2.9345441, 102.092911 2.9378979, 102.094869 2.9395158, 102.0952874 2.9398479, 102.0992303 2.9425159, 102.1048522 2.9466089, 102.1068156 2.9479697, 102.1100449 2.9502947, 102.1128344 2.9522555, 102.1163535 2.9548056, 102.1191001 2.9566592, 102.1213961 2.95832, 102.1240139 2.9602057, 102.1264708 2.960495, 102.1313417 2.9612557, 102.1337449 2.9615772, 102.1360838 2.9619415, 102.1399462 2.9625522, 102.1448386 2.9632593, 102.149806 2.9640522, 102.1517157 2.9643201, 102.1528315 2.9645665, 102.1561897 2.9642237, 102.1691179 2.9629701, 102.1799969 2.9686273, 102.1958113 2.9711666, 102.198869 2.9717023, 102.2027528 2.9722595, 102.2076344 2.9730631, 102.2418702 2.9775524, 102.2478193 2.9725541, 102.2507858 2.9700309, 102.2536397 2.9676844, 102.256279 2.9653272, 102.2596693 2.9624665, 102.2630435 2.9596218, 102.2660798 2.9570878, 102.2962761 2.9315762, 102.3265046 2.904746, 102.3351037 2.9061604, 102.3407471 2.8949631, 102.3606062 2.8813762, 102.3689425 2.8756971, 102.3914838 2.8602455, 102.408312 2.8482763, 102.4170455 2.8479056, 102.4197795 2.8456805, 102.422456 2.8435664, 102.4251906 2.8413473, 102.4280932 2.8389919, 102.4312411 2.836475, 102.4342873 2.8339792, 102.4374528 2.8313993, 102.4404723 2.8290169, 102.4434666 2.826615, 102.4463217 2.824326, 102.4493059 2.8219138, 102.4524855 2.8193566, 102.456264 2.8162797, 102.4600767 2.8132329, 102.4631098 2.8107995, 102.4662234 2.8082824, 102.4692995 2.8058078, 102.4725034 2.8032241, 102.4756114 2.8007521, 102.478694 2.7982027, 102.4802313 2.794817, 102.481876 2.7911499, 102.4834663 2.7876133, 102.4849014 2.7844226, 102.4860937 2.7817988, 102.4876182 2.7783792, 102.4891053 2.7750434, 102.4905921 2.7717115, 102.4930116 2.7697976, 102.49528038963453 2.767957898413254, 102.50348261166337 2.7652011872870603)"
way/316035698-500,way/885845346-500,500.0,4468.691083527704,224968.05,Al/St 240/40 4-bundle 380.0,"LINESTRING (100.78876534195707 4.326883080241377, 100.79191109581332 4.31930658813155, 100.7922672 4.3190631, 100.7955405 4.3167916, 100.7986757 4.314762, 100.7974234 4.3111173, 100.7961969 4.3074553, 100.7957305 4.305892, 100.7950137 4.3040783, 100.7938564 4.3004595, 100.7930759 4.2968855, 100.7923881 4.2935242, 100.7915244 4.2898017, 100.7908594 4.2864765, 100.7911185 4.282495, 100.7913431 4.2783925, 100.7915331 4.2743419, 100.7917749 4.2703171, 100.792008 4.266134, 100.7921937 4.2622521, 100.7931342 4.2592269, 100.7940987 4.2556505, 100.7950392 4.2522539, 100.7961595 4.2486415, 100.79713 4.2450172, 100.7981723 4.2415607, 100.7991428 4.2379843, 100.8001971 4.2344019, 100.8012155 4.2307297, 100.80221 4.2271653, 100.8032284 4.2237147, 100.8042887 4.2199886, 100.805355 4.2161786, 100.8064273 4.2124045, 100.8076135 4.2084028, 100.8086738 4.2045868, 100.8096443 4.2012141, 100.8107419 4.1970468, 100.8114238 4.1950903, 100.8147242 4.1935883, 100.8174811 4.1923136, 100.8212262 4.1906041, 100.8245358 4.1891713, 100.8277441 4.1877561, 100.8311269 4.1862828, 100.8346842 4.1845962, 100.8381446 4.1830551, 100.8416728 4.1814654, 100.8451331 4.1799146, 100.8485257 4.1783928, 100.8510804 4.1771398, 100.8518851 4.1771505, 100.8552539 4.1771719, 100.858714 4.1773431, 100.8619329 4.1775058, 100.8648981 4.1776558, 100.8674955 4.1777871, 100.8706895 4.1760714, 100.8740735 4.1742754, 100.877645 4.1723353, 100.8809014 4.1706407, 100.8841288 4.1689031, 100.8873429 4.1671916, 100.8906908 4.1654089, 100.8941867 4.1635765, 100.8975577 4.1617525, 100.9007415 4.1600669, 100.9040017 4.1582898, 100.9071744 4.1565127, 100.9105074 4.1547758, 100.9140052 4.1529261, 100.9175055 4.1510469, 100.920648 4.1493942, 100.9240314 4.1476149, 100.9272015 4.1459477, 100.9306094 4.144115, 100.9341156 4.1422293, 100.9376358 4.1403361, 100.9410514 4.1384992, 100.9445075 4.1366405, 100.9481335 4.1346904, 100.9511375 4.1354181, 100.9539217 4.1337889, 100.9577618 4.1316092, 100.9609115 4.1298215, 100.9643984 4.1278311, 100.9677926 4.1258901, 100.9713183 4.1238951, 100.9746853 4.1219898, 100.9779596 4.120137, 100.9815712 4.1180486, 100.995909 4.1099174, 101.0022497 4.1124643, 101.0058224 4.1139411, 101.0101461 4.115771, 101.0115784 4.1164237, 101.0142553 4.117558, 101.0155192 4.1203216, 101.019341 4.1210855, 101.0232226 4.1218804, 101.0271298 4.1226805, 101.0317059 4.1236151, 101.0470879 4.1290265, 101.0499847 4.1318729, 101.0526669 4.1347194, 101.0554028 4.137416, 101.0582858 4.1402505, 101.0609473 4.1429404, 101.0633893 4.1454184, 101.0661499 4.1482212, 101.06896 4.1510522, 101.0717347 4.1539043, 101.0743962 4.1565517, 101.0763852 4.1585567, 101.0799103 4.1591921, 101.0841502 4.1599475, 101.0878522 4.1607029, 101.0919577 4.1613453, 101.0958579 4.1620654, 101.0997156 4.1627926, 101.1038353 4.1635126, 101.1075585 4.1641974, 101.1109066 4.1647975, 101.1148917 4.1655247, 101.1184238 4.1661459, 101.1208942 4.1664989, 101.1245042 4.1646775, 101.1276824 4.1625102, 101.1310163 4.1602228, 101.1340317 4.1581684, 101.1380522 4.1554716, 101.1418462 4.154222, 101.1453571 4.1530713, 101.149137 4.1517723, 101.1527753 4.150212, 101.1561729 4.1487648, 101.1597829 4.1472045, 101.1632017 4.1457573, 101.1666914 4.1442465, 101.1692821 4.1420579, 101.1723824 4.1394175, 101.1764666 4.1358663, 101.1799209 4.1329011, 101.1838636 4.1324775, 101.1877779 4.1320257, 101.1917691 4.1316234, 101.1956208 4.1311926, 101.1996201 4.1307902, 101.2042776 4.1303242, 101.2103792 4.1296606, 101.215087 4.1292236, 101.2192192 4.1287351, 101.2207848 4.1311792, 101.222349 4.1336608, 101.2257718 4.1358927, 101.2293714 4.1382513, 101.232322 4.1402008, 101.2357553 4.1424283, 101.238962 4.1445121, 101.2424506 4.1468994, 101.245621 4.1489277, 101.2490633 4.1511473, 101.2513423 4.1526937, 101.2546514 4.1527814, 101.2585777 4.1529031, 101.2619096 4.1530056, 101.2660181 4.1531198, 101.2697899 4.1531394, 101.2733513 4.1531399, 101.2773162 4.1529896, 101.2807816 4.1529307, 101.2847406 4.1528505, 101.2872672 4.1551136, 101.2900138 4.1574945, 101.2919235 4.1592066, 101.2937581 4.1608652, 101.2968695 4.1635778, 101.2997574 4.1661067, 101.299265 4.1690031, 101.2988865 4.1710146, 101.298098 4.1754553, 101.2976366 4.1784942, 101.2969661 4.182266, 101.2963545 4.1858827, 101.2955069 4.190334, 101.2949598 4.1936671, 101.2942678 4.1969895, 101.2926316 4.1988031, 101.2903887 4.2013168, 101.2893486 4.2039873, 101.288538 4.2062388, 101.287449 4.2090689, 101.289053 4.2097751, 101.2908708 4.206499, 101.2920616 4.2043287, 101.2943101 4.2002896, 101.2965037 4.198774, 101.2966543 4.1957956, 101.2967563 4.1921736, 101.2979209 4.188058, 101.2984533 4.1862974, 101.2994761 4.1828136, 101.3003727 4.1797349, 101.3013861 4.1763248, 101.3022608 4.1734437, 101.303581 4.1689386, 101.304501 4.1656177, 101.3056731 4.161682, 101.3067829 4.1578128, 101.3074431 4.1544811, 101.3082472 4.1506556, 101.3089313 4.1473651, 101.3093531 4.1437217, 101.309778 4.1400486, 101.3102637 4.1361109, 101.3107401 4.1324312, 101.3112911 4.1283928, 101.3115388 4.1259805, 101.3124609 4.1226045, 101.3127671 4.1214453, 101.3134838 4.1187324, 101.3144479 4.1153084, 101.3153448 4.1121929, 101.3165279 4.1076631, 101.3186785 4.107282, 101.3218088 4.1067596, 101.3245647 4.1063227, 101.3267323 4.105979, 101.3267755 4.1045653, 101.3273237 4.0991295, 101.3274085 4.0977767, 101.3302152 4.0961882, 101.332166 4.095057, 101.3350565 4.0933808, 101.3382071 4.0915538, 101.3408518 4.0901092, 101.3565481 4.0840307, 101.3531685 4.0717666, 101.3397574 4.0657522, 101.3325906 4.0639007, 101.3303912 4.0626914, 101.339051 4.0404195, 101.3407233 4.0361186, 101.3420501 4.032841, 101.3433617 4.0296554, 101.3443307 4.0272926, 101.3469243 4.0207711, 101.350175 4.0208877, 101.3520528 4.020955, 101.3557234 4.0209909, 101.3593819 4.0211385, 101.3636002 4.0212621, 101.3668309 4.0213618, 101.3705692 4.0213949, 101.3745118 4.0215373, 101.3749748 4.0179814, 101.3754791 4.0147215, 101.3780531 4.0124914, 101.3805374 4.010395, 101.3827353 4.0085354, 101.3860607 4.0058046, 101.3881652 4.0040678, 101.3894879 4.0036131, 101.3971132 4.0007427, 101.3997284 3.9998661, 101.4041163 3.998213, 101.4068737 3.9971575, 101.4058199 3.9940803, 101.4049903 3.991657, 101.4040654 3.9890722, 101.4026296 3.9849596, 101.401525 3.9817903, 101.4016492 3.9807593, 101.4019391 3.9778442, 101.4038129 3.9736105, 101.4051904 3.9706063, 101.406819 3.9667506, 101.4092866 3.9642889, 101.4140974 3.9595569, 101.416864 3.9567985, 101.4209797 3.9526776, 101.4239151 3.951019, 101.4281081 3.9485557, 101.4322639 3.9460994, 101.434847 3.9445998, 101.4375291 3.9403886, 101.4386359 3.9385587, 101.4383989 3.9367972, 101.4380338 3.9336824, 101.4379676 3.9298794, 101.437878 3.9266887, 101.4376844 3.9183233, 101.4376486 3.9160772, 101.4374572 3.9090987, 101.4374113 3.9060973, 101.4373117 3.9028272, 101.437286 3.9004258, 101.4371541 3.8956646, 101.4370733 3.8923858, 101.4369963 3.8889698, 101.4368283 3.8828948, 101.4367558 3.8784897, 101.436668 3.874964, 101.4365973 3.8721351, 101.4365272 3.8687477, 101.4364897 3.8672491, 101.437043 3.8644256, 101.4376561 3.8614955, 101.4383025 3.8583661, 101.4390564 3.8545916, 101.439822 3.8509411, 101.442936 3.8478818, 101.4454827 3.8453998, 101.4481166 3.8428936, 101.4510699 3.8400031, 101.4540444 3.8371304, 101.4570281 3.8342053, 101.4594743 3.8318728, 101.4632811 3.8281691, 101.4647622 3.8267317, 101.4684616 3.8230722, 101.473061 3.8186673, 101.4756389 3.8161184, 101.4779757 3.8138633, 101.4788528 3.8130984, 101.4819445 3.810402, 101.4855161 3.8072872, 101.4885686 3.8046291, 101.4928365 3.8009087, 101.4962793 3.8019462, 101.4981003 3.799703, 101.4997002 3.7977681, 101.5021276 3.7948228, 101.5045242 3.7919297, 101.5070026 3.7889817, 101.5104425 3.7846995, 101.5120478 3.7826681, 101.514588 3.7795041, 101.5164218 3.7771368, 101.5201017 3.7770566, 101.5221667 3.777003, 101.5256181 3.7769251, 101.532648 3.7767692, 101.5379106 3.7766426, 101.5398145 3.7766085, 101.5422579 3.7704454, 101.5439948 3.7662543, 101.5461243 3.7609588, 101.5475303 3.7574126, 101.5484538 3.7551581, 101.5495495 3.7524143, 101.5509479 3.7489467, 101.5527584 3.7444847, 101.5539637 3.7414597, 101.5555997 3.7376641, 101.5563709 3.7351038, 101.5569098 3.7324463, 101.5576863 3.7285863, 101.5581461 3.7262562, 101.55847 3.7245764, 101.5632761 3.7204388, 101.5690144 3.715424, 101.5748198 3.7103694, 101.5758399 3.7094655, 101.5729893 3.7049297, 101.5704641 3.7009315, 101.569368 3.6992105, 101.5669364 3.6953455, 101.5656009 3.6932681, 101.5631338 3.6893689, 101.5622656 3.687972, 101.5606983 3.6837999, 101.5571953 3.6823893, 101.5558129 3.6818499, 101.556124 3.6779098, 101.5564781 3.6731667, 101.5565263 3.6722299, 101.5579747 3.6701313, 101.5607857 3.6660627, 101.5613027 3.6653195, 101.562883 3.6637397, 101.5637627 3.6628483, 101.565094 3.6607324, 101.5672831 3.6571965, 101.5683288 3.6555074, 101.57291 3.654442, 101.5751845 3.6539013, 101.576075 3.652397, 101.5772194 3.6503372, 101.5800545 3.6487713, 101.5810988 3.6494204, 101.5819893 3.6500307, 101.5831219 3.6508096, 101.5864246 3.6492209, 101.5906405 3.647077, 101.5942562 3.6475909, 101.5959808 3.6452192, 101.5935972 3.6428877, 101.5931741 3.6418217, 101.5918674 3.6387287, 101.5933702 3.6377136, 101.5960265 3.6360981, 101.5973006 3.6349872, 101.6016243 3.6312611, 101.6032926 3.629821, 101.6056744 3.6274279, 101.6093541 3.6242969, 101.6118611 3.6222545, 101.6154875 3.6191707, 101.6181911 3.6168472, 101.6193161 3.6159431, 101.6217254 3.6141272, 101.62529 3.6112564, 101.6258955 3.6040548, 101.6273117 3.6003071, 101.6312384 3.5958527, 101.6516876 3.5929188, 101.6676736 3.5795126, 101.6748833 3.5698969, 101.6868138 3.5720599, 101.6890454 3.5680123, 101.6970491 3.563365, 101.7119193 3.5644786, 101.722455 3.5703466, 101.7365742 3.5710748, 101.7402863 3.576236, 101.7412519 3.5910557, 101.7418956 3.597202, 101.7626666 3.6001145, 101.791377 3.6185743, 101.7988938 3.6200609, 101.8035715 3.6204956, 101.810531 3.6212058, 101.8164525 3.6217861, 101.8209076 3.6222092, 101.8243907 3.6225759, 101.8294953 3.6231133, 101.8324072 3.623378, 101.8380475 3.6240136, 101.8453926 3.6173977, 101.8477104 3.6153099, 101.849935 3.6133062, 101.8553343 3.6067879, 101.856683 3.603954, 101.8575619 3.6018781, 101.8585532 3.5995701, 101.8624912 3.5902007, 101.8643117 3.5686119, 101.8669939 3.5570686, 101.8689894 3.5159055, 101.8728842 3.5063933, 101.873757 3.5040918, 101.8774779 3.4951494, 101.8785274 3.4928495, 101.8778193 3.4885124, 101.880877 3.4860172, 101.8859786 3.4888229, 101.8865794 3.4885016, 101.8890846 3.4874093, 101.9030642 3.4806038, 101.9050759 3.4796453, 101.9047755 3.4768181, 101.9076186 3.476031, 101.9115937 3.4762559, 101.9151449 3.4748262, 101.91528108744117 3.474747716883921, 101.92313942309181 3.472725086472285)"
MY28-500,MY30-500,500.0,2234.345541763852,13695.46,Al/St 240/40 4-bundle 380.0,"LINESTRING (101.57873442171856 3.310056262251566, 101.57354830605007 3.3009083695595454, 101.5735331 3.2996236, 101.573517 3.2965496, 101.5764299 3.2957891, 101.5771111 3.2938396, 101.5787956 3.292549, 101.577771 3.2895445, 101.577022 3.2872875, 101.5761606 3.2846586, 101.5751916 3.2818415, 101.5744789 3.2796818, 101.575036 3.2767705, 101.5770879 3.2767373, 101.5778175 3.2767909, 101.5807733 3.2769355, 101.5839383 3.2769837, 101.5845391 3.2770962, 101.5852847 3.2772836, 101.5861377 3.2775085, 101.5889057 3.2782637, 101.5908905 3.2792384, 101.5923443 3.2800793, 101.5955469 3.2818948, 101.5969148 3.2827249, 101.5984061 3.2835872, 101.5985348 3.2850707, 101.6018554 3.284985, 101.6018125 3.2825535, 101.6047844 3.2826017, 101.606045 3.2826285, 101.6068121 3.2826446, 101.6093173 3.2827464, 101.6104546 3.283614, 101.6115114 3.2834801, 101.6120317 3.2834426, 101.6124019 3.2835176, 101.6127345 3.2862061, 101.6136196 3.2884179, 101.6150573 3.2906137, 101.6165655 3.2916729, 101.6193624 3.2929722, 101.6200499 3.2932596, 101.6208092 3.294699, 101.62152158032934 3.295769445563599, 101.62556420000004 3.295249792720289)"
way/812671277-275,MY76-275,275.0,1843.3350719551768,2950.35,Al/St 240/40 3-bundle 300.0,"LINESTRING (104.15989435032292 1.3971239894936665, 104.16167185502589 1.39036419183058, 104.1617176 1.3889035, 104.1612384 1.3855713, 104.1612492 1.3841776, 104.1636636 1.3835356, 104.1666586 1.3827545, 104.1693589 1.3827639, 104.16955334773219 1.382762613166227, 104.1743040629759 1.379054273227675)"
way/554456729-275,way/1137308780-275,275.0,1843.3350719551768,110474.12,Al/St 240/40 3-bundle 300.0,"LINESTRING (102.0528626824267 2.3490186761617506, 102.0586012991117 2.356311472291386, 102.0599252 2.3578006, 102.0615131 2.3595426, 102.0641148 2.362453, 102.0667004 2.3652401, 102.0704341 2.3661835, 102.0728373 2.3673412, 102.0698011 2.3765494, 102.0759702 2.3796152, 102.0772576 2.3830026, 102.0849609 2.3890913, 102.0876002 2.3886839, 102.091763 2.3940437, 102.0959902 2.4001966, 102.1060538 2.3999822, 102.1101737 2.4034768, 102.1182418 2.403584, 102.1190142 2.4074858, 102.1355152 2.4064139, 102.1459034 2.4127155, 102.1487626 2.4144775, 102.1508816 2.4165329, 102.1535745 2.4157477, 102.1550538 2.4189957, 102.158609 2.4192369, 102.1607923 2.4222222, 102.1626458 2.4267564, 102.1639788 2.4300579, 102.1659073 2.4324751, 102.1645394 2.4362054, 102.1656579 2.4395578, 102.1672082 2.4444725, 102.1654433 2.4458258, 102.1647701 2.4491647, 102.1637642 2.4539106, 102.1632627 2.4563063, 102.1609399 2.4576194, 102.1573457 2.4592058, 102.1535853 2.4608779, 102.1516031 2.4617729, 102.1489128 2.4629627, 102.1494681 2.4637533, 102.1513993 2.4684321, 102.1530569 2.4704338, 102.1559818 2.4739402, 102.1597946 2.4784408, 102.1638125 2.4833607, 102.1667629 2.4868497, 102.1693942 2.4899822, 102.1722615 2.493447, 102.1751717 2.4969252, 102.1771082 2.4983588, 102.1781623 2.4994709, 102.1808365 2.5024024, 102.1861312 2.5022953, 102.1926355 2.5022417, 102.1994161 2.4943099, 102.2048449 2.4854991, 102.2161317 2.4817904, 102.2202086 2.4841057, 102.2232985 2.4879859, 102.2248649 2.4919303, 102.2274613 2.493088, 102.2280836 2.5011055, 102.2315168 2.5139678, 102.2459578 2.5152111, 102.2507858 2.5266156, 102.2501635 2.5319319, 102.2511506 2.5353189, 102.2536611 2.5403994, 102.2553563 2.5454155, 102.259798 2.5500458, 102.2656774 2.552854, 102.276535 2.5679022, 102.2711277 2.5738829, 102.2696256 2.5796492, 102.2696471 2.5905814, 102.2712779 2.5942255, 102.2800903 2.5953642, 102.2836804 2.595726, 102.2852576 2.6015029, 102.2884921 2.6018135, 102.2937441 2.6020924, 102.2975314 2.601953, 102.2998811 2.6019102, 102.3035784 2.6017731, 102.3054922 2.6016208, 102.3055243 2.6088874, 102.3205568 2.6089237, 102.323302 2.6089303, 102.3235381 2.6132817, 102.3236775 2.6175259, 102.3262148 2.6175205, 102.3324859 2.6173115, 102.353631 2.6170667, 102.3566902 2.6169364, 102.3585139 2.6176246, 102.3609443 2.6184988, 102.3657455 2.6202173, 102.3672366 2.6206447, 102.3683409 2.6220737, 102.3718898 2.6260429, 102.3744808 2.6289431, 102.3777294 2.632434, 102.3819551 2.6372982, 102.3838938 2.6394529, 102.3861967 2.6419932, 102.3893702 2.6454343, 102.3918192 2.648325, 102.3943779 2.6512175, 102.3969872 2.6541198, 102.4000939 2.6576247, 102.404294 2.6622712, 102.4061846 2.6645792, 102.4110366 2.6700708, 102.4142825 2.67346, 102.4179133 2.6776968, 102.4209799 2.6812752, 102.4245085 2.6852166, 102.4292707 2.6904251, 102.4343455 2.6901572, 102.4391734 2.6900179, 102.4421239 2.6898571, 102.446351 2.6896856, 102.4492049 2.6895463, 102.4517316 2.6894016, 102.4535716 2.6892945, 102.4564791 2.6885282, 102.4599659 2.6883996, 102.463147 2.6882656, 102.4663442 2.6881317, 102.4666607 2.6920434, 102.4668324 2.6950227, 102.4669826 2.6983878, 102.4673366 2.7034462, 102.4676156 2.7074972, 102.468034 2.7131664, 102.4682915 2.7177853, 102.4685275 2.7211933, 102.4686992 2.7234652, 102.473259 2.725855, 102.4777114 2.7282341, 102.4801898 2.7265516, 102.4831831 2.7245047, 102.4832261 2.7235081, 102.4832904 2.7199287, 102.4833226 2.7174638, 102.4833763 2.7152508, 102.489894 2.7150954, 102.49484 2.7149454, 102.4957037 2.7167029, 102.4946254 2.7192375, 102.4979246 2.7224096, 102.4997545 2.7241498, 102.5032822 2.7272215, 102.505706 2.7293479, 102.5082189 2.7315459, 102.5126239 2.7354554, 102.514585 2.7371959, 102.515743 2.7382589, 102.5141359 2.7402167, 102.5113198 2.7435509, 102.5091695 2.7461802, 102.5062688 2.7496161, 102.5039553 2.7523391, 102.50236527867766 2.7542106047253654, 102.50320683812572 2.7653478774668554)"
MY70-275,MY75-275,275.0,1843.3350719551768,14284.35,Al/St 240/40 3-bundle 300.0,"LINESTRING (103.60708239999995 1.4818544966944165, 103.60620164230276 1.4782027532755864, 103.6053953 1.4778325, 103.6034507 1.4761862, 103.6024368 1.474757, 103.601608 1.4735907, 103.6024556 1.4729767, 103.6020827 1.471156, 103.6017582 1.4695982, 103.6019942 1.4679733, 103.6022504 1.4663216, 103.6024609 1.4652464, 103.6027868 1.4633802, 103.6031556 1.4613102, 103.6032414 1.4603985, 103.6033809 1.4587817, 103.6035284 1.4572533, 103.603676 1.4555668, 103.6037993 1.4543172, 103.6038476 1.4537434, 103.6039254 1.4531428, 103.605186 1.452561, 103.6067712 1.4517163, 103.6080359 1.4515796, 103.6095098 1.4513852, 103.6109903 1.4516801, 103.6119546 1.4505473, 103.6127982 1.4501022, 103.6137879 1.4495766, 103.6145885 1.4491758, 103.6159296 1.4493822, 103.6162113 1.447697, 103.6159497 1.4463684, 103.6156802 1.4449526, 103.6148581 1.4436709, 103.6140735 1.4424013, 103.6132394 1.4410687, 103.6145094 1.4401771, 103.615534 1.4394465, 103.6166069 1.4386876, 103.6177884 1.4378712, 103.618805 1.4371485, 103.6198188 1.4364527, 103.6193535 1.4352662, 103.6187848 1.4333705, 103.6182216 1.4316249, 103.6176006 1.429819, 103.6172345 1.4287585, 103.616804 1.4275211, 103.6163253 1.4261536, 103.6172023 1.4256253, 103.6190088 1.4248451, 103.620645 1.4244241, 103.6209333 1.424349, 103.6210795 1.4243141, 103.6209923 1.4229681, 103.6222664 1.4225055, 103.6234666 1.4220712, 103.6233339 1.4209061, 103.6229785 1.4192718, 103.6220813 1.4180437, 103.6211023 1.4166977, 103.6202064 1.4154696, 103.6191912 1.4140739, 103.6184388 1.4130282, 103.6177106 1.4126568, 103.6171916 1.4123779, 103.6166847 1.4121138, 103.6175618 1.4103173, 103.6185984 1.4085208, 103.6194956 1.4085221, 103.6191657 1.4070875, 103.6196458 1.4056879, 103.6208662 1.4054371, 103.6225842 1.4050081, 103.6217608 1.4039476, 103.6237684 1.4025721, 103.6230536 1.4015049, 103.6223549 1.4005034, 103.6216508 1.3994764, 103.62133004051323 1.3990023324224174, 103.62000119999998 1.3957679968856038)"
MY60-500,way/162362039-500,500.0,4468.691083527704,2374.56,Al/St 240/40 4-bundle 380.0,"LINESTRING (101.72432489619831 2.594688938518982, 101.73216409373796 2.601180151185465, 101.73378246508227 2.602158682644661, 101.73656119999998 2.6038096942214053)"
way/162362039-500,MY60-500,500.0,4468.691083527704,2373.6,Al/St 240/40 4-bundle 380.0,"LINESTRING (101.72432489619831 2.594688938518982, 101.73254093531568 2.6008164589902627, 101.7341024630558 2.6017405556223028, 101.73656119999998 2.6038096942214053)"
way/399307647-275,way/1137665609-275,275.0,921.6675359775888,37968.25,Al/St 240/40 3-bundle 300.0,"LINESTRING (112.34478620118158 2.5518255691757115, 112.34678864869248 2.562326553521129, 112.348035 2.5789771, 112.3573151 2.5939348, 112.363138 2.6153323, 112.3635539 2.6341328, 112.3636579 2.6454545, 112.3692207 2.649791, 112.3742377 2.6535821, 112.4078489 2.673966, 112.4478808 2.6733947, 112.4737976 2.6879099, 112.4742915 2.7140055, 112.4727058 2.7244696, 112.4672729 2.727923, 112.46728534907882 2.729268817243194, 112.470820742215 2.736416429229896)"
way/1137665617-275,MY59-275,275.0,1843.3350719551768,153632.62,Al/St 240/40 3-bundle 300.0,"LINESTRING (113.38024307613216 3.550843653795755, 113.38331355382303 3.543625957724524, 113.3832209 3.5427053, 113.3828691 3.5390229, 113.3826518 3.5366696, 113.382391 3.5339492, 113.3820869 3.5309277, 113.3819111 3.5288979, 113.3816928 3.5266062, 113.381332 3.5226934, 113.3810228 3.519425, 113.3790646 3.5183045, 113.3766445 3.5168729, 113.3748885 3.5158342, 113.3725376 3.5144437, 113.3695653 3.5126743, 113.3670622 3.5111913, 113.3655337 3.5102323, 113.3655351 3.5080988, 113.3655676 3.5055145, 113.3676038 3.500744, 113.3690143 3.4974258, 113.3707641 3.4933095, 113.3720585 3.4902646, 113.3741591 3.4853499, 113.3765948 3.4796537, 113.3777254 3.4769963, 113.37909 3.4738724, 113.3804124 3.4708273, 113.3818057 3.467527, 113.383293 3.4640287, 113.3850837 3.4600711, 113.3957512 3.4564499, 113.3970457 3.4532764, 113.3913003 3.4455126, 113.3994256 3.4264781, 113.4007965 3.4232667, 113.4016124 3.4212737, 113.4033401 3.4172126, 113.4046173 3.4141687, 113.4059278 3.4110842, 113.4073049 3.407889, 113.4094567 3.4028632, 113.4108828 3.4010022, 113.4129567 3.3982961, 113.4148869 3.3957774, 113.4160501 3.3942596, 113.4177791 3.3919806, 113.4195412 3.3896863, 113.4217265 3.3868202, 113.4231642 3.3849553, 113.4258508 3.3814273, 113.4263915 3.3807648, 113.4267056 3.3803455, 113.4270593 3.3798381, 113.4289093 3.3774984, 113.4305602 3.3769785, 113.432179 3.3764686, 113.4338004 3.375958, 113.4359372 3.375285, 113.4386987 3.3744194, 113.4393555 3.3730194, 113.4404148 3.3707613, 113.4416662 3.3680938, 113.4435652 3.3640459, 113.4465519 3.3608826, 113.4474772 3.3599026, 113.4496257 3.3575654, 113.4533992 3.3535828, 113.4563707 3.3504298, 113.4603493 3.3462309, 113.462072 3.3443894, 113.4643098 3.34091, 113.4656987 3.3388026, 113.4766297 3.3219242, 113.5582489 3.2844816, 113.5613897 3.2830408, 113.563861 3.281907, 113.5665455 3.2806611, 113.5684337 3.2797532, 113.570306 3.2799513, 113.5736683 3.2803756, 113.5759987 3.2806266, 113.5797341 3.2810291, 113.583169 3.2813812, 113.5859007 3.281705, 113.587305 3.2818402, 113.6294504 3.2421251, 113.6344919 3.2278184, 113.654544 3.2169807, 113.6855873 3.1782313, 113.6867227 3.171361, 113.6912873 3.1641505, 113.6898566 3.1572801, 113.6998259 3.1319749, 113.7060482 3.1274853, 113.7077741 3.124288, 113.7296202 3.1036533, 113.7303696 3.0873946, 113.7285075 3.0809546, 113.7298019 3.0669632, 113.7328449 3.0586636, 113.7591647 3.0423589, 113.7674081 3.0402499, 113.7827378 3.0382783, 113.7840734 3.038068, 113.7885657 3.037449, 113.7908656 3.0371199, 113.7940843 3.0366592, 113.7972857 3.0362283, 113.8014359 3.0356447, 113.8031554 3.035412, 113.8070413 3.03368, 113.8106782 3.0320301, 113.81471 3.0302009, 113.8190004 3.0282944, 113.8219263 3.0269744, 113.8246568 3.0257426, 113.8282745 3.0241575, 113.8321487 3.022417, 113.8350198 3.0211541, 113.8359242 3.019392, 113.836907 3.0175791, 113.8390331 3.0138874, 113.8404227 3.0114401, 113.8417895 3.0090263, 113.8428376 3.0071485, 113.8438699 3.0053318, 113.8450982 3.0031359, 113.8462176 3.0011346, 113.8499165 2.9995964, 113.8530104 2.9983327, 113.8558243 2.9971822, 113.8580715 2.9962467, 113.8613827 2.9948684, 113.8647065 2.9934848, 113.8671818 2.9924768, 113.8705759 2.9910613, 113.8750109 2.9892391, 113.8796022 2.9873183, 113.8824746 2.9861505, 113.8863924 2.9845363, 113.8907526 2.9827257, 113.8928044 2.9818843, 113.8956336 2.9807296, 113.9007863 2.9793394, 113.903038 2.9787207, 113.9071829 2.9775819, 113.9097397 2.9768448, 113.9131513 2.9759119, 113.9159393 2.9751762, 113.9188966 2.9743738, 113.9211324 2.9737838, 113.9250603 2.9727523, 113.9270868 2.9722326, 113.9295273 2.9715786, 113.932778 2.9706522, 113.9366353 2.9696303, 113.9391796 2.9688981, 113.942448 2.9679967, 113.9452978 2.9672405, 113.947477 2.9666389, 113.9499435 2.9659579, 113.9534305 2.9650246, 113.9560293 2.9643619, 113.9597578 2.9633759, 113.9621961 2.9627684, 113.9661357 2.9616242, 113.9688886 2.960954, 113.9720322 2.9600764, 113.9749864 2.9593464, 113.9790142 2.9582531, 113.9818338 2.9575013, 113.9838367 2.9569579, 113.985716 2.9564809, 113.9885129 2.955719, 113.9912992 2.9549925, 113.9930822 2.9544498, 113.9946282 2.9540173, 113.9975034 2.9531998, 114.0016913 2.9520213, 114.0045815 2.9511987, 114.0086765 2.9500331, 114.0120048 2.9491305, 114.0145088 2.9484406, 114.0161688 2.9479642, 114.0181411 2.9473981, 114.020225 2.9468, 114.0226655 2.9461294, 114.0248877 2.9454641, 114.0274758 2.9447368, 114.0303787 2.9439374, 114.0337401 2.9429828, 114.037376 2.9419095, 114.0401018 2.941157, 114.0427474 2.9404011, 114.0450246 2.9410834, 114.0475876 2.9418081, 114.0503472 2.9425747, 114.0524426 2.9432056, 114.0538783 2.9422934, 114.0562244 2.9407856, 114.0616497 2.9374497, 114.0734585 2.9254523, 114.0729589 2.9048138, 114.0734012 2.8990939, 114.0735751 2.8968062, 114.073724 2.8954891, 114.0741429 2.8931763, 114.0748081 2.8894608, 114.0752909 2.8869481, 114.0777773 2.883913, 114.0814076 2.8824424, 114.0844184 2.881545, 114.0877055 2.8806007, 114.0898901 2.8802256, 114.0918066 2.8799042, 114.0949568 2.8794354, 114.0969095 2.8790697, 114.1005881 2.8784777, 114.1043794 2.8778455, 114.1084403 2.8771705, 114.1112807 2.8766802, 114.1156554 2.8759355, 114.1193381 2.8752738, 114.1215938 2.8749309, 114.125597 2.8739478, 114.1285367 2.8732299, 114.130712 2.8727115, 114.1357318 2.8714431, 114.1370273 2.8711163, 114.1382664 2.8708377, 114.1412786 2.8700769, 114.145377 2.8700072, 114.1490637 2.8699416, 114.1524151 2.869872, 114.1554581 2.8698438, 114.159704 2.8689236, 114.1620201 2.8684214, 114.1652173 2.8677275, 114.1690837 2.8668757, 114.171271 2.8672587, 114.1737199 2.8677677, 114.1765094 2.8682928, 114.1792157 2.8666694, 114.1811872 2.86548, 114.1841698 2.8635954, 114.185645 2.8632833, 114.1894698 2.8624582, 114.1912106 2.8620819, 114.1943568 2.8613787, 114.1977873 2.8618475, 114.2005822 2.8600446, 114.202913 2.8595222, 114.207387 2.8595409, 114.2090607 2.8595463, 114.2110093 2.8589395, 114.2131591 2.8582591, 114.2147047 2.8578017, 114.2175297 2.8568915, 114.2188239 2.8564924, 114.2207243 2.8558736, 114.2231584 2.8551221, 114.226145 2.8541926, 114.2292859 2.8532, 114.2320459 2.8523334, 114.2351934 2.8529924, 114.2391846 2.8538952, 114.2400201 2.8531907, 114.2414953 2.8518244, 114.2432562 2.8502626, 114.2446375 2.8490196, 114.2472178 2.8467024, 114.2501736 2.8440007, 114.2530543 2.8409709, 114.253411 2.8388492, 114.2539501 2.8357711, 114.2545831 2.8321063, 114.255597 2.8274758, 114.2567182 2.8228452, 114.2572278 2.8207905, 114.2563373 2.8191188, 114.254272 2.8157835, 114.2525259 2.8128433, 114.2493206 2.8073902, 114.2481887 2.8055015, 114.2469764 2.8035485, 114.245064 2.8002962, 114.2447971 2.7960875, 114.2443921 2.7908058, 114.2441145 2.7865743, 114.2439468 2.7833809, 114.2437778 2.7820655, 114.2437202 2.780387, 114.2468369 2.7762144, 114.2498705 2.772453, 114.2530851 2.768204, 114.2548567 2.7659897, 114.2580056 2.7618706, 114.2593226 2.7601506, 114.2614496 2.7574662, 114.2626847 2.7558895, 114.2647621 2.7532278, 114.2683509 2.7486492, 114.2685252 2.7465488, 114.2688686 2.742652, 114.2690456 2.7410231, 114.2692468 2.738439, 114.2695954 2.7345382, 114.2697638 2.7325094, 114.2700487 2.7288771, 114.2702861 2.726056, 114.2706911 2.722573, 114.2711069 2.7187994, 114.2714301 2.716569, 114.2721958 2.7107913, 114.2727189 2.706889, 114.2728503 2.7049908, 114.2735933 2.6999351, 114.2740171 2.6967629, 114.2742678 2.6942698, 114.2748056 2.6916294, 114.2792487 2.6893025, 114.2830145 2.687352, 114.2868152 2.685364, 114.2894626 2.684027, 114.2907232 2.6833894, 114.2946339 2.6800349, 114.2952977 2.6794281, 114.2964108 2.6784099, 114.2987363 2.6764782, 114.3002035 2.6752216, 114.3007413 2.6743522, 114.2996871 2.6735537, 114.29848889579274 2.6725304050742396, 114.29569979705522 2.6708031956313887)"
way/513083092-275,way/1137665617-275,275.0,1843.3350719551768,8120.45,Al/St 240/40 3-bundle 300.0,"LINESTRING (113.34194121562304 3.5297847172803785, 113.34731819666538 3.523093870139668, 113.3477556 3.5226715, 113.3498846 3.5247227, 113.3525756 3.527386, 113.3548125 3.529613, 113.357248 3.5320779, 113.3593486 3.5307009, 113.362227 3.528814, 113.3634476 3.5279867, 113.3657753 3.5303043, 113.3674387 3.5319702, 113.3693179 3.5337835, 113.3705498 3.5349791, 113.3735985 3.5379653, 113.3755629 3.5399203, 113.3782369 3.5425778, 113.38009900318416 3.54438736094681, 113.38024307613216 3.550843653795755)"
MY25-500,way/1137665620-500,500.0,2234.345541763852,131032.79,Al/St 240/40 4-bundle 380.0,"LINESTRING (113.46815919999996 3.3762988925458184, 113.47085685465267 3.377735185868985, 113.4933549 3.3897136, 113.5384067 3.39606, 113.6952115 3.4815095, 113.7087733 3.4832428, 113.7319592 3.5017844, 113.7833726 3.5249041, 113.7891861 3.563753, 113.8181402 3.5904069, 113.8251573 3.5896363, 113.8656249 3.6150202, 113.9057746 3.6030083, 113.9236239 3.5841515, 113.9519194 3.5819757, 113.9750827 3.5871432, 113.9790795 3.5920841, 113.9824404 3.6240857, 113.9934771 3.6375479, 114.0016069 3.6366867, 114.0130523 3.6428057, 114.024861 3.6592137, 114.0338992 3.6616613, 114.0621493 3.6809244, 114.0813158 3.7074842, 114.1096113 3.7192681, 114.1489208 3.7256812, 114.1570733 3.7206504, 114.15894468338423 3.720613069572722, 114.15988283925448 3.7296824984645873)"
way/691200886-275,way/235951698-275,275.0,1843.3350719551768,33592.06,Al/St 240/40 3-bundle 300.0,"LINESTRING (110.14658076516129 1.4626759504559332, 110.15125754172865 1.4662226815141868, 110.1532991 1.466445, 110.1562911 1.4675215, 110.1585388 1.4683285, 110.1617414 1.4694735, 110.1645335 1.4704817, 110.1717695 1.4642617, 110.175257 1.4646351, 110.1782765 1.4631355, 110.1822777 1.4611225, 110.1856237 1.462616, 110.1884776 1.4639004, 110.1916829 1.4637368, 110.194813 1.4635572, 110.1967469 1.4634472, 110.1988068 1.4635894, 110.2030192 1.4638588, 110.2100023 1.4624712, 110.2130159 1.4622969, 110.2157838 1.4623532, 110.2186887 1.4624284, 110.2206319 1.4624564, 110.223219 1.4625021, 110.2255029 1.463104, 110.2283728 1.4638548, 110.2342415 1.4654958, 110.2382997 1.4643776, 110.2413721 1.4635585, 110.2453231 1.4593461, 110.2472408 1.4572869, 110.2489903 1.4554058, 110.2508403 1.4534552, 110.2531819 1.4534432, 110.2555784 1.4534592, 110.2592853 1.4535343, 110.2621418 1.4535102, 110.2637485 1.4538534, 110.2638075 1.4552864, 110.2637477 1.4570769, 110.263623 1.4608041, 110.2635313 1.4652975, 110.2634025 1.4690192, 110.2633226 1.4724947, 110.2632255 1.4761568, 110.2631021 1.4806561, 110.2629787 1.4849408, 110.26285 1.4889038, 110.2627212 1.493891, 110.2626354 1.4978591, 110.2624971 1.5028171, 110.2624 1.5062977, 110.2623202 1.5091579, 110.2622103 1.513097, 110.2621392 1.515644, 110.2620599 1.5190492, 110.2619534 1.5236206, 110.2618683 1.5272726, 110.2618307 1.529305, 110.2617566 1.5330377, 110.2616704 1.5373764, 110.2644374 1.5395246, 110.267399 1.5418238, 110.2697116 1.54368, 110.2721524 1.5455113, 110.2747751 1.5475348, 110.2775646 1.5496905, 110.2797914 1.5514127, 110.2828003 1.553766, 110.2854481 1.5558233, 110.2879345 1.5577564, 110.2905899 1.5598022, 110.2933117 1.5619115, 110.29558118659612 1.561469568232162, 110.30148943589188 1.5594258027633334)"
way/691200886-275,way/235943019-275,275.0,1843.3350719551768,28470.63,Al/St 240/40 3-bundle 300.0,"LINESTRING (110.14658076516129 1.4626759504559332, 110.1514723361169 1.4659507482741898, 110.1534265 1.466146, 110.1561597 1.4671153, 110.1603614 1.4686102, 110.1646677 1.4701425, 110.1716322 1.4639684, 110.1751551 1.4643777, 110.1769079 1.4634499, 110.1803425 1.4615997, 110.1820805 1.4606975, 110.1855835 1.4622862, 110.188546 1.4636389, 110.1916641 1.4634847, 110.1948211 1.4633051, 110.196822 1.4631844, 110.1990697 1.4633104, 110.2028435 1.4635344, 110.2099313 1.4622205, 110.213001 1.4620489, 110.2155089 1.4621012, 110.2187236 1.4621762, 110.2207687 1.462183, 110.2232914 1.4622286, 110.226502 1.4630852, 110.2284506 1.4636001, 110.2341986 1.4651847, 110.2411642 1.4633212, 110.2453975 1.4587562, 110.2480796 1.4557927, 110.2505601 1.4531643, 110.2537345 1.4531867, 110.2577244 1.4532345, 110.2610069 1.4532854, 110.2639711 1.4533278, 110.2651688 1.4498854, 110.2666378 1.4443245, 110.2675766 1.4406189, 110.2685636 1.4367202, 110.2701354 1.4337385, 110.2713512 1.4322839, 110.2713 1.4264117, 110.2722871 1.4225296, 110.2728808 1.4201879, 110.273592 1.4173829, 110.2760913 1.4148523, 110.2778902 1.4130308, 110.2798571 1.4110392, 110.2823783 1.4084865, 110.2847769 1.4060579, 110.2877032 1.4030949, 110.2907265 1.4000337, 110.2935232 1.3972223, 110.2951896 1.3955472, 110.2975071 1.3932176, 110.2996592 1.3910434, 110.3031865 1.38748, 110.3056492 1.3849922, 110.3087497 1.38186, 110.310548 1.3800433, 110.3123677 1.3782049, 110.314633 1.3759165, 110.3170805 1.3734439, 110.3191868 1.3712505, 110.3216915 1.3687358, 110.3221596 1.3683107, 110.3244609 1.3662207, 110.3257346 1.3656739, 110.3294786 1.3640668, 110.3332036 1.3624636, 110.3359493 1.3612819, 110.339103 1.3599246, 110.3411395 1.359052, 110.34369633562893 1.3579563121442921, 110.34969548286463 1.352574637693047)"
MY72-500,way/235501402-500,500.0,4468.691083527704,39728.46,Al/St 240/40 4-bundle 380.0,"LINESTRING (103.42559120686926 1.7593842771057087, 103.42078687644567 1.7670764816045854, 103.4199554 1.7685367, 103.4189388 1.7705045, 103.4176004 1.772097, 103.4162459 1.7737726, 103.4140411 1.7720326, 103.4104308 1.768971, 103.4081188 1.7669657, 103.4060428 1.7652472, 103.4049672 1.7645904, 103.4021307 1.7625758, 103.4024937 1.7607892, 103.4030311 1.7581494, 103.3993442 1.7536363, 103.396479 1.7501413, 103.3939351 1.7469708, 103.3913978 1.7438129, 103.3911778 1.7416988, 103.3907031 1.7365335, 103.3906182 1.7356322, 103.3932883 1.7321853, 103.3967774 1.7276635, 103.3985286 1.7254235, 103.3996506 1.7239916, 103.4007576 1.7220697, 103.4038913 1.7180648, 103.405762 1.7156645, 103.4072984 1.7136921, 103.4095553 1.7107521, 103.4117006 1.7083744, 103.4136364 1.7061918, 103.4151879 1.7044888, 103.4175109 1.7019304, 103.4203442 1.6986619, 103.4227884 1.6959631, 103.4250619 1.6934152, 103.4277597 1.6903754, 103.4307884 1.6869461, 103.4333481 1.684099, 103.4365141 1.6805598, 103.439761 1.6769833, 103.4428839 1.6734562, 103.4457458 1.6703035, 103.4451643 1.6658632, 103.4445056 1.6614248, 103.4438514 1.657015, 103.443195 1.6523856, 103.4405923 1.635019, 103.4399164 1.630579, 103.4386316 1.6216482, 103.4380174 1.6170339, 103.4407318 1.6129935, 103.443473 1.6089074, 103.4461659 1.6048937, 103.4487998 1.600931, 103.4513748 1.5970728, 103.4525174 1.5929223, 103.4537995 1.5882008, 103.455044 1.5835918, 103.4563073 1.5788702, 103.4575814 1.5741352, 103.4588689 1.569419, 103.4601805 1.5644977, 103.4614223 1.5599543, 103.4624094 1.5562998, 103.4634581 1.5524295, 103.4633079 1.547913, 103.4631631 1.543068, 103.4630129 1.5382284, 103.4628385 1.5334155, 103.46264 1.5284874, 103.4625086 1.5236785, 103.4623477 1.5186981, 103.4621063 1.5130674, 103.4620205 1.5089678, 103.4618676 1.5041843, 103.4616744 1.4992025, 103.4615242 1.4941912, 103.4613593 1.4891718, 103.461193 1.4843374, 103.4610535 1.4794896, 103.4608819 1.4747021, 103.4606968 1.469688, 103.4605318 1.4650426, 103.4628774 1.4616547, 103.4650782 1.458476, 103.4656587151751 1.4576846349490926, 103.46939119999999 1.452472496759613)"
way/945342520-275,way/235501402-275,275.0,1843.3350719551768,14293.52,Al/St 240/40 3-bundle 300.0,"LINESTRING (103.41479661576149 1.7007446636710222, 103.41276874643884 1.7080116250984811, 103.4121555 1.7086973, 103.4099693 1.7110987, 103.4077996 1.7139493, 103.4060562 1.7161745, 103.4043289 1.7183997, 103.4022461 1.7211145, 103.4004611 1.7233917, 103.3986895 1.7256668, 103.3968938 1.7280084, 103.3949036 1.7305607, 103.3935343 1.7323639, 103.3917211 1.7346857, 103.3878976 1.7395849, 103.385607 1.7425286, 103.3830697 1.7457994, 103.3811117 1.7483302, 103.3794152 1.7505248, 103.3775805 1.7528894, 103.3766592 1.7540782, 103.3756762 1.7571522, 103.3753342 1.7586251, 103.3788693 1.7594991, 103.3796107 1.761021, 103.3807592 1.7636436, 103.3820222 1.7663477, 103.3848594 1.7684206, 103.3872968 1.7702014, 103.3900649 1.7688877, 103.3929993 1.7674876, 103.3954333 1.7663263, 103.3975254 1.7682083, 103.4003592 1.7708394, 103.4014428 1.7696223, 103.4030817 1.7677978, 103.4049082 1.7657885, 103.4067321 1.7637403, 103.4094822 1.7660223, 103.4117006 1.7678241, 103.4143281 1.7702711, 103.416254 1.7720994, 103.4181422 1.770019, 103.4193103 1.7678491, 103.42011772784582 1.7663440478906598, 103.42531471494021 1.7595352988929214)"
way/552589219-275,way/1281913246-275,275.0,1843.3350719551768,6477.5,Al/St 240/40 3-bundle 300.0,"LINESTRING (100.59077157467573 4.390986907438285, 100.5959657598166 4.391337480189092, 100.6002939 4.3926358, 100.6037647 4.3936842, 100.6057602 4.394219, 100.6089783 4.3951482, 100.6122807 4.3961018, 100.6162235 4.3972624, 100.6175861 4.3976849, 100.6192893 4.398185, 100.6233475 4.3993296, 100.6257561 4.4001159, 100.6269067 4.4004422, 100.6281727 4.4007497, 100.6299106 4.4002723, 100.63122502372104 4.399911184361727, 100.63647901864167 4.396662496985535)"
way/1285211558-275,MY16-275,275.0,1843.3350719551768,44684.29,Al/St 240/40 3-bundle 300.0,"LINESTRING (115.53398761140785 5.008294230447942, 115.53978548280253 5.006805587589188, 115.5416623 5.0077693, 115.5436502 5.0093608, 115.5463912 5.0114729, 115.5487718 5.0132772, 115.5511117 5.0151295, 115.5525181 5.0162658, 115.5536102 5.0179879, 115.5551191 5.0205637, 115.5560643 5.0222566, 115.5573125 5.0241877, 115.5598476 5.0264933, 115.5617642 5.028182, 115.5641572 5.0302692, 115.5669331 5.0326443, 115.5697756 5.0351033, 115.5710179 5.0362309, 115.573592 5.0385228, 115.5758221 5.0404461, 115.5766092 5.0411908, 115.5790227 5.0433541, 115.5812543 5.0453213, 115.5835682 5.047377, 115.5858697 5.0493863, 115.588184 5.0514357, 115.5882709 5.0525934, 115.5884888 5.0546098, 115.5907061 5.0560173, 115.5929233 5.057443, 115.5955892 5.0590028, 115.5972696 5.0607694, 115.599223 5.0627386, 115.6015933 5.0651616, 115.6039321 5.0675271, 115.6061291 5.0695856, 115.6082793 5.0719476, 115.6093205 5.0721873, 115.6117847 5.0719682, 115.6128911 5.07305, 115.6152392 5.075334, 115.617313 5.0773221, 115.6192538 5.0792015, 115.6210899 5.0809121, 115.6235037 5.0831563, 115.6248624 5.0844413, 115.6241769 5.0855792, 115.6241637 5.0880162, 115.6248861 5.088798, 115.626467 5.0903748, 115.6287392 5.09271, 115.6304654 5.0944329, 115.6327588 5.0967218, 115.6349948 5.0990118, 115.6355416 5.0995717, 115.6360207 5.1000624, 115.6359982 5.100638, 115.6358767 5.1021174, 115.6355804 5.1052643, 115.6354388 5.1070568, 115.6353149 5.1090097, 115.6367336 5.1093898, 115.6390557 5.1100231, 115.6418205 5.1108041, 115.6433804 5.1112447, 115.6439036 5.1113925, 115.6443482 5.1115181, 115.6472049 5.1123251, 115.6496882 5.1130266, 115.6526957 5.1138761, 115.657565 5.1152516, 115.6578844 5.1190336, 115.6579953 5.1203466, 115.6582553 5.1234253, 115.65848 5.1260866, 115.6584127 5.1309416, 115.6602599 5.1330926, 115.6612887 5.1348313, 115.6636198 5.1388323, 115.6636653 5.1412605, 115.6627396 5.1444499, 115.6618109 5.1475535, 115.6603881 5.1527183, 115.6595563 5.1557028, 115.658664 5.1588287, 115.6578285 5.1617287, 115.6569268 5.1652298, 115.657278 5.1676664, 115.657515 5.1690573, 115.6581171 5.1717017, 115.6595197 5.1775354, 115.6603177 5.1808001, 115.6610475 5.1839687, 115.6616361 5.1864105, 115.6624983 5.1896526, 115.662851 5.191806, 115.6656875 5.1936544, 115.6665149 5.1942234, 115.6696553 5.196468, 115.6717777 5.1980031, 115.6742275 5.1996857, 115.6754032 5.2005339, 115.6781657 5.2020587, 115.6795069 5.2027959, 115.6831646 5.2047872, 115.6851398 5.2058557, 115.6872979 5.2070509, 115.6893393 5.2081576, 115.6924083 5.2098488, 115.6941832 5.2093718, 115.6950245 5.2090804, 115.6975571 5.2083328, 115.6993685 5.2078419, 115.7004815 5.2075331, 115.7030489 5.2067786, 115.70505829589759 5.206246438435687, 115.70921839999995 5.205002288709226)"
MY78-500,way/235851822-500,500.0,4468.691083527704,7765.27,Al/St 240/40 4-bundle 380.0,"LINESTRING (103.4920169 1.3573617969708751, 103.49455548864597 1.3519405027089484, 103.4955642 1.3497719, 103.4972486 1.3460903, 103.4993783 1.3415103, 103.5048017 1.3296474, 103.5083744 1.3282772, 103.5119699 1.3269928, 103.515383 1.3257767, 103.518371 1.3264538, 103.5216781 1.3271966, 103.5248874 1.3279259, 103.5251597 1.330771, 103.5254695 1.3341175, 103.5252763 1.3364061, 103.5256505 1.3375498, 103.5274368 1.3369169, 103.5304248 1.3359194, 103.53059479576143 1.3358502653835265, 103.53686534812019 1.3356948538343645)"
MY22-275,way/1137665617-275,275.0,1843.3350719551768,7437.08,Al/St 240/40 3-bundle 300.0,"LINESTRING (113.33650449999995 3.555586792160975, 113.33948279442711 3.55662437811405, 113.3399767 3.557106, 113.3433321 3.5603466, 113.3469222 3.5639218, 113.349351 3.5653593, 113.3532348 3.5691848, 113.357065 3.5728175, 113.35942 3.5751384, 113.3624925 3.5720331, 113.3675766 3.5667648, 113.3718252 3.5623811, 113.374097 3.5600213, 113.3763796 3.5576575, 113.37640405785719 3.5576324054610824, 113.38024307613216 3.550843653795755)"
way/561806959-275,way/235966081-275,275.0,1843.3350719551768,54829.69,Al/St 240/40 3-bundle 300.0,"LINESTRING (111.68233662517976 2.065825329684043, 111.68586811735771 2.070356311062693, 111.6871726 2.0759348, 111.6886961 2.0823197, 111.7007017 2.0923954, 111.7108485 2.1008682, 111.7132732 2.1028785, 111.7154136 2.1046717, 111.7243481 2.1121124, 111.7286235 2.1156988, 111.731067 2.1177252, 111.7359754 2.1218556, 111.7371851 2.12493, 111.7382821 2.127932, 111.7394033 2.1307625, 111.7402831 2.1330434, 111.7412594 2.1354852, 111.7425978 2.1391144, 111.7433247 2.1409344, 111.7440408 2.1426766, 111.7455912 2.1466354, 111.7476323 2.1521194, 111.7494884 2.1570485, 111.7507031 2.1602122, 111.7518131 2.1631034, 111.7529752 2.1661304, 111.7541162 2.169102, 111.7553038 2.1721953, 111.7559559 2.1738939, 111.7569608 2.176511, 111.758259 2.1798923, 111.7592887 2.1825743, 111.7603655 2.1853788, 111.7614203 2.1881261, 111.7625059 2.191007, 111.7636146 2.1938305, 111.7647436 2.1968285, 111.7659096 2.199868, 111.7670757 2.2029079, 111.7679863 2.2049633, 111.7706537 2.2060276, 111.7733358 2.2073808, 111.7762763 2.2089163, 111.7790722 2.210395, 111.7819612 2.2118981, 111.7840941 2.2130187, 111.7866067 2.2143427, 111.788829 2.2155145, 111.790573 2.2164257, 111.7931176 2.2177546, 111.796008 2.2193231, 111.7985082 2.2206886, 111.80153 2.2222394, 111.8043467 2.2236917, 111.806434 2.224784, 111.8087867 2.2260153, 111.8111978 2.2272771, 111.8142183 2.2288578, 111.8165255 2.2300727, 111.8193417 2.2315539, 111.8220786 2.2329933, 111.8246309 2.2343356, 111.8274423 2.2358142, 111.8303764 2.2373574, 111.8325592 2.2391175, 111.8379282 2.2434872, 111.8400318 2.2452925, 111.8429479 2.245556, 111.8453236 2.2457402, 111.8471849 2.2458933, 111.8486079 2.2460393, 111.8519897 2.2467969, 111.8562548 2.2477598, 111.8585107 2.2482691, 111.8639518 2.2495307, 111.8698618 2.2509128, 111.8730418 2.251607, 111.8761886 2.2523622, 111.8790194 2.2530291, 111.8821567 2.25378, 111.8848484 2.2544243, 111.8894067 2.2554556, 111.8900562 2.2555977, 111.8935839 2.2563693, 111.8952598 2.2591392, 111.8969941 2.2618156, 111.8987431 2.2645807, 111.9005416 2.2673151, 111.9022634 2.2699329, 111.9056878 2.2751392, 111.907715 2.2781388, 111.9123426 2.2851882, 111.9139809 2.2876043, 111.91620571554887 2.2910712696387776, 111.91876209557745 2.294821258572495)"
way/691633796-275,way/236051516-275,275.0,1843.3350719551768,56974.65,Al/St 240/40 3-bundle 300.0,"LINESTRING (113.09254054390868 3.2866835058523582, 113.09612965221648 3.2806873318725356, 113.096306 3.2803425, 113.0982721 3.2764757, 113.1001067 3.2728392, 113.1017777 3.27048, 113.1034247 3.2681208, 113.1054014 3.2653493, 113.1069571 3.2632016, 113.1081533 3.2617342, 113.109964 3.2592873, 113.1121403 3.2564376, 113.1152998 3.252418, 113.1183434 3.2481702, 113.1203842 3.2452839, 113.1230074 3.2416607, 113.1246784 3.2392452, 113.1262541 3.236981, 113.1284308 3.2372247, 113.1306387 3.2374277, 113.1338618 3.2377589, 113.1363843 3.237996, 113.1383547 3.2382247, 113.141976 3.2385382, 113.1455699 3.2389, 113.1490711 3.2393022, 113.1524045 3.2396166, 113.1553198 3.2399028, 113.15823 3.240173, 113.1613858 3.2405011, 113.1640345 3.2407636, 113.1667818 3.2410106, 113.1700236 3.2413382, 113.1734171 3.2416644, 113.175884 3.2418357, 113.1799801 3.2423074, 113.1835237 3.2426682, 113.1868035 3.2429915, 113.1893427 3.2432212, 113.1935741 3.2436431, 113.1964901 3.2439338, 113.1998934 3.2442731, 113.2033638 3.2445869, 113.2067258 3.2449571, 113.2099485 3.2452705, 113.2138216 3.2456347, 113.217403 3.2460014, 113.220093 3.2462681, 113.2221396 3.246471, 113.2244996 3.246705, 113.2282364 3.2470755, 113.2311976 3.247369, 113.235907 3.2478359, 113.2391417 3.2481391, 113.2453937 3.2487968, 113.248983 3.2491012, 113.2515026 3.2493087, 113.2551822 3.2496525, 113.2581706 3.249996, 113.262679 3.2504803, 113.2655354 3.2507385, 113.2694321 3.2511359, 113.2743546 3.251583, 113.2773911 3.2519399, 113.2804806 3.2522241, 113.2835805 3.2525249, 113.2861623 3.25275, 113.2893861 3.2530765, 113.2933873 3.2550892, 113.2961329 3.2564702, 113.2988292 3.2578265, 113.3011035 3.2589705, 113.303277 3.2600638, 113.3050692 3.2609653, 113.3077636 3.2623206, 113.3109964 3.2639205, 113.3137784 3.2653509, 113.3168144 3.2668782, 113.3196803 3.2682843, 113.3227172 3.26982, 113.3245097 3.2707263, 113.3265718 3.2717691, 113.3288511 3.2729216, 113.3324381 3.2747354, 113.3350706 3.2760666, 113.3378515 3.2774225, 113.340953 3.2789473, 113.3443528 3.2806529, 113.3473164 3.2821396, 113.3498683 3.2834199, 113.3521256 3.2845522, 113.3546551 3.2858212, 113.3573037 3.2871414, 113.3600676 3.2885365, 113.3625729 3.289862, 113.3647281 3.2919052, 113.3671904 3.2946231, 113.3691001 3.2966154, 113.3716536 3.2994967, 113.3737054 3.3017076, 113.3767232 3.305039, 113.3800902 3.3086998, 113.3823409 3.3111598, 113.3848709 3.313925, 113.3868934 3.3161356, 113.3894962 3.3189804, 113.3918058 3.3215046, 113.3938899 3.3237826, 113.3964817 3.3266153, 113.3982069 3.3284425, 113.4002025 3.3306489, 113.4025306 3.3332302, 113.4048593 3.3357717, 113.4068114 3.3378786, 113.4101374 3.3415631, 113.4121941 3.3437705, 113.4150839 3.3496017, 113.4159771 3.3529822, 113.416682 3.3556046, 113.4195221 3.3549158, 113.42073034210033 3.3546227675767075, 113.42757402796822 3.3535904190689036)"
MY39-275,MY41-275,275.0,1843.3350719551768,9389.26,Al/St 240/40 3-bundle 300.0,"LINESTRING (101.60155700420941 3.1148055178818104, 101.60634033108627 3.1118431893472556, 101.6074898 3.1115996, 101.6098256 3.1110654, 101.6105221 3.1109404, 101.6128679 3.110424, 101.6154712 3.1098289, 101.6176517 3.1082267, 101.6206168 3.1060268, 101.6231517 3.1041375, 101.6244111 3.1032116, 101.6265553 3.1035722, 101.6273076 3.1035644, 101.6293367 3.1037361, 101.6305222 3.103795, 101.6319518 3.1038754, 101.634288 3.1042423, 101.6365679 3.104486, 101.6388537 3.1047247, 101.6411464 3.1050003, 101.6424474 3.104794, 101.6446737 3.1044512, 101.6449902 3.1044029, 101.647844 3.1040146, 101.6496009 3.1038378, 101.6506408 3.1044415, 101.6512987 3.1048234, 101.6524574 3.1055144, 101.6537112 3.1063006, 101.6538847 3.1064094, 101.6554561 3.1073946, 101.6565558 3.108182, 101.6571781 3.1095077, 101.6579989 3.111337, 101.6585568 3.11266, 101.6593132 3.1147491, 101.6611049 3.115732, 101.66337440520132 3.1167205429082587, 101.66615959999999 3.118386293102249)"
MY41-275,MY44-275,275.0,1843.3350719551768,14448.43,Al/St 240/40 3-bundle 300.0,"LINESTRING (101.60155700420941 3.1148055178818104, 101.6002086206452 3.1109842304848137, 101.6000144 3.1107587, 101.598658 3.1091795, 101.5979319 3.1072996, 101.5966647 3.1034949, 101.5948722 3.1016746, 101.5932091 3.0999398, 101.5911137 3.0977378, 101.589587 3.0958565, 101.5896592 3.0939744, 101.589606 3.0919642, 101.5895997 3.0903179, 101.5896207 3.087794, 101.5896429 3.0859226, 101.591453 3.0854641, 101.592701 3.08401, 101.5926959 3.083685, 101.5944769 3.0834117, 101.5947634 3.0835836, 101.5968262 3.0831644, 101.5990107 3.0826701, 101.6016254 3.0824443, 101.6041679 3.0820677, 101.6070977 3.0816223, 101.6095477 3.0812187, 101.6119547 3.0802322, 101.6151314 3.0790616, 101.6173778 3.0783784, 101.6195903 3.0771453, 101.6212432 3.0754053, 101.6221886 3.074468, 101.6243468 3.073882, 101.6260113 3.0735767, 101.6285138 3.0729608, 101.6301651 3.0725888, 101.6326487 3.0720293, 101.6359285 3.071267, 101.6383699 3.0706992, 101.6398254 3.0711074, 101.6419792 3.0717269, 101.6440964 3.0727416, 101.6463907 3.0738467, 101.6479085 3.0746009, 101.6506292 3.0759111, 101.6565364 3.0771517, 101.6592773 3.0777079, 101.6617108 3.0782233, 101.66184464493999 3.078193196443434, 101.66617724999406 3.077044793233262)"
MY31-275,MY26-275,275.0,1843.3350719551768,31107.77,Al/St 240/40 3-bundle 300.0,"LINESTRING (101.6831605661328 3.2668046436111378, 101.68789063034984 3.262636106922224, 101.6891392 3.2611061, 101.6922717 3.260946, 101.6992944 3.2606217, 101.7024516 3.2603561, 101.7051126 3.2623643, 101.7063129 3.2632447, 101.7081348 3.2645458, 101.7092805 3.2653511, 101.7118779 3.2671395, 101.7149912 3.2693213, 101.7173593 3.2710489, 101.7183947 3.2718644, 101.7219343 3.2742895, 101.7243168 3.2759455, 101.7267565 3.2782167, 101.7268748 3.2806561, 101.7270037 3.282752, 101.7272728 3.2868253, 101.7274349 3.2893115, 101.7276198 3.2922604, 101.7278478 3.2955988, 101.7285979 3.2985884, 101.7297199 3.3010111, 101.7310474 3.3038689, 101.7317187 3.3053459, 101.7330487 3.3085629, 101.7338731 3.3119741, 101.7365923 3.3160085, 101.7386488 3.3208155, 101.7408736 3.3232225, 101.7445171 3.3271961, 101.7463031 3.3292275, 101.748569 3.3316042, 101.7526645 3.3330336, 101.755419 3.333895, 101.7564396 3.3342361, 101.7590016 3.3350645, 101.7644185 3.336885, 101.7664138 3.337538, 101.7681247 3.338514, 101.7697852 3.3397105, 101.7721862 3.3436409, 101.7727225 3.3446091, 101.7732352 3.3455346, 101.7760477 3.3452219, 101.7792183 3.3451432, 101.7800208 3.3466882, 101.780723 3.3478685, 101.7818264 3.3495137, 101.7828797 3.3515201, 101.7836555 3.3517959, 101.7865268 3.3528166, 101.7884401 3.3534177, 101.7904097 3.3542201, 101.7923961 3.354754, 101.7975062 3.3574637, 101.799808 3.3587246, 101.8050454 3.356877, 101.8119638 3.3556426, 101.8180883 3.3545482, 101.8205349 3.3540178, 101.8270765 3.3575176, 101.8327283 3.3585216, 101.8385923 3.3607122, 101.8403622 3.361483, 101.84344357548666 3.3645123281162337, 101.84574084860144 3.3673187438990704)"
MY26-275,way/885845346-275,275.0,1843.3350719551768,28207.74,Al/St 240/40 3-bundle 300.0,"LINESTRING (101.84574084860144 3.3673187438990704, 101.84806489087501 3.37009395278912, 101.8489065 3.3710873, 101.8498233 3.3722856, 101.8578268 3.3836572, 101.8693493 3.3855527, 101.8718773 3.3873383, 101.874508 3.3891911, 101.8784357 3.3919601, 101.8802694 3.3932569, 101.8806575 3.395996, 101.8810073 3.3985715, 101.8817124 3.4046226, 101.882024 3.4068215, 101.8822426 3.4092005, 101.8827455 3.4129927, 101.8829734 3.41487, 101.8836037 3.4202332, 101.8838934 3.4226449, 101.8843194 3.4261147, 101.8848499 3.4305783, 101.8853473 3.4343813, 101.8856862 3.4366565, 101.885905 3.4393445, 101.8858065 3.4404158, 101.8853528 3.4458938, 101.8849101 3.4511496, 101.884411 3.4568824, 101.8841699 3.4597614, 101.8839075 3.4626252, 101.8837866 3.4641119, 101.8835858 3.4660115, 101.8885516 3.4687702, 101.8919126 3.4707878, 101.8936714 3.471744, 101.8979632 3.4740775, 101.9029723 3.47689, 101.906934 3.4790851, 101.9102541 3.4810025, 101.9131973 3.4826224, 101.9156127 3.4839564, 101.9181353 3.4853831, 101.9207884 3.4868428, 101.9234264 3.4883102, 101.924643 3.4890303, 101.9253024 3.4886998, 101.9259086 3.4884561, 101.9285613 3.487155, 101.9312323 3.4859159, 101.9339105 3.4845709, 101.9380297 3.4824746, 101.9413365 3.4808724, 101.9446278 3.4791179, 101.9443273 3.4786119, 101.9429219 3.4761916, 101.9427341 3.475865, 101.9371819 3.4714528, 101.9322574 3.4716081, 101.93184840162185 3.471644368323079, 101.92286398821808 3.4728691507706)"
MY31-275,MY32-275,275.0,1843.3350719551768,10677.77,Al/St 240/40 3-bundle 300.0,"LINESTRING (101.6831605661328 3.2668046436111378, 101.6876703918866 3.2623748251905296, 101.6889793 3.260692, 101.6913833 3.2605615, 101.6912534 3.2525564, 101.6877967 3.2526435, 101.6838338 3.2513873, 101.6825601 3.2486049, 101.6812562 3.2469567, 101.6804151 3.2462496, 101.679104 3.2447554, 101.678313 3.2434044, 101.6764869 3.2438874, 101.6760206 3.2423405, 101.676224 3.2400659, 101.6765037 3.2378122, 101.676732 3.2358073, 101.6761614 3.2322571, 101.6765409 3.2318028, 101.6788417 3.2336362, 101.6814621 3.2330561, 101.6817715 3.2329881, 101.683932 3.2325131, 101.6839835 3.2305211, 101.6839917 3.2300681, 101.6839767 3.2281379, 101.6887233 3.2284494, 101.6909761 3.2285714, 101.6942075 3.2282375, 101.694041 3.225522, 101.6936501 3.2202979, 101.69353587108506 3.2188347485479816, 101.69362662933533 3.2136227843272978)"
way/342946809-275,MY52-275,275.0,1843.3350719551768,43263.82,Al/St 240/40 3-bundle 300.0,"LINESTRING (101.77171794980714 2.9375425436296054, 101.7719666632646 2.9419099905537176, 101.7719692 2.9427296, 101.7719699 2.942975, 101.7719719 2.9474441, 101.7719721 2.9477246, 101.7719711 2.9494407, 101.7719707 2.9498174, 101.7719682 2.9521692, 101.7719681 2.9523469, 101.7719442 2.9553429, 101.7719492 2.9560371, 101.7719601 2.9575475, 101.7719642 2.9583515, 101.7719717 2.9598165, 101.7719683 2.9602855, 101.7719417 2.9640141, 101.771939 2.9644047, 101.7719592 2.9652474, 101.7725992 2.9653971, 101.7742905 2.9655467, 101.776843 2.965988, 101.7835919 2.9659663, 101.787104 2.9659536, 101.7898855 2.9659485, 101.7927284 2.965928, 101.7928242 2.965646, 101.7928744 2.9654897, 101.7932396 2.964431, 101.7947384 2.9644352, 101.796468 2.964463, 101.7986955 2.9644373, 101.8009334 2.964452, 101.8038177 2.964909, 101.8038932 2.9668034, 101.8039937 2.9693984, 101.8058709 2.9724957, 101.8081226 2.9746803, 101.8095463 2.9770059, 101.8104629 2.976461, 101.8119317 2.9755805, 101.8136405 2.9763848, 101.8167246 2.9779046, 101.8188261 2.977568, 101.8209111 2.9772836, 101.8237171 2.9777125, 101.8275266 2.9782814, 101.8303073 2.9779693, 101.8324559 2.9777133, 101.8355188 2.977344, 101.837082 2.9771627, 101.838069 2.976381, 101.8415062 2.9736508, 101.8448618 2.9709681, 101.8469836 2.9692781, 101.8487427 2.9704697, 101.851975 2.9725966, 101.854494 2.9744523, 101.8554918 2.9774907, 101.8561904 2.9795112, 101.8571065 2.9823989, 101.8589386 2.9840922, 101.8620338 2.9870007, 101.8647427 2.9894842, 101.8667441 2.9880878, 101.8673264 2.9891022, 101.8684621 2.9909491, 101.8699453 2.9933779, 101.8736494 2.9934893, 101.8777113 2.9936248, 101.8821622 2.9937443, 101.8846095 2.9912575, 101.8867952 2.9889503, 101.888741 2.9867601, 101.8878966 2.9839405, 101.8869187 2.9806459, 101.8858481 2.977014, 101.8851183 2.9743089, 101.8852058 2.9729639, 101.8853837 2.9709736, 101.886024 2.9651687, 101.889824 2.962966, 101.8929935 2.96084, 101.892921 2.9578884, 101.8929005 2.9551567, 101.8928899 2.9533307, 101.8928115 2.9489007, 101.892746 2.9461418, 101.8936241 2.9442764, 101.8946441 2.9421991, 101.8924562 2.9407363, 101.8920521 2.9379553, 101.8916492 2.935005, 101.8913955 2.9330814, 101.8919715 2.9304668, 101.891682 2.9277979, 101.8912965 2.9240245, 101.8908878 2.920137, 101.8935664 2.9173801, 101.8926489 2.9142188, 101.8904008 2.9142058, 101.8866828 2.9141569, 101.8822858 2.9141108, 101.8785991 2.9140923, 101.8786606 2.9114972, 101.8787313 2.9082902, 101.8787959 2.9050462, 101.8788082 2.9022113, 101.8766774 2.8984416, 101.8778387 2.8966805, 101.8777382 2.8935426, 101.8776594 2.891047, 101.8775535 2.8884568, 101.8774572 2.8858292, 101.8783021 2.8839858, 101.8814115 2.8821605, 101.8846575 2.884099, 101.8864137 2.8846165, 101.8882755 2.8851605, 101.8903097 2.8860422, 101.8930191 2.8861943, 101.8961853 2.8863879, 101.9014394 2.8866332, 101.9049344 2.8868632, 101.9078488 2.8870557, 101.9104511 2.887182, 101.9135591 2.8873316, 101.9163344 2.8875177, 101.9194524 2.8876539, 101.92030316011845 2.887700581593445, 101.92763069952619 2.88297319481117)"
way/342946809-500,MY60-500,500.0,4468.691083527704,60311.43,Al/St 240/40 4-bundle 380.0,"LINESTRING (101.73656119999998 2.6038096942214053, 101.73665500648684 2.6081225487881365, 101.7367925 2.612299, 101.7369219 2.6160839, 101.7414301 2.6160082, 101.7466897 2.6159286, 101.7495566 2.6150763, 101.753599 2.6152733, 101.7573001 2.6152126, 101.7614904 2.6151293, 101.7658741 2.6150649, 101.7670686 2.6158907, 101.7695721 2.6176021, 101.7735033 2.6202808, 101.7734932 2.6239248, 101.7735235 2.6284381, 101.7735029 2.6325155, 101.7735077 2.6361515, 101.7734981 2.6397635, 101.7735077 2.6438294, 101.7735125 2.6483539, 101.7735316 2.6519659, 101.773522 2.6547513, 101.7773866 2.6561751, 101.7806772 2.6573982, 101.7847666 2.6589032, 101.7895638 2.6606757, 101.794294 2.6623909, 101.7980916 2.6637812, 101.8035647 2.6658744, 101.8055936 2.6665914, 101.8096614 2.668088, 101.8144547 2.6685392, 101.8162046 2.6705706, 101.8193533 2.674262, 101.8212578 2.6780178, 101.8255399 2.6806506, 101.8269407 2.683044, 101.8292945 2.6867874, 101.8317882 2.6909243, 101.8339786 2.694385, 101.8364395 2.698282, 101.8364596 2.7023504, 101.8364489 2.7058428, 101.8364838 2.7100799, 101.8397145 2.7120425, 101.8438008 2.7144631, 101.8459909 2.7167311, 101.8491116 2.7199957, 101.8513231 2.7222341, 101.8528855 2.7238992, 101.8564542 2.7276233, 101.861034 2.7323962, 101.8643224 2.7357867, 101.8648535 2.7404109, 101.8663971 2.7423868, 101.8673868 2.7459554, 101.8679501 2.7479781, 101.8685871 2.7502621, 101.8708509 2.7497236, 101.874598 2.7488903, 101.8774867 2.7482407, 101.881156 2.74911, 101.8829986 2.7495615, 101.8873666 2.7506425, 101.8901347 2.751319, 101.8955567 2.7533591, 101.8979627 2.7542285, 101.9007871 2.7553175, 101.9045448 2.7567535, 101.9059543 2.7598988, 101.9093849 2.7624573, 101.9134578 2.7654646, 101.9169018 2.7680566, 101.9200064 2.7703419, 101.9234531 2.7704665, 101.9243684 2.7708851, 101.9290575 2.7729794, 101.9321501 2.7743538, 101.9341189 2.7759411, 101.9359548 2.7811104, 101.936903 2.7836849, 101.9350617 2.7863292, 101.933789 2.7873592, 101.9319168 2.7889546, 101.9289717 2.7913939, 101.9273999 2.7927602, 101.9254066 2.801535, 101.9247811 2.8043598, 101.9241973 2.807117, 101.9246992 2.8093726, 101.9255663 2.8135035, 101.9265832 2.8163949, 101.92733 2.8196978, 101.930376 2.8231204, 101.9334662 2.8265598, 101.9374588 2.8310645, 101.9413716 2.8354557, 101.9432101 2.8396115, 101.9453306 2.8445111, 101.9478381 2.8463936, 101.9496525 2.8494751, 101.9521963 2.8537681, 101.9545357 2.855304, 101.9532225 2.8596743, 101.9532375 2.8639926, 101.9531967 2.8690964, 101.9525326 2.8711634, 101.95211 2.8726327, 101.9519709 2.8754409, 101.9519277 2.878278, 101.9484399 2.879519, 101.9453998 2.881525, 101.9430655 2.881586, 101.9391246 2.8815358, 101.93607679212118 2.8815592660736264, 101.92790599315728 2.8828296878343918)"
way/342946809-275,way/554640022-275,275.0,1843.3350719551768,27517.88,Al/St 240/40 3-bundle 300.0,"LINESTRING (101.92763069952619 2.88297319481117, 101.93595535875394 2.8818439432215426, 101.9377786 2.8818319, 101.9408376 2.8818178, 101.9455559 2.88183, 101.9485552 2.8798307, 101.9522108 2.8784697, 101.9523658 2.8753134, 101.9524075 2.8732317, 101.9539869 2.8684733, 101.9556933 2.8675228, 101.9587646 2.8678771, 101.9601904 2.8680243, 101.9641356 2.8684526, 101.9669021 2.8673404, 101.9668946 2.8632428, 101.9697591 2.8585663, 101.9683432 2.8562227, 101.9689042 2.852123, 101.969738 2.8465998, 101.9762458 2.8460964, 101.9777316 2.8424168, 101.9792856 2.8385744, 101.979676 2.8376242, 101.9801233 2.8341718, 101.9806425 2.8303975, 101.9808472 2.8292088, 101.9779477 2.8267141, 101.9768295 2.8257412, 101.9780689 2.8238446, 101.980995 2.8191845, 101.9824858 2.8170839, 101.983595 2.814849, 101.9820259 2.8134324, 101.9819332 2.8112824, 101.982111 2.808318, 101.9835331 2.8080401, 101.9833283 2.8046318, 101.9819989 2.7991815, 101.981488 2.7968124, 101.9810756 2.7952958, 101.9844135 2.7924933, 101.9852406 2.7870104, 101.9853581 2.7862317, 101.9850739 2.7836269, 101.9850516 2.7807465, 101.9852466 2.7772094, 101.9830622 2.77574, 101.9831174 2.7724123, 101.9830579 2.7700638, 101.9838669 2.7698951, 101.9860326 2.7697965, 101.987428 2.7689589, 101.9865727 2.7673948, 101.9848749 2.7662098, 101.985918 2.7631946, 101.9885062 2.760697, 101.9885876 2.7590455, 101.9904248 2.7571867, 101.9906456 2.7545251, 101.9914232 2.7473084, 101.9912978 2.7468002, 101.9975932 2.7466846, 102.0011707 2.7466291, 102.0034149 2.7461722, 102.0051993 2.745765, 102.0107904 2.7439012, 102.0146203 2.7421355, 102.0185242 2.7403057, 102.0184025 2.7361472, 102.0177113 2.7326762, 102.0137653 2.7327293, 102.0093293 2.7327592, 102.0092720768006 2.732760014201699, 102.00347449147468 2.7335127909072354)"
MY51-275,MY52-275,275.0,1843.3350719551768,2156.56,Al/St 240/40 3-bundle 300.0,"LINESTRING (101.75954099656614 2.941145745717881, 101.76173039639765 2.9354277864797216, 101.7620424 2.9344601, 101.7649786 2.9342797, 101.7680557 2.9350625, 101.76897055814277 2.9356517376587097, 101.77171794980714 2.9375425436296054)"
MY69-275,way/945342520-275,275.0,1843.3350719551768,47063.52,Al/St 240/40 3-bundle 300.0,"LINESTRING (103.41479661576149 1.7007446636710222, 103.42125479943311 1.6985266707949969, 103.4219552 1.6977332, 103.4238537 1.6955982, 103.4255201 1.6937334, 103.4272937 1.6917487, 103.4295608 1.6892315, 103.4312676 1.6873364, 103.4350827 1.6843664, 103.440143 1.6804654, 103.4424145 1.681319, 103.4456738 1.682556, 103.4480591 1.6834497, 103.4509831 1.6845459, 103.4538947 1.6856367, 103.4566267 1.6866815, 103.4584947 1.6857149, 103.4606185 1.6846221, 103.4637521 1.682975, 103.4653712 1.6820951, 103.4682175 1.6806185, 103.4745353 1.6773203, 103.4770855 1.675289, 103.4846983 1.6692783, 103.4865206 1.6678015, 103.4886469 1.6661247, 103.4934573 1.6623052, 103.4954135 1.6607599, 103.4972115 1.6593395, 103.4994592 1.6575639, 103.5010144 1.6563353, 103.5028412 1.6548204, 103.5044225 1.6536453, 103.5142164 1.6454876, 103.5192158 1.6436496, 103.5214089 1.642676, 103.5353181 1.6367648, 103.5369819 1.636077, 103.5518921 1.6349369, 103.5557354 1.6346547, 103.5583804 1.6344604, 103.5604694 1.6343071, 103.5646314 1.6340015, 103.5728134 1.6334007, 103.5762489 1.633131, 103.5788533 1.6329215, 103.5811469 1.6327511, 103.5851473 1.632454, 103.5896168 1.6280017, 103.5914212 1.6262114, 103.5934738 1.6241871, 103.5960401 1.621628, 103.5977741 1.619909, 103.6003032 1.6173984, 103.5987614 1.6142263, 103.5973041 1.6111616, 103.6002743 1.6094444, 103.6029159 1.6079333, 103.6048566 1.6068305, 103.6075742 1.6052471, 103.6104109 1.6036123, 103.6131351 1.6020328, 103.6170194 1.5998029, 103.6193514 1.5984641, 103.6220603 1.5957833, 103.6242654 1.5935661, 103.6263836 1.5914343, 103.6283971 1.5894415, 103.6313664 1.5865027, 103.6343601 1.5835239, 103.6367602 1.5811357, 103.6407228 1.5771968, 103.6442068 1.5737335, 103.645347 1.5725744, 103.6464693 1.5714667, 103.6471942 1.569548, 103.6478642 1.5677233, 103.648546 1.5659858, 103.6499468 1.5622765, 103.6515319 1.5580533, 103.6523188 1.5559475, 103.6530861 1.5538939, 103.6527055 1.5532901, 103.6499714 1.5526351, 103.6471359 1.5519387, 103.6442214 1.5512459, 103.6416707 1.5502816, 103.6395064 1.5494402, 103.6369038 1.5484403, 103.6353188 1.548249, 103.6323352 1.5478993, 103.6293852 1.5475632, 103.6271151 1.5472939, 103.6247858 1.5481331, 103.6220122 1.5491504, 103.6194914 1.550075, 103.6171425 1.5509365, 103.6163359 1.5501913, 103.6135659 1.547622, 103.6112639 1.5454278, 103.6096142 1.5438555, 103.6068953 1.5412743, 103.6053804 1.5398332, 103.6032804 1.5378354, 103.6008768 1.5355488, 103.5982991 1.533121, 103.5956854 1.530642, 103.5932647 1.5283788, 103.5931466 1.5246916, 103.5930273 1.5209658, 103.5925934 1.515111, 103.5925596 1.5100595, 103.5925555 1.5070575, 103.5925419 1.5038746, 103.5925612 1.5019773, 103.5948276 1.5000141, 103.5967231 1.4983723, 103.5948504 1.4962261, 103.5930558 1.4941694, 103.591411 1.4922844, 103.5927655 1.4907628, 103.5905949 1.4887619, 103.58939434819283 1.487655218803397, 103.58523818346883 1.4854632420680494)"
MY56-275,MY61-275,275.0,1843.3350719551768,32555.63,Al/St 240/40 3-bundle 300.0,"LINESTRING (101.75664789598648 2.799962065473353, 101.75611602990767 2.794860498814434, 101.7562384 2.7927664, 101.7564628 2.7895396, 101.7554321 2.7863521, 101.7568744 2.7831456, 101.7569612 2.7814789, 101.7571541 2.7789161, 101.7573884 2.7753106, 101.757766 2.7695251, 101.7580562 2.7653755, 101.7580598 2.7621845, 101.758386 2.7570054, 101.7585851 2.7538644, 101.758906 2.7489135, 101.7590417 2.7467031, 101.7592825 2.7433569, 101.7593516 2.7420086, 101.7595785 2.7385369, 101.7596835 2.7368782, 101.7599309 2.7331301, 101.7601033 2.7303555, 101.760347 2.7265588, 101.7606394 2.7225635, 101.7623025 2.7213046, 101.7641598 2.7198636, 101.7658175 2.7186095, 101.768919 2.7162867, 101.7719606 2.7140114, 101.7732213 2.7130538, 101.7764754 2.7106213, 101.7784394 2.7091254, 101.7802572 2.7077867, 101.7818054 2.7066108, 101.7831568 2.7055723, 101.7851236 2.7040961, 101.7860415 2.7013257, 101.7870306 2.698269, 101.7879932 2.6953536, 101.7891062 2.6920846, 101.7899315 2.6894854, 101.7912392 2.6855908, 101.7931709 2.6825804, 101.7947486 2.6801226, 101.7954544 2.6790594, 101.7974645 2.6759388, 101.7987946 2.6739185, 101.8009311 2.6706755, 101.8026999 2.6679824, 101.8035347 2.666673, 101.8061066 2.6627149, 101.8094513 2.6576413, 101.81079 2.6567819, 101.8137138 2.6549229, 101.8160578 2.653466, 101.8175323 2.6524642, 101.8194025 2.6512578, 101.8229565 2.6489438, 101.8249328 2.6470923, 101.8283478 2.6439293, 101.8300776 2.6423189, 101.8312087 2.6412918, 101.8332036 2.6394435, 101.8348414 2.6379261, 101.8369192 2.6361792, 101.8387255 2.6347253, 101.8388921 2.6323158, 101.8391371 2.6295252, 101.8393327 2.6270836, 101.8396223 2.6233951, 101.8398906 2.6201692, 101.8401711 2.6166608, 101.8403514 2.6143063, 101.8405063 2.6123489, 101.840646 2.6107556, 101.8408092 2.6087209, 101.841026 2.6061919, 101.8412409 2.6035505, 101.8413876 2.601747, 101.841645 2.5986273, 101.8418856 2.5957106, 101.8421124 2.59293, 101.8423971 2.5894666, 101.8428104 2.5844012, 101.8409619 2.5832039, 101.8397796 2.582438, 101.838738 2.5817598, 101.8376047 2.5810187, 101.8345807 2.579057, 101.8318892 2.5773099, 101.8279834 2.5774784, 101.8256588 2.5776256, 101.8223883 2.5777949, 101.8201195 2.5759299, 101.8180273 2.5742847, 101.8157045 2.5724895, 101.8135427 2.5707746, 101.8115096 2.5691347, 101.8094228 2.567452, 101.8088238 2.5669776, 101.8077649 2.5661388, 101.8059035 2.5646436, 101.8046267 2.5621251, 101.8034466 2.559799, 101.8033466918006 2.5596041034897903, 101.80052852735432 2.5544394617119495)"
MY35-275,MY29-275,275.0,1843.3350719551768,21157.79,Al/St 240/40 3-bundle 300.0,"LINESTRING (101.59598140000004 3.3099583926885296, 101.60058088633194 3.306424562079761, 101.6007975 3.3064182, 101.6022205 3.3065194, 101.6038739 3.3065539, 101.606773 3.306699, 101.6094315 3.3074452, 101.6103283 3.3067419, 101.6137586 3.3041296, 101.615506 3.3027401, 101.6176776 3.3010984, 101.6206659 3.298806, 101.6219744 3.2977848, 101.6246107 3.2962783, 101.6255642 3.2952498, 101.6276913 3.2943119, 101.6299464 3.2930166, 101.6315801 3.2920713, 101.6329162 3.2916362, 101.6348531 3.2932833, 101.6364016 3.2916262, 101.6360973 3.2906308, 101.6383641 3.2895362, 101.6418927 3.287731, 101.6453737 3.2862218, 101.6483373 3.2844122, 101.6503346 3.2823851, 101.6495726 3.2808354, 101.6515775 3.2783095, 101.6523044 3.2773453, 101.6530772 3.2763099, 101.6526758 3.2750007, 101.6485419 3.2753493, 101.6462821 3.2753668, 101.6462476 3.2730478, 101.6462674 3.2703913, 101.6462659 3.2671708, 101.6439695 3.2659176, 101.6411424 3.2643467, 101.6395835 3.2635013, 101.6388446 3.2620024, 101.6387934 3.2605801, 101.6387563 3.2569687, 101.638675 3.2567186, 101.6382603 3.2536856, 101.6384664 3.252109, 101.6382603 3.2511996, 101.6397311 3.2472566, 101.6404039 3.2455439, 101.641434 3.2429621, 101.6419162 3.241595, 101.6422063 3.2396779, 101.6426463 3.2368027, 101.6429386 3.2343577, 101.6432637 3.2322897, 101.6459752 3.2325143, 101.6489955 3.2327686, 101.6515151 3.2329942, 101.6520527 3.2334168, 101.6521666 3.2333083, 101.6522254 3.2332449, 101.6522969 3.2331677, 101.6524445 3.2329942, 101.6529342 3.231126, 101.6537272 3.2286943, 101.6541748 3.2269755, 101.6558822 3.2239809, 101.6557337 3.2216128, 101.6555403 3.218405, 101.6555187 3.2155771, 101.6553205 3.2127287, 101.6552328 3.2107247, 101.6552436 3.2091325, 101.6552479 3.208506, 101.6552492 3.208311, 101.6556711 3.2067206, 101.6560776 3.2052288, 101.6577356 3.2024534, 101.6600037 3.201923, 101.6606821 3.2011338, 101.6619753 3.2011608, 101.6629293 3.1994417, 101.663245 3.1981706, 101.6637078 3.1953782, 101.6646411 3.1947674, 101.6650961 3.194135, 101.6646711 3.1938748, 101.6617892 3.194435, 101.6602982 3.1927596, 101.6594872 3.1931746, 101.65856119805972 3.1923624103035704, 101.65703770000002 3.1892250929491097)"
MY34-275,MY41-275,275.0,1843.3350719551768,9317.56,Al/St 240/40 3-bundle 300.0,"LINESTRING (101.60121828580394 3.1967487519492925, 101.60155455014805 3.192017611943967, 101.6015353 3.1885633, 101.6015495 3.1873016, 101.601607 3.1826347, 101.601699 3.1794035, 101.6018331 3.1764124, 101.6018548 3.1751973, 101.6018537 3.1742945, 101.6018186 3.1731591, 101.6017578 3.1716831, 101.6016996 3.1689782, 101.6016647 3.1653497, 101.6015793 3.1634756, 101.6015515 3.1623379, 101.6015248 3.1596182, 101.6015262 3.1554783, 101.6015169 3.1523098, 101.6015454 3.1485953, 101.6015084 3.1440728, 101.601556 3.141024, 101.6015162 3.1364682, 101.6014887 3.1327427, 101.6016078 3.1286636, 101.6016706 3.1269778, 101.6016406 3.1247787, 101.601601 3.121766, 101.60153516399825 3.1197054071183676, 101.60155700420941 3.1148055178818104)"
way/398265255-275,MY54-275,275.0,1843.3350719551768,33189.94,Al/St 240/40 3-bundle 300.0,"LINESTRING (101.5147675996849 3.050557011687339, 101.51369863684025 3.0458364889697713, 101.5131236 3.0443383, 101.5121856 3.0417916, 101.5109498 3.0384811, 101.5099599 3.0358608, 101.5090614 3.0334929, 101.5080526 3.0307045, 101.5053368 3.0299477, 101.5043747 3.0296417, 101.5020404 3.0289949, 101.4991134 3.0281566, 101.4967909 3.0274952, 101.4941312 3.0267449, 101.4916857 3.026027, 101.4893441 3.0253463, 101.4869312 3.0246392, 101.4859534 3.0242895, 101.4857413 3.0240618, 101.4866768 3.0227465, 101.4882373 3.0205735, 101.4900808 3.0180113, 101.4918536 3.0158886, 101.4936791 3.0136978, 101.4951224 3.011965, 101.4963418 3.0105317, 101.4967085 3.0100262, 101.4965253 3.0097614, 101.4951206 3.0077289, 101.4933261 3.0054617, 101.4911711 3.0027198, 101.4896324 3.000725, 101.4874729 2.9980021, 101.4858163 2.9958535, 101.4867351 2.9938372, 101.4878517 2.9913039, 101.4887871 2.9892132, 101.4899144 2.9866936, 101.4907439 2.9847155, 101.4919989 2.9819077, 101.4932896 2.9789826, 101.4945318 2.9761672, 101.4957684 2.9734057, 101.4970974 2.9704351, 101.4983712 2.9675881, 101.4996437 2.9646924, 101.500897 2.9618264, 101.5022211 2.9588773, 101.503508 2.9559883, 101.5047612 2.9531949, 101.5058255 2.9507849, 101.5086097 2.9508021, 101.5108533 2.950794, 101.5118298 2.9507905, 101.5149779 2.9507958, 101.51797 2.9507993, 101.5204942 2.9494876, 101.5231938 2.9480714, 101.5254627 2.9468942, 101.5281527 2.9478496, 101.5342327 2.9502811, 101.5364927 2.951174, 101.5390358 2.9522004, 101.5415908 2.9532039, 101.544579 2.9541616, 101.5471691 2.9552064, 101.5491252 2.9523059, 101.550664 2.9498004, 101.5523627 2.9469784, 101.5540354 2.9441875, 101.5557454 2.9414343, 101.5582453 2.9372796, 101.5598337 2.9346891, 101.5613862 2.9321317, 101.5630464 2.9293785, 101.5644883 2.9270307, 101.5673308 2.9250334, 101.5698833 2.923276, 101.5727392 2.9212901, 101.5780995 2.9175656, 101.5803002 2.9160241, 101.5801987 2.9125811, 101.5800831 2.9090406, 101.5799756 2.9059344, 101.5798794 2.9024511, 101.5797789 2.8993822, 101.5796858 2.8958806, 101.5794828 2.8907192, 101.5794239 2.8880198, 101.5793142 2.8844321, 101.579235 2.8812196, 101.5791132 2.87807, 101.5790198 2.8748088, 101.5789243 2.8716409, 101.5788208 2.8683797, 101.5787091 2.8652259, 101.5786163 2.8619664, 101.5785169 2.8587198, 101.5783989 2.8554587, 101.57835097243445 2.853847927311276, 101.57593026145013 2.846656558511256)"
MY54-275,MY61-275,275.0,1843.3350719551768,72113.08,Al/St 240/40 3-bundle 300.0,"LINESTRING (101.57593026145013 2.846656558511256, 101.583821279994 2.84277402279791, 101.5868986 2.8424194, 101.5902674 2.8420555, 101.5938155 2.8416593, 101.5965141 2.8413553, 101.598533 2.841065, 101.6007556 2.8407474, 101.6029293 2.8403784, 101.6039319 2.8401558, 101.6066087 2.8394723, 101.6091391 2.8388275, 101.6116637 2.8381617, 101.6116492 2.8377846, 101.6116356 2.8367045, 101.6116483 2.8358896, 101.6116438 2.8325334, 101.6116013 2.8288153, 101.611559 2.8250809, 101.6115703 2.8214966, 101.611554 2.8176321, 101.6115663 2.8148449, 101.611541 2.8138907, 101.6115159 2.8123094, 101.6114938 2.8116506, 101.6114687 2.8113835, 101.6113524 2.8109835, 101.6109119 2.8093727, 101.6102041 2.8068308, 101.6094491 2.8041602, 101.609671 2.8009591, 101.6088524 2.7989996, 101.6075 2.7969734, 101.6092128 2.7946628, 101.6112369 2.7918723, 101.613617 2.7888864, 101.6166585 2.7900262, 101.6197285 2.7912473, 101.6226163 2.7913165, 101.626215 2.7913699, 101.6293198 2.7914139, 101.6297309 2.7881724, 101.6301735 2.7845972, 101.6304077 2.7825149, 101.6309626 2.7783598, 101.6315441 2.77412, 101.6315606 2.7711999, 101.631568 2.767005, 101.6315495 2.762501, 101.6315588 2.7599649, 101.6315374 2.7560329, 101.6315253 2.7523719, 101.6315141 2.7489722, 101.6315331 2.7474972, 101.631512 2.7462166, 101.631514 2.7446091, 101.6315187 2.7407103, 101.6315052 2.7369066, 101.6314764 2.733245, 101.6314685 2.7293053, 101.6314843 2.725676, 101.631458 2.722115, 101.6315054 2.7186802, 101.6314685 2.7153822, 101.6317002 2.7119475, 101.6320004 2.7079551, 101.6322584 2.7042889, 101.6324848 2.7007542, 101.6324848 2.6968407, 101.6324848 2.6924644, 101.6325204 2.6885577, 101.6325596 2.6842427, 101.632574 2.6806309, 101.6288781 2.6804795, 101.6244826 2.6803128, 101.6208658 2.6802319, 101.6209869 2.6781695, 101.6210705 2.6758523, 101.6212763 2.6722035, 101.6215224 2.6681816, 101.6221485 2.6636859, 101.6222106 2.66075, 101.6222912 2.6584973, 101.6237629 2.6579601, 101.6261242 2.6570535, 101.6290163 2.6559745, 101.6324191 2.6547168, 101.6358666 2.6534974, 101.6393897 2.6522021, 101.6415033 2.6514923, 101.6435455 2.6507765, 101.6459259 2.6498484, 101.6481865 2.648967, 101.6507165 2.6480059, 101.6536724 2.6468653, 101.6565171 2.6457645, 101.6595704 2.6458423, 101.6629638 2.645961, 101.6662261 2.6460183, 101.6675007 2.644962, 101.6708958 2.6444786, 101.6744487 2.6439902, 101.677831 2.6435076, 101.68156 2.6429965, 101.6847718 2.6425365, 101.6853941 2.6433879, 101.6860156 2.6442383, 101.6866249 2.645072, 101.6879193 2.6468068, 101.6889675 2.648252, 101.6900937 2.6506775, 101.6912812 2.6533089, 101.6934332 2.6550354, 101.6939935 2.6543643, 101.696048 2.6518387, 101.6980718 2.649391, 101.7000761 2.6469655, 101.702178 2.644632, 101.7026519 2.6431227, 101.7049405 2.6421871, 101.7071093 2.6413461, 101.7062172 2.6389402, 101.7052332 2.6363059, 101.7073323 2.6355819, 101.7094035 2.6347799, 101.712021 2.6337913, 101.7151069 2.6343622, 101.7179196 2.6339584, 101.7204675 2.6336048, 101.7237357 2.633146, 101.7256496 2.6304405, 101.7264135 2.6285511, 101.7273752 2.6261173, 101.7284544 2.6234343, 101.7296057 2.6204906, 101.731138 2.6166277, 101.734009 2.6166007, 101.7343953 2.6165971, 101.7345542 2.6165956, 101.7375762 2.6165607, 101.7437998 2.6164884, 101.746758 2.6164249, 101.7496135 2.615671, 101.7536179 2.6157506, 101.7573456 2.6156862, 101.7604817 2.6156559, 101.7669927 2.6155233, 101.7695069 2.6171749, 101.7736576 2.6201358, 101.777726 2.615914, 101.7802879 2.6132657, 101.7824302 2.6110276, 101.7822781 2.6076355, 101.7822257 2.6045928, 101.781912 2.5994779, 101.7849906 2.5991444, 101.7881576 2.5988071, 101.7897502 2.5986421, 101.7931999 2.5988994, 101.7964894 2.5991483, 101.7994617 2.5993776, 101.8027095 2.5996058, 101.8059237 2.5998317, 101.8086741 2.6016099, 101.8114609 2.6034428, 101.8136313 2.6048749, 101.8167938 2.6069446, 101.819049 2.6084486, 101.8217032 2.6101537, 101.8246802 2.6075686, 101.8264895 2.6075633, 101.8292163 2.6061794, 101.83124 2.6060936, 101.8345082 2.6059423, 101.8368034 2.6055439, 101.8385357 2.6056674, 101.8408732 2.6058431, 101.8411428 2.6025961, 101.8414445 2.5987765, 101.841702 2.5957501, 101.8419488 2.5927839, 101.8422371 2.5893194, 101.8424396 2.5868476, 101.8426026 2.584489, 101.839449 2.5824425, 101.8373622 2.5810693, 101.8340215 2.5788949, 101.8318436 2.5775136, 101.8272002 2.5777035, 101.8223079 2.5780092, 101.819127 2.5754584, 101.8160908 2.5730254, 101.8138216 2.5712194, 101.8105869 2.5686738, 101.8078454 2.5664817, 101.8057425 2.5647722, 101.804557 2.5623445, 101.80318738696775 2.5597708737383136, 101.80052852735432 2.5544394617119495)"
relation/16800772-275,way/160691170-275,275.0,1843.3350719551768,3112.56,Al/St 240/40 3-bundle 300.0,"LINESTRING (101.57083308923735 3.002872995406613, 101.57637888994203 3.001810037560935, 101.5779804 3.0018239, 101.5815349 3.0018396, 101.5840775 3.0012649, 101.5858524 3.0008827, 101.5878818 2.9991259, 101.5901582 2.9971142, 101.5918290792379 2.995672146693514, 101.595950657262 2.9895220595413394)"
MY46-275,relation/16800772-275,275.0,1843.3350719551768,14084.29,Al/St 240/40 3-bundle 300.0,"LINESTRING (101.46837169932012 3.0413562205164872, 101.47257270791197 3.03622035547464, 101.4741553 3.0358273, 101.4767653 3.0343382, 101.4791558 3.0329909, 101.4805068 3.0309968, 101.482244 3.0286193, 101.4838193 3.0264099, 101.4854222 3.0241709, 101.4883389 3.0201486, 101.4900698 3.0177331, 101.4918452 3.0156513, 101.4935074 3.0135983, 101.4942168 3.0127742, 101.4959628 3.0106617, 101.4967498 3.0097317, 101.4984912 3.007747, 101.5010958 3.0078765, 101.5043486 3.0078932, 101.5072002 3.0079251, 101.5097944 3.0079574, 101.5139157 3.004827, 101.515357 3.0037164, 101.5177504 3.0037097, 101.5206426 3.0037198, 101.5233605 3.003715, 101.5263415 3.003751, 101.5287278 3.0038308, 101.5305913 3.0062026, 101.5324022 3.0082853, 101.5343731 3.0105735, 101.5374726 3.0109671, 101.5401656 3.0078604, 101.5411528 3.0053392, 101.5427205 3.0050892, 101.5462666 3.0053381, 101.5494133 3.0055005, 101.5528328 3.0043774, 101.5547866 3.0036583, 101.5548923 3.0018079, 101.5576305 3.0018002, 101.5598689 3.0017939, 101.5629907 3.0017851, 101.56607698454089 3.0018169769422864, 101.57083308923735 3.002872995406613)"
MY46-275,MY48-275,275.0,1843.3350719551768,2124.66,Al/St 240/40 3-bundle 300.0,"LINESTRING (101.46837169932012 3.0413562205164872, 101.47268937623123 3.036398145867679, 101.4741637 3.03601, 101.4768347 3.0345335, 101.4793901 3.0330844, 101.480694 3.0310535, 101.48192411956825 3.029337064318102, 101.48558860000001 3.024239293306126)"
MY40-275,MY42-275,275.0,1843.3350719551768,19328.87,Al/St 240/40 3-bundle 300.0,"LINESTRING (101.32347797869971 3.1180558062958177, 101.32212245801895 3.1247569764252043, 101.3218412 3.1253235, 101.3212762 3.1289958, 101.3207826 3.1321228, 101.3202785 3.135091, 101.3197956 3.1383714, 101.3192646 3.1416357, 101.3187116 3.1451492, 101.318158 3.1486811, 101.3202556 3.1512305, 101.3223576 3.1538156, 101.324533 3.1564641, 101.3264881 3.1588218, 101.328546 3.1613604, 101.3318862 3.1612163, 101.3352508 3.161077, 101.339007 3.1609524, 101.342237 3.16084, 101.3445714 3.1607471, 101.346759 3.1608253, 101.3492158 3.1607374, 101.3520494 3.1606396, 101.3555662 3.160518, 101.358961 3.1603832, 101.362297 3.1602795, 101.3653458 3.1602148, 101.3683135 3.1587439, 101.3713013 3.1572779, 101.3739245 3.1560196, 101.3768169 3.1545903, 101.3803259 3.1541505, 101.3840575 3.1536936, 101.387706 3.1532416, 101.3909825 3.1528458, 101.3921718 3.1511819, 101.3924417 3.1508362, 101.394039 3.148529, 101.3956374 3.1462933, 101.397433 3.1437374, 101.3993692 3.1409815, 101.4013167 3.138196, 101.4032529 3.1354723, 101.4052428 3.1326899, 101.4070453 3.131307, 101.4096144 3.1293596, 101.4121137 3.1274563, 101.4144079 3.1257155, 101.416932 3.1238125, 101.4192005 3.1220876, 101.4214962 3.1203538, 101.4238509 3.1185741, 101.4260299 3.1169169, 101.4289203 3.1147077, 101.4313509 3.1128754, 101.4339516 3.110915, 101.436598 3.1088968, 101.4369222783189 3.108653032860463, 101.44169259995299 3.10509059334567)"
MY37-500,way/513270613-500,500.0,4468.691083527704,64185.21,Al/St 240/40 4-bundle 380.0,"LINESTRING (101.315381016933 3.1524429546177166, 101.31494695749596 3.1597673014040986, 101.3149576 3.1608911, 101.3189516 3.1635512, 101.3228955 3.166146, 101.3270029 3.1688735, 101.3311038 3.1715575, 101.3350738 3.1741849, 101.3391224 3.1769016, 101.3433279 3.1796269, 101.3448518 3.1806805, 101.3489919 3.1834037, 101.3529445 3.1860136, 101.357041 3.1887128, 101.3611135 3.191412, 101.3651962 3.1941401, 101.3674302 3.1955938, 101.3699843 3.1964417, 101.3733631 3.1975425, 101.3773688 3.1975248, 101.3814145 3.197507, 101.3854513 3.1975092, 101.3894736 3.1975053, 101.3936005 3.1975956, 101.395273 3.2019223, 101.3970681 3.2065432, 101.3985231 3.2103495, 101.400019 3.2141307, 101.400015 3.2174876, 101.4000517 3.2212756, 101.4000774 3.225159, 101.4001472 3.2297573, 101.4001619 3.2307364, 101.4001913 3.2323315, 101.4015208 3.2346197, 101.4047917 3.2399054, 101.4073648 3.2441308, 101.4098064 3.2480454, 101.4125701 3.2525282, 101.4147407 3.2560088, 101.4178112 3.2610382, 101.4194276 3.2637057, 101.42203 3.2678913, 101.4236568 3.2705956, 101.425694 3.2722942, 101.4299178 3.275936, 101.4310193 3.276745, 101.435136 3.2803157, 101.4347161 3.2845472, 101.434394 3.2879511, 101.436106 3.2907263, 101.4385926 3.2947626, 101.4411624 3.2989651, 101.4389537 3.3021967, 101.4363015 3.3062607, 101.4330765 3.3087323, 101.4344302 3.3113195, 101.4363449 3.3148137, 101.4387278 3.3191699, 101.4402259 3.3218774, 101.4419618 3.3250351, 101.4441378 3.3289971, 101.44576 3.3319051, 101.4464808 3.3333384, 101.4473611 3.3363542, 101.4473647 3.3396358, 101.4473677 3.3442831, 101.4473398 3.3484299, 101.4473074 3.3520925, 101.4472623 3.3564763, 101.4472816 3.3607525, 101.4472748 3.3661996, 101.4472403 3.3700065, 101.4472351 3.3737531, 101.4472003 3.3779099, 101.4471898 3.3809962, 101.4502495 3.3846342, 101.4519457 3.3866822, 101.4553194 3.390686, 101.4560053 3.3915305, 101.459663 3.395844, 101.4632524 3.4000906, 101.4664332 3.4038949, 101.4697392 3.4078868, 101.471488 3.4099319, 101.4750104 3.4141977, 101.4784326 3.4182957, 101.4821916 3.4228201, 101.4846907 3.4257204, 101.4873265 3.4288505, 101.4894687 3.4313944, 101.4896687 3.4333327, 101.4901924 3.439218, 101.4906632 3.444375, 101.4912595 3.4507226, 101.491566 3.4535536, 101.4918198 3.4567287, 101.4923984 3.4622379, 101.4926976 3.4655295, 101.4929838 3.4687919, 101.493324 3.4723922, 101.4940101 3.4799421, 101.4940505 3.4803893, 101.4983467 3.4841291, 101.4992434 3.4849187, 101.5020669 3.487375, 101.5061145 3.4909155, 101.5079444 3.4925237, 101.5121743 3.4962143, 101.516181 3.4997276, 101.5181619 3.5014688, 101.5197645 3.5014665, 101.5233567 3.5014693, 101.5282321 3.5014584, 101.5283884001613 3.5014472475511056, 101.53540794457035 3.5015714608149815)"
MY42-275,MY45-275,275.0,1843.3350719551768,6760.08,Al/St 240/40 3-bundle 300.0,"LINESTRING (101.44169259995299 3.10509059334567, 101.4434172600995 3.0998019785202424, 101.4436345 3.0980821, 101.4440055 3.0950075, 101.444478 3.0930971, 101.44731 3.093124, 101.4504415 3.0931454, 101.4539587 3.0931186, 101.4573146 3.0931324, 101.4597763 3.0912261, 101.4624055 3.0892588, 101.4650083 3.0872382, 101.4663919 3.0850951, 101.4685223 3.0818673, 101.4679064 3.0808089, 101.4666069 3.0787496, 101.464178 3.0748344, 101.4627293 3.0725328, 101.4615936371547 3.070686878162888, 101.45923422600447 3.0677352175300032)"
MY13-275,way/1324718458-275,275.0,1843.3350719551768,15201.96,Al/St 240/40 3-bundle 300.0,"LINESTRING (100.37645751220352 5.373653209907054, 100.3816744872486 5.371882718408424, 100.3838047 5.3727782, 100.3868087 5.3740493, 100.3896517 5.375271, 100.3925102 5.3765097, 100.3930985 5.3776116, 100.3942492 5.3797453, 100.3956492 5.382441, 100.3976141 5.3824392, 100.3999621 5.3815491, 100.4030655 5.3803822, 100.4059193 5.3792766, 100.4071211 5.3767384, 100.4081764 5.3743385, 100.4088956 5.3726418, 100.4101037 5.3699582, 100.4109415 5.3679688, 100.4113209 5.3671518, 100.4124384 5.3647551, 100.4147218 5.3597392, 100.415925 5.357132, 100.4174316 5.3537533, 100.4187518 5.3510488, 100.4199068 5.3484704, 100.4210783 5.3459844, 100.4226338 5.3427499, 100.4241002 5.3396619, 100.42567 5.3361226, 100.4265885 5.3342681, 100.42818 5.3324778, 100.4299412 5.3308805, 100.4308799 5.3295558, 100.431588 5.3267677, 100.4320172 5.3248235, 100.4325697 5.3221635, 100.4335189 5.3203253, 100.4337875 5.31976, 100.4349904 5.3173385, 100.4362081 5.3149455, 100.4374782 5.3123515, 100.4388577 5.3095772, 100.4404841 5.3063061, 100.4424853 5.3023315, 100.442947 5.301411, 100.4443715 5.2985706, 100.4459003 5.2955313, 100.4473004 5.292743, 100.4484699 5.2903927, 100.4498123 5.2873515, 100.4511628 5.2843674, 100.4523403 5.2817527, 100.453271 5.2795906, 100.4539729 5.2781459, 100.4550839 5.2758891, 100.4557462 5.2741296, 100.45575653700404 5.27410531141861, 100.45699334502895 5.267922830357451)"
way/554640022-275,way/554497441-275,275.0,1843.3350719551768,28243.04,Al/St 240/40 3-bundle 300.0,"LINESTRING (101.9622983287266 2.595573748097281, 101.95625589089043 2.59833545270818, 101.955657 2.5984885, 101.955948 2.5998095, 101.9538492 2.6031454, 101.9539082 2.6049285, 101.9563651 2.6049942, 101.9574527 2.6051938, 101.9596817 2.6058489, 101.9619374 2.6069153, 101.9616035 2.6099096, 101.9612038 2.6142677, 101.9608122 2.6177027, 101.9606312 2.619514, 101.963831 2.6200164, 101.963823 2.6210573, 101.9638431 2.6241306, 101.9638471 2.6268461, 101.9638404 2.6294545, 101.9638632 2.6314266, 101.9660278 2.6340021, 101.9657287 2.635674, 101.9655932 2.6381524, 101.965557 2.6385396, 101.9685598 2.6385229, 101.9717436 2.6385028, 101.9737646 2.6385001, 101.9768652 2.6384961, 101.9810361 2.6385041, 101.9852458 2.6388096, 101.9881332 2.6398639, 101.9932602 2.6417193, 101.9964963 2.6428809, 101.9994964 2.6439821, 102.0034701 2.64537, 102.0084107 2.6472442, 102.0114899 2.6483641, 102.0140219 2.6492979, 102.0160453 2.6500248, 102.018359 2.6508559, 102.0186849 2.6538916, 102.0191838 2.6584987, 102.020364 2.6605176, 102.0217372 2.663016, 102.0222254 2.6646491, 102.0216608 2.668376, 102.0209835 2.672482, 102.0217708 2.676016, 102.0217729 2.6773226, 102.0215487 2.6829048, 102.0214462 2.6850009, 102.0214275 2.6861919, 102.0213671 2.691679, 102.0225111 2.6928793, 102.0238019 2.6942524, 102.0258471 2.6966356, 102.0276576 2.6986048, 102.0288941 2.7000811, 102.0289433 2.7028799, 102.0289429 2.7055271, 102.0289478 2.7095083, 102.0289465 2.7120288, 102.0288488 2.7179116, 102.0288938 2.7219151, 102.028764 2.7255435, 102.0287034 2.7281227, 102.0286419 2.7302732, 102.0285842 2.7321326, 102.0246916 2.7322062, 102.0218462 2.7323229, 102.0210647 2.7323341, 102.018528 2.7323266, 102.0140329 2.7323467, 102.00937847381535 2.732387189390572, 102.00347449147468 2.7335127909072354)"
way/554640022-275,MY58-275,275.0,1843.3350719551768,3267.01,Al/St 240/40 3-bundle 300.0,"LINESTRING (102.00347449147468 2.7335127909072354, 102.00933306998338 2.7325656821382043, 102.0139575 2.7325288, 102.0184489 2.7325199, 102.0209879 2.7325148, 102.0220687 2.7324988, 102.02491976489335 2.732481161124104, 102.02871229999994 2.732465293940608)"
way/316035705-500,way/513270613-500,500.0,4468.691083527704,142608.15,Al/St 240/40 4-bundle 380.0,"LINESTRING (100.64371976231153 4.161327184084826, 100.64889973928898 4.161875736792486, 100.6512446 4.1634583, 100.6555708 4.1664101, 100.660841 4.169922, 100.6632947 4.1716292, 100.6672091 4.170029, 100.6709685 4.1720829, 100.6746941 4.1701012, 100.6784615 4.1680852, 100.6818819 4.1672466, 100.6850791 4.1664673, 100.6868987 4.1644128, 100.6885874 4.1623776, 100.6906646 4.1625607, 100.6939584 4.1611429, 100.6972142 4.1597007, 100.7009643 4.1584891, 100.7048803 4.1570285, 100.7060981 4.1591686, 100.7098532 4.1607951, 100.7134741 4.162328, 100.7194778 4.1650108, 100.7253617 4.167713, 100.7283658 4.1690024, 100.7319009 4.1681571, 100.7353449 4.1672154, 100.7388425 4.1663219, 100.7420665 4.1655034, 100.7449686 4.1647383, 100.7478332 4.1654284, 100.7517868 4.1663968, 100.7554614 4.1672582, 100.7589698 4.1681196, 100.7626176 4.1690185, 100.7662868 4.1699226, 100.7737166 4.1705433, 100.781334 4.1711746, 100.7842362 4.1714154, 100.7874602 4.1716882, 100.7909685 4.1719825, 100.7941335 4.172266, 100.7973254 4.1725175, 100.8004957 4.1727904, 100.8040631 4.17309, 100.8082419 4.172678, 100.8120078 4.1723302, 100.8157682 4.1719664, 100.8193248 4.17248, 100.822919 4.1729669, 100.8264595 4.1734859, 100.8299464 4.1739781, 100.8335888 4.174481, 100.8373385 4.1750267, 100.8407718 4.1754922, 100.8446824 4.1760326, 100.8484804 4.1765622, 100.8506369 4.1766906, 100.8518987 4.1767619, 100.8544674 4.1755043, 100.8576757 4.1737887, 100.8609325 4.1720343, 100.8642378 4.1702023, 100.8675528 4.1685061, 100.8708484 4.1666935, 100.8740567 4.1649585, 100.877362 4.1632041, 100.8805025 4.1614981, 100.8839725 4.1596274, 100.8875395 4.157776, 100.8908157 4.1560022, 100.8944172 4.1540741, 100.897241 4.1525662, 100.9012848 4.1503456, 100.9043622 4.1487143, 100.9077549 4.1468501, 100.9130941 4.143992, 100.9165468 4.1421646, 100.9215421 4.1396166, 100.9263559 4.1369004, 100.9291894 4.1340728, 100.9315676 4.1316602, 100.9337976 4.129418, 100.9364115 4.1267897, 100.9392779 4.1239076, 100.942143 4.1210269, 100.9449401 4.1182144, 100.9478089 4.1152665, 100.9508754 4.1130345, 100.9536975 4.110923, 100.9569227 4.108544, 100.9599497 4.1063168, 100.9629637 4.1040685, 100.9659775 4.1017999, 100.969077 4.0996303, 100.9722689 4.0972495, 100.9753421 4.0949282, 100.9784495 4.0926526, 100.9817422 4.0902203, 100.9849702 4.0878268, 100.98803 4.0856209, 100.9904817 4.083829, 100.9942596 4.0817331, 100.9975911 4.0799476, 101.000942 4.0781946, 101.0040665 4.076435, 101.0080772 4.074242, 101.0125149 4.071758, 101.0147791 4.0706259, 101.0184858 4.0699466, 101.0225159 4.0692286, 101.0264684 4.0685688, 101.0301881 4.0678831, 101.0340759 4.0672232, 101.0378936 4.0672158, 101.0417318 4.0672084, 101.046026 4.0672001, 101.0491374 4.0671859, 101.0529341 4.0670516, 101.0567731 4.0670453, 101.0607898 4.0670199, 101.0644321 4.0669945, 101.0683397 4.0670496, 101.0699963 4.0628698, 101.0710469 4.0597046, 101.0724727 4.0558726, 101.0737211 4.0524717, 101.0750941 4.0489988, 101.0776158 4.0419813, 101.0789798 4.0382212, 101.0802998 4.0347694, 101.0817973 4.0307971, 101.0830755 4.0268578, 101.0843508 4.0232768, 101.0877502 4.0224512, 101.092212 4.0213836, 101.0949377 4.0207039, 101.0988221 4.0197323, 101.1019712 4.0190065, 101.1063368 4.0179197, 101.1100133 4.0170133, 101.1141634 4.0159918, 101.1178899 4.015074, 101.1211391 4.0152238, 101.1246385 4.0153697, 101.1282458 4.0155732, 101.1312409 4.0157192, 101.1340628 4.0140102, 101.1367807 4.0123627, 101.1394563 4.0107152, 101.1421318 4.0090908, 101.1437372 4.006318, 101.1451424 4.0041252, 101.1472713 4.000665, 101.1492423 3.9974813, 101.1512789 3.9943245, 101.1534963 3.9909488, 101.1537641 3.9905016, 101.1553134 3.9879149, 101.1574299 3.9844657, 101.1594283 3.9815086, 101.1614489 3.9785902, 101.1635236 3.9754584, 101.1657967 3.9721938, 101.1680909 3.9688649, 101.1702812 3.9656265, 101.1723066 3.9625173, 101.1746382 3.9591497, 101.1768206 3.9559582, 101.1792268 3.9524378, 101.1811815 3.9494931, 101.1835642 3.946047, 101.1856995 3.9428869, 101.1880036 3.9395583, 101.190186 3.9363394, 101.1923214 3.9331792, 101.1945823 3.9298232, 101.1965018 3.9270506, 101.1981818 3.9245679, 101.1992327 3.9229411, 101.2007292 3.9207301, 101.2029784 3.9174994, 101.2052315 3.9141864, 101.2075278 3.9108695, 101.2097023 3.9075995, 101.2118534 3.9044549, 101.2129445 3.9027676, 101.2139926 3.9013415, 101.2162536 3.8980206, 101.2179479 3.8955072, 101.2185027 3.8946841, 101.2207715 3.8913827, 101.2229735 3.8881131, 101.2252051 3.8848288, 101.2275255 3.881384, 101.2293068 3.8787949, 101.2297737 3.8781163, 101.2318775 3.8749815, 101.2343367 3.8713815, 101.2363573 3.8683852, 101.2357855 3.8648794, 101.2350717 3.8609564, 101.2343616 3.8569012, 101.2336597 3.8529681, 101.2329579 3.8489943, 101.2323049 3.8451589, 101.2316602 3.8415841, 101.2311134 3.8384001, 101.2317091 3.8352731, 101.2323702 3.8315598, 101.2327485 3.8295681, 101.2328657 3.828951, 101.2329629 3.8284389, 101.2330476 3.8279931, 101.233774 3.8240517, 101.2338386 3.8237143, 101.2343698 3.820941, 101.2349574 3.8177243, 101.2356675 3.814011, 101.236402 3.810151, 101.2371529 3.8060467, 101.2378629 3.8021622, 101.2386512 3.7980891, 101.2393726 3.7941791, 101.2400824 3.7902289, 101.2408038 3.7864514, 101.2415425 3.782478, 101.2422235 3.7785277, 101.2430025 3.7746465, 101.2437528 3.7705291, 101.2444511 3.7668437, 101.2463728 3.7638262, 101.2484331 3.7605726, 101.2506953 3.7569389, 101.2528479 3.753501, 101.2550294 3.7500515, 101.257182 3.7466251, 101.2593347 3.7432162, 101.2612649 3.7401703, 101.2648233 3.7401703, 101.2686592 3.7401826, 101.2727601 3.7402211, 101.2767897 3.7402375, 101.2846474 3.7403002, 101.2889604 3.7403123, 101.292749 3.7403471, 101.2970781 3.7403792, 101.3008279 3.7403886, 101.3049813 3.7404153, 101.3089429 3.7404046, 101.3129689 3.7404742, 101.3168648 3.740517, 101.3210705 3.7404889, 101.3250348 3.7402427, 101.3287671 3.7399376, 101.3323438 3.7397623, 101.3358951 3.7395133, 101.3389166 3.7393661, 101.3430338 3.739065, 101.3456731 3.738883, 101.3475761 3.7366589, 101.3481589 3.7359662, 101.3503683 3.73334, 101.3528305 3.7304694, 101.3552713 3.7276256, 101.3579173 3.724577, 101.3578744 3.7210159, 101.3577846 3.7170265, 101.3577028 3.7128697, 101.3576759 3.7096391, 101.3576062 3.7051116, 101.3575619 3.7016548, 101.3574788 3.6972558, 101.3613653 3.6940719, 101.3656837 3.6905709, 101.367474 3.6891161, 101.3718514 3.6855655, 101.3739422 3.6838819, 101.3775659 3.680951, 101.3796875 3.6792312, 101.3829356 3.6765933, 101.3854811 3.6744787, 101.3891315 3.6740906, 101.3924092 3.6736971, 101.3955072 3.6733358, 101.3987499 3.6729718, 101.4019579 3.6725836, 101.405693 3.6721283, 101.4087947 3.6717501, 101.4133197 3.6712212, 101.4162701 3.6708705, 101.4213838 3.670283, 101.4248773 3.6698654, 101.4279404 3.6695188, 101.429678 3.6680331, 101.4328301 3.6653378, 101.4355774 3.6629335, 101.4370047 3.6618031, 101.4392423 3.6610256, 101.4446413 3.6592428, 101.4470409 3.6584567, 101.4508233 3.6572214, 101.452319 3.6557805, 101.4523753 3.6521615, 101.4521313 3.6495048, 101.45188 3.6459848, 101.455849 3.6360787, 101.4565304 3.6335087, 101.4573042 3.6306425, 101.4583755 3.6266971, 101.4556892 3.6233992, 101.4518765 3.6188044, 101.449669 3.6161516, 101.4479443 3.6140637, 101.4452916 3.6109076, 101.4438969 3.6101876, 101.4407212 3.6084984, 101.4380899 3.6071091, 101.433844 3.6047963, 101.432573 3.6000636, 101.4308064 3.592793, 101.4302619 3.5902432, 101.4297576 3.588463, 101.4281061 3.5818559, 101.4299052 3.5793801, 101.431607 3.5769735, 101.4342114 3.5734077, 101.4354131 3.5718136, 101.437178 3.5693949, 101.4397971 3.5657341, 101.4430922 3.5639004, 101.4467186 3.5618498, 101.4501384 3.5599477, 101.4521314 3.5588627, 101.4553405 3.5579199, 101.4584251 3.5568598, 101.4608163 3.5560674, 101.4634234 3.5536232, 101.4656483 3.551507, 101.4693122 3.5480282, 101.471478 3.5460297, 101.4729787 3.5445908, 101.4758031 3.5418963, 101.4793235 3.5385473, 101.4815853 3.5364544, 101.4852512 3.5329702, 101.4885704 3.5298172, 101.4920452 3.5265331, 101.4944525 3.5242401, 101.4979139 3.5210028, 101.4994112 3.5195571, 101.5029826 3.5161598, 101.505298 3.5139712, 101.5086132 3.5107894, 101.5107724 3.5087895, 101.5130389 3.5066237, 101.5157694 3.5040536, 101.5181831 3.5017334, 101.5201676 3.5017272, 101.523581 3.5017177, 101.5282068 3.5017307, 101.52824214212035 3.5017307858620006, 101.53540794457035 3.5015714608149815)"
way/513270613-275,MY34-275,275.0,1843.3350719551768,39015.77,Al/St 240/40 3-bundle 300.0,"LINESTRING (101.53513282592057 3.501713346185613, 101.54314317088453 3.4955022937848397, 101.543144 3.4928883, 101.5431789 3.4894199, 101.5425324 3.4871376, 101.5418297 3.4845755, 101.5425794 3.4817068, 101.5432835 3.478909, 101.5433691 3.4762162, 101.5433856 3.4736273, 101.543437 3.4702702, 101.5434864 3.4668527, 101.5435554 3.4639107, 101.543563 3.4615248, 101.5436276 3.4575406, 101.5436969 3.4548583, 101.5437577 3.4524315, 101.5437809 3.4500277, 101.5438533 3.4460967, 101.5439077 3.4429539, 101.5438671 3.4394654, 101.5434179 3.4367521, 101.5434256 3.4340994, 101.5434522 3.4309454, 101.5435075 3.4276891, 101.5435213 3.4242334, 101.5438595 3.4222359, 101.5439476 3.4169415, 101.5439233 3.4133413, 101.5439615 3.4108471, 101.5439497 3.4067376, 101.5440045 3.3977759, 101.5440606 3.3941936, 101.544033 3.3911414, 101.5458398 3.3910503, 101.5493815 3.3908127, 101.5494825 3.3873309, 101.5495352 3.3841952, 101.5496102 3.3801542, 101.5496458 3.377578, 101.5496202 3.3755758, 101.5513747 3.3741923, 101.5539037 3.3717422, 101.5559844 3.369201, 101.5576446 3.3682508, 101.5596313 3.3671322, 101.5621574 3.3656649, 101.5632327 3.3630661, 101.5647438 3.3594496, 101.5668004 3.3577171, 101.5688535 3.3560183, 101.5689476 3.3529826, 101.5690389 3.3499276, 101.5691455 3.3467367, 101.5692638 3.3433597, 101.5692433 3.3406136, 101.5688149 3.339909, 101.5664979 3.3387598, 101.5636126 3.3373065, 101.5612774 3.3361691, 101.5593022 3.3352226, 101.5569373 3.3339839, 101.556804 3.3315372, 101.5566056 3.3287788, 101.5575138 3.3260935, 101.56147 3.3248857, 101.563104 3.3231195, 101.5625778 3.3220515, 101.5625595 3.3198374, 101.5624593 3.3164027, 101.5640506 3.3143146, 101.565641 3.3122677, 101.5662437 3.3109071, 101.5670825 3.3103841, 101.567698 3.3100651, 101.5707219 3.3070302, 101.5723827 3.3054152, 101.5763534 3.3041237, 101.5780381 3.3035576, 101.5786605 3.3024174, 101.5799379 3.2999482, 101.5808737 3.2981428, 101.5805324 3.2972064, 101.5795177 3.2940546, 101.5781799 3.2900883, 101.5773452 3.2875751, 101.5764646 3.2849236, 101.5760954 3.2838118, 101.5747259 3.2796367, 101.5751502 3.2774891, 101.5761563 3.2729517, 101.5765236 3.2712598, 101.5773195 3.2677398, 101.5778541 3.2649428, 101.5763172 3.2617781, 101.5743196 3.257977, 101.5722602 3.254167, 101.5707809 3.2514244, 101.5692987 3.2486222, 101.5686761 3.2476061, 101.5677215 3.2456262, 101.566524 3.2433198, 101.5675222 3.2411341, 101.5687981 3.2384606, 101.5699349 3.2359801, 101.5722821 3.2348907, 101.5748818 3.2337185, 101.5780202 3.2323041, 101.5807241 3.2291731, 101.5824375 3.2274085, 101.5853444 3.2243729, 101.5873728 3.2221809, 101.5887413 3.2201865, 101.5899785 3.218292, 101.593474 3.2129687, 101.5945716 3.2113497, 101.5960245 3.2090898, 101.5981838 3.2058161, 101.5995897 3.2037503, 101.5999501833441 3.203187865106623, 101.60121828580394 3.1967487519492925)"
MY24-275,way/513270613-275,275.0,1843.3350719551768,9234.12,Al/St 240/40 3-bundle 300.0,"LINESTRING (101.53513282592057 3.501713346185613, 101.5435195451273 3.495289900209642, 101.5435155 3.4929586, 101.5435329 3.4894427, 101.543541 3.4881308, 101.5435329 3.4838486, 101.5436482 3.4790866, 101.5437303 3.4747904, 101.5437751 3.4706267, 101.5438773 3.4668946, 101.543948 3.4641837, 101.5440117 3.4617421, 101.5440515 3.457239, 101.544091 3.4520959, 101.5441547 3.4499033, 101.5442156 3.4457525, 101.5442293 3.4432865, 101.5442235 3.4394741, 101.5438497 3.4369199, 101.5438128 3.4341444, 101.5438711 3.4308061, 101.5438825 3.4275316, 101.54391407676805 3.4266173747349242, 101.54606537677377 3.4210439832580124)"
MY28-275,way/513270613-275,275.0,1843.3350719551768,25661.78,Al/St 240/40 3-bundle 300.0,"LINESTRING (101.53513282592057 3.501713346185613, 101.54332345626234 3.495400310178452, 101.543323 3.4929786, 101.5433559 3.4893985, 101.5427349 3.4871898, 101.5420242 3.4845781, 101.5427805 3.4817061, 101.5434591 3.4789251, 101.5435192 3.4762092, 101.5435661 3.4736906, 101.543626 3.4701906, 101.5436931 3.4668394, 101.5437489 3.4638466, 101.5437918 3.461548, 101.5438507 3.4572919, 101.5438881 3.4549278, 101.5439113 3.452443, 101.5439693 3.4499901, 101.5440069 3.4463859, 101.5440613 3.4433588, 101.5440352 3.4394741, 101.5435918 3.4367463, 101.543651 3.4339951, 101.5436346 3.4310354, 101.5436817 3.4277505, 101.5437089 3.4243027, 101.5448251 3.4226054, 101.5446247 3.4197828, 101.5446155 3.4173276, 101.5443444 3.4165198, 101.5442851 3.4133585, 101.544308 3.409994, 101.5443246 3.406105, 101.5443704 3.3977681, 101.5444425 3.3941742, 101.5444229 3.3914965, 101.5463732 3.3913484, 101.5498173 3.3911329, 101.549825 3.3874426, 101.5498619 3.3843241, 101.5499794 3.38011, 101.5500213 3.3757692, 101.5516292 3.374463, 101.5541776 3.3719936, 101.5562418 3.3694524, 101.5578466 3.3685409, 101.5603301 3.3671412, 101.5624587 3.3658876, 101.5637197 3.3628106, 101.5650371 3.3596623, 101.567185 3.3578718, 101.5691745 3.356242, 101.5693184 3.3535268, 101.5694152 3.3500408, 101.5695277 3.3467659, 101.569573 3.3429642, 101.5696532 3.3406228, 101.5689967 3.3397644, 101.5662364 3.33839, 101.5637172 3.3371434, 101.5601785 3.3354348, 101.5570928 3.3338974, 101.5569951 3.3315017, 101.5567973 3.328807, 101.557696 3.3262315, 101.56158 3.3250583, 101.5633397 3.3231446, 101.5627511 3.3219783, 101.5627308 3.3187958, 101.5630202 3.315962, 101.56370658721491 3.315057774549251, 101.57845932153492 3.3101982041012437)"
MY50-275,way/273399306-275,275.0,1843.3350719551768,28029.45,Al/St 240/40 3-bundle 300.0,"LINESTRING (101.68274544579188 2.9656314334963128, 101.68072926663447 2.9713767487739458, 101.6807085 2.9735176, 101.6807415 2.9775218, 101.6808212 2.9811505, 101.6808897 2.984691, 101.6809979 2.9877348, 101.6810031 2.9925479, 101.6815179 2.9967878, 101.6815301 2.9992768, 101.6815475 3.0037772, 101.6815092 3.0072441, 101.6815075 3.0094361, 101.6814627 3.0113062, 101.6814271 3.0130256, 101.6848862 3.0131791, 101.6875306 3.0131582, 101.6922176 3.0128135, 101.6947808 3.0128264, 101.6980642 3.0126944, 101.7013536 3.0124065, 101.7035525 3.0124485, 101.7062576 3.0122543, 101.7091338 3.0120337, 101.7123752 3.0118386, 101.7150325 3.0117022, 101.7161045 3.0137408, 101.7173037 3.0160807, 101.7183864 3.0180229, 101.7199194 3.0186974, 101.7222212 3.0166114, 101.7243055 3.0152334, 101.7277651 3.0140298, 101.7306733 3.0130159, 101.7325218 3.012369, 101.7332624 3.0137483, 101.7332491 3.0141651, 101.7328517 3.0170797, 101.7326178 3.0190333, 101.7323487 3.0211259, 101.7320121 3.0237177, 101.731775 3.025452, 101.7308229 3.0279427, 101.7295481 3.0311641, 101.7283533 3.0343166, 101.7271098 3.0373992, 101.7265547 3.0388412, 101.7270088 3.0404895, 101.7275924 3.0426692, 101.7286592 3.0464617, 101.7277389 3.0502729, 101.7247261 3.0527824, 101.7232244 3.0540434, 101.7232263 3.0555359, 101.72319 3.0598031, 101.7231722 3.0633762, 101.7231592 3.0659911, 101.7232985 3.0675843, 101.7233562 3.0687356, 101.7235125 3.0724742, 101.7236415 3.0747535, 101.7238196 3.0769935, 101.7231578 3.0787608, 101.7227268 3.0793196, 101.7205944 3.0803501, 101.7194771 3.0829228, 101.7195291 3.0858796, 101.7197496 3.0885512, 101.7199394 3.0905025, 101.7182875 3.0941232, 101.7180074 3.0947352, 101.7142637 3.0951285, 101.712923 3.0953694, 101.7117658 3.0955774, 101.7092597 3.0960277, 101.707295 3.0978748, 101.7066178 3.1017369, 101.7081173 3.1036559, 101.7098783 3.1060539, 101.7116252 3.1083363, 101.7129311 3.1100638, 101.71432 3.1100592, 101.7168279 3.1100566, 101.7184865 3.1102979, 101.7202717 3.1127724, 101.7214383 3.114083, 101.7229422 3.1156431, 101.7243102 3.1173985, 101.724673 3.1178919, 101.7256769539022 3.1192494399943738, 101.72746745380091 3.1226440167733487)"
MY64-275,MY65-275,275.0,1843.3350719551768,12869.85,Al/St 240/40 3-bundle 300.0,"LINESTRING (103.65709987655066 1.5514824532558715, 103.66176225097335 1.550735290602683, 103.6635696 1.5503368, 103.6655249 1.5501384, 103.6679481 1.550852, 103.6707981 1.5516614, 103.6744674 1.5526776, 103.6775573 1.5535302, 103.6817737 1.5546965, 103.6844951 1.555456, 103.6879508 1.5564205, 103.6906977 1.5571847, 103.6930685 1.5578443, 103.6968129 1.5588819, 103.7001522 1.5598042, 103.7026038 1.560496, 103.7058864 1.5614059, 103.7091564 1.5604987, 103.7116857 1.5597989, 103.7140595 1.5591366, 103.7170175 1.5583117, 103.7198821 1.5575422, 103.7231495 1.5566512, 103.725747 1.5559516, 103.7284016 1.5552366, 103.7314536 1.5543668, 103.7335733 1.5538134, 103.734761 1.5524787, 103.7367887 1.5501604, 103.7389995 1.5477323, 103.7409352 1.5455107, 103.7431535 1.5430578, 103.7452187 1.5407462, 103.7470991 1.5386498, 103.74862256186722 1.5369390692343485, 103.75362935792778 1.533153559088985)"
MY64-275,MY69-275,275.0,1843.3350719551768,17105.2,Al/St 240/40 3-bundle 300.0,"LINESTRING (103.58523818346883 1.4854632420680494, 103.58949552188325 1.4874926019813248, 103.5908014 1.488684, 103.5930169 1.4907593, 103.5916597 1.4922555, 103.593564 1.4945077, 103.5952502 1.4964375, 103.5969704 1.4984063, 103.5947818 1.5003047, 103.5927218 1.5021012, 103.5927132 1.5040459, 103.5927326 1.5070883, 103.5927379 1.5098179, 103.592754 1.5126171, 103.5927647 1.5150678, 103.5930008 1.5181245, 103.5932046 1.5209613, 103.5933012 1.5235567, 103.5933409 1.5256087, 103.5934514 1.5283131, 103.5954744 1.5301901, 103.597462 1.5320675, 103.5994321 1.5339282, 103.6014864 1.5358873, 103.603602 1.5379049, 103.6052352 1.5394624, 103.6068914 1.5410419, 103.6091879 1.5432235, 103.6113707 1.5453266, 103.613638 1.5474332, 103.6155796 1.5492107, 103.6172104 1.5507176, 103.6199866 1.5496907, 103.6223282 1.5488488, 103.6247683 1.5479408, 103.6270595 1.5470979, 103.6293689 1.5473741, 103.6324641 1.5477414, 103.635723 1.5481114, 103.6369702 1.548283, 103.6396249 1.5492962, 103.6417885 1.550122, 103.6442818 1.5510736, 103.6471803 1.5517638, 103.6500487 1.5524604, 103.65215375411513 1.5529296460873325, 103.65709987655066 1.5514824532558715)"
MY77-275,MY69-275,275.0,1843.3350719551768,18212.17,Al/St 240/40 3-bundle 300.0,"LINESTRING (103.55512589808438 1.3674830980265056, 103.55316147825047 1.3732465146642676, 103.5522098 1.3757284, 103.5513024 1.3782004, 103.5508162 1.3818333, 103.5519729 1.3831396, 103.5545264 1.3840996, 103.5579221 1.3853545, 103.5599069 1.3860785, 103.5625998 1.3870706, 103.5650728 1.3879715, 103.5679964 1.3890334, 103.5678462 1.3922618, 103.5677711 1.3944284, 103.5676647 1.397035, 103.5675574 1.3996628, 103.567847 1.4036259, 103.5636352 1.4126941, 103.5619722 1.4162443, 103.5592962 1.4220578, 103.5575205 1.4234253, 103.5556824 1.42494, 103.5549188 1.427383, 103.5541616 1.4299676, 103.5534106 1.4323969, 103.5526649 1.4349013, 103.554344 1.4366657, 103.5564951 1.4390199, 103.558598 1.4412454, 103.5607491 1.4435675, 103.5635552 1.4465243, 103.5661286 1.4491451, 103.5672347 1.4504425, 103.5691266 1.4522722, 103.5711301 1.4543092, 103.5732919 1.456465, 103.5750858 1.4582276, 103.5774783 1.4638236, 103.5784847 1.4670081, 103.5794309 1.4699799, 103.5796267 1.472184, 103.5820118 1.4743334, 103.583701 1.4769728, 103.5848683 1.4794145, 103.58500333969701 1.479561847680398, 103.58523818346883 1.4854632420680494)"
MY70-275,MY67-275,275.0,1843.3350719551768,10820.1,Al/St 240/40 3-bundle 300.0,"LINESTRING (103.60708239999995 1.4818544966944165, 103.61014549215274 1.482996595569005, 103.6118422 1.4832434, 103.6135639 1.4817349, 103.615158 1.4832913, 103.6173445 1.4819082, 103.619383 1.4837904, 103.6207966 1.4822353, 103.6227331 1.4840157, 103.6251927 1.4818787, 103.6262167 1.4817268, 103.6297519 1.4811932, 103.6326626 1.4813263, 103.6359773 1.4814694, 103.6393091 1.4816239, 103.6412376 1.4816856, 103.6425487 1.4842016, 103.6442606 1.4860174, 103.6460093 1.4881985, 103.6472345 1.4894034, 103.6492977 1.4903543, 103.651518 1.4909478, 103.6543021 1.4912266, 103.6580788 1.49088, 103.661145 1.491282, 103.661727 1.4924162, 103.6673252 1.4913965, 103.6672817 1.489145, 103.6688482 1.4885632, 103.6704012 1.4887321, 103.67123504780228 1.489794956488338, 103.6725641623748 1.4940231929570378)"
MY66-275,MY65-275,275.0,1843.3350719551768,11102.27,Al/St 240/40 3-bundle 300.0,"LINESTRING (103.75362935792778 1.533153559088985, 103.75732484276509 1.5277558824885318, 103.7581228 1.5269779, 103.7602982 1.524887, 103.7619907 1.522321, 103.7629 1.5194762, 103.7633775 1.517654, 103.7642034 1.5177249, 103.7672584 1.5182049, 103.7707507 1.5187867, 103.7735509 1.5192532, 103.7766971 1.5197546, 103.7791327 1.5201894, 103.7812171 1.5191551, 103.7839687 1.5177897, 103.7861225 1.5167198, 103.7885 1.5155486, 103.7898405 1.5141315, 103.7924336 1.5114817, 103.7949234 1.5089373, 103.7967539 1.5069209, 103.7994401 1.5040976, 103.8017192 1.5043546, 103.8051367 1.5046831, 103.8080085 1.5049991, 103.8115597 1.5053289, 103.8135883 1.5055357, 103.8168193 1.5058536, 103.8197869 1.5061497, 103.8227051 1.5064045, 103.8256341 1.5067262, 103.8289646 1.5070302, 103.83106306040057 1.5072343386606513, 103.83586875712844 1.5051397313315522)"
MY66-275,MY73-275,275.0,1843.3350719551768,7680.96,Al/St 240/40 3-bundle 300.0,"LINESTRING (103.83586875712844 1.5051397313315522, 103.84413064072004 1.5033105433748493, 103.8463029 1.5016398, 103.8487708 1.4997039, 103.8505384 1.498382, 103.8526198 1.4960171, 103.8548487 1.4935852, 103.8562435 1.4920193, 103.8575282 1.4905661, 103.8600149 1.4877753, 103.8618537 1.4857226, 103.8648373 1.4823425, 103.8673011 1.4795739, 103.8699567 1.4765785, 103.8720527 1.474087, 103.8751434 1.4704759, 103.8763619 1.4692511, 103.8783167 1.4682649, 103.8818019 1.4665065, 103.8834852 1.4656572, 103.8856408 1.4645696, 103.8867855 1.4618784, 103.8859069 1.4599897, 103.8848425 1.4576567, 103.8836129 1.4550445, 103.8836305550746 1.454868994258376, 103.88321528994885 1.4501504556881855)"
MY77-275,way/235851822-275,275.0,1843.3350719551768,35854.38,Al/St 240/40 3-bundle 300.0,"LINESTRING (103.53658876287739 1.3358460948622835, 103.53045269892294 1.3363288359111498, 103.5298857 1.3365604, 103.5275595 1.3372921, 103.5263203 1.3406601, 103.5249532 1.3444841, 103.5217077 1.3469457, 103.5184676 1.3493912, 103.5152428 1.3518203, 103.5123307 1.3540194, 103.5090798 1.3564756, 103.5062421 1.3586101, 103.5033399 1.3607981, 103.5001213 1.3632061, 103.4968535 1.3656727, 103.4936832 1.368011, 103.4902499 1.3667453, 103.4865332 1.3649597, 103.4833199 1.3650026, 103.4801066 1.3650348, 103.4769515 1.3638601, 103.4741519 1.3626961, 103.4715549 1.3630771, 103.4712653 1.3635919, 103.4716094 1.3660859, 103.4720385 1.3691106, 103.4724409 1.3722586, 103.4728486 1.3752189, 103.4732187 1.3779969, 103.4735835 1.3806891, 103.4739215 1.3833812, 103.4742862 1.3860787, 103.4746671 1.3890337, 103.4750426 1.3918062, 103.4754066 1.3945732, 103.474264 1.3970347, 103.4731329 1.3995019, 103.4720385 1.4019742, 103.4732179 1.4045641, 103.4756166 1.4058246, 103.477993 1.4070688, 103.4803802 1.4083291, 103.482729 1.409632, 103.4851224 1.4108657, 103.4863876 1.4115411, 103.4879969 1.412367, 103.4901158 1.4134074, 103.4923962 1.414527, 103.4945324 1.4155759, 103.497784 1.4171724, 103.5007106 1.4186093, 103.5037307 1.4201055, 103.5066329 1.421532, 103.5096209 1.4229799, 103.5158543 1.4260689, 103.5181208 1.4271748, 103.5187779 1.4274954, 103.5217069 1.4289165, 103.5234986 1.4309007, 103.5255775 1.4332357, 103.5276668 1.4355824, 103.5300271 1.4356726, 103.5324357 1.4357647, 103.5335899 1.439165, 103.536296 1.4385496, 103.539285 1.4378972, 103.5423594 1.4372105, 103.5446269 1.4366981, 103.5467297 1.4362388, 103.550257 1.4354462, 103.5522237 1.4350043, 103.5530136 1.4324076, 103.5538076 1.429796, 103.5545854 1.4271843, 103.5553209 1.4247169, 103.5572952 1.4231411, 103.5590057 1.4218269, 103.5614688 1.416502, 103.5626803 1.4138471, 103.5650728 1.4087149, 103.5674922 1.4035452, 103.5671757 1.3996464, 103.5673205 1.3965038, 103.5674171 1.3942514, 103.567519 1.3918864, 103.5676317 1.3892747, 103.5646544 1.3881914, 103.5616852 1.3871062, 103.5591666 1.3861857, 103.5574059 1.3855508, 103.5557012 1.3849362, 103.5523806 1.3837242, 103.5517369 1.3834882, 103.5507445 1.3822923, 103.549972 1.3812948, 103.5506747 1.3788332, 103.5518281 1.3757335, 103.55274672795021 1.3733295131602143, 103.55512589808438 1.3674830980265056)"
MY63-275,way/235501402-275,275.0,1843.3350719551768,36882.37,Al/St 240/40 3-bundle 300.0,"LINESTRING (103.20206434610043 1.9850659994565047, 103.20596766749176 1.9798119969106114, 103.20654 1.9782724, 103.2080487 1.9740613, 103.2087998 1.9720775, 103.2102402 1.9694853, 103.2119004 1.9663705, 103.2124905 1.9652727, 103.2135754 1.9636965, 103.2150319 1.9615802, 103.2161786 1.9599316, 103.2182117 1.9569185, 103.219872 1.9545797, 103.2216798 1.95184, 103.2228599 1.950166, 103.2248448 1.9472588, 103.2265346 1.9447913, 103.2284658 1.9419699, 103.2304654 1.9391056, 103.2362495 1.9397596, 103.2384852 1.9400237, 103.2419479 1.9403856, 103.2444987 1.9406577, 103.2476409 1.9410263, 103.2506503 1.9414002, 103.2546522 1.9418908, 103.2589906 1.9423921, 103.2634807 1.9429443, 103.2645804 1.943085, 103.267016 1.9418275, 103.2690741 1.9391596, 103.2709869 1.9366976, 103.2730344 1.9340624, 103.2747537 1.9318496, 103.2769679 1.9289997, 103.2782934 1.9273303, 103.280228 1.9248936, 103.2821281 1.9224633, 103.2853506 1.9183417, 103.2865674 1.9167923, 103.2911202 1.9109948, 103.2977259 1.902507, 103.30168 1.8974522, 103.3031913 1.8954927, 103.306585 1.8912095, 103.3083852 1.8889238, 103.3101854 1.886586, 103.3170736 1.878324, 103.3184618 1.8768217, 103.3201856 1.8749964, 103.3224661 1.8724987, 103.3247152 1.870069, 103.3263228 1.8683322, 103.3286459 1.865823, 103.3298252 1.8645869, 103.3330024 1.8633468, 103.3356966 1.8623109, 103.3388048 1.8611279, 103.3408012 1.8603789, 103.3415871 1.8576136, 103.3423874 1.8547975, 103.3432036 1.8519258, 103.3440998 1.8487725, 103.344508 1.8473432, 103.3453041 1.8445556, 103.3463219 1.8409689, 103.3470283 1.8384794, 103.3480148 1.835003, 103.3485067 1.8332693, 103.3491263 1.8310924, 103.3495823 1.8294652, 103.3505237 1.8261436, 103.3513844 1.8231397, 103.3522055 1.8201867, 103.3528063 1.8180689, 103.3536043 1.8153332, 103.3540428 1.8137714, 103.3556588 1.8108481, 103.3571032 1.8082488, 103.3580581 1.8065089, 103.3596815 1.8036028, 103.3620492 1.7993644, 103.363798 1.796209, 103.3650613 1.7939142, 103.3667618 1.790933, 103.3680359 1.7885872, 103.3691584 1.7840151, 103.369955 1.780798, 103.3705813 1.7781422, 103.3713055 1.7751503, 103.3716475 1.7736882, 103.3723609 1.7708517, 103.372947 1.7684695, 103.3736913 1.7654095, 103.3743954 1.7624803, 103.3748299 1.7606733, 103.3752846 1.7589001, 103.3787446 1.7596722, 103.3795291 1.761365, 103.3806022 1.7637356, 103.3818445 1.76648, 103.3845517 1.7684209, 103.3872432 1.7704051, 103.3899348 1.7691413, 103.3928906 1.7677419, 103.3954387 1.7665408, 103.3972103 1.7681746, 103.4003806 1.7710539, 103.4014052 1.7699386, 103.4030824 1.7680393, 103.4049028 1.7660245, 103.4067375 1.7639977, 103.4095018 1.7663083, 103.4115669 1.7679694, 103.4141994 1.770389, 103.4162969 1.7723461, 103.4182857 1.7701762, 103.4196014 1.7676866, 103.42024181537029 1.7665004700519693, 103.42531471494021 1.7595352988929214)"
way/235943019-275,way/325835238-275,275.0,1843.3350719551768,22958.51,Al/St 240/40 3-bundle 300.0,"LINESTRING (110.34969548286463 1.352574637693047, 110.35445931963825 1.3530559616024478, 110.3553244 1.3533517, 110.3560656 1.3551618, 110.3571899 1.357775, 110.3586153 1.3611146, 110.3602248 1.3650884, 110.3606593 1.3672792, 110.3612306 1.3701617, 110.3636473 1.3712691, 110.3660755 1.3723815, 110.3699987 1.3714595, 110.3730886 1.3707141, 110.3761169 1.370883, 110.3786784 1.3710064, 110.3812721 1.3712933, 110.3836917 1.371552, 110.383912 1.3715755, 110.3870039 1.3719234, 110.3894877 1.3722749, 110.3928994 1.3728104, 110.3957311 1.3732549, 110.3993413 1.3738127, 110.4016432 1.3741521, 110.4060047 1.3747952, 110.4088721 1.3752281, 110.4123937 1.3757598, 110.414984 1.3761509, 110.4161588 1.3790415, 110.4172585 1.3817363, 110.4181149 1.3839093, 110.419246 1.3867533, 110.4202955 1.3893982, 110.4214087 1.3920368, 110.4222831 1.3942168, 110.4232165 1.3967025, 110.4244128 1.3998585, 110.425609 1.4030413, 110.4266243 1.4057401, 110.4289457 1.4118309, 110.4298174 1.414212, 110.430657 1.4164215, 110.4319712 1.4187757, 110.4349324 1.4238462, 110.4365471 1.4266644, 110.4356419 1.4297144, 110.4348654 1.432302, 110.4340433 1.4351992, 110.434632 1.437662, 110.4354259 1.4408153, 110.4360013 1.4430046, 110.4366356 1.4455425, 110.4372565 1.4478458, 110.43795030159608 1.4485732170304129, 110.4387206908299 1.4539636844848138)"
way/236051516-275,way/513610290-275,275.0,1843.3350719551768,100409.59,Al/St 240/40 3-bundle 300.0,"LINESTRING (113.42757402796822 3.3535904190689036, 113.43364217840094 3.345444532264946, 113.4359601 3.3439614, 113.4373104 3.3430974, 113.4399763 3.3413917, 113.4440941 3.3387569, 113.4458813 3.3376007, 113.449515 3.3352498, 113.4536832 3.3325532, 113.457355 3.3301777, 113.4615813 3.3274575, 113.4645878 3.3255225, 113.4663985 3.3243571, 113.4698605 3.3221288, 113.4725186 3.320418, 113.475139 3.3188255, 113.4769103 3.3177491, 113.4804088 3.315623, 113.4839091 3.3134959, 113.4879688 3.3110287, 113.4909588 3.3092117, 113.493987 3.307514, 113.4972083 3.305646, 113.4993052 3.3041963, 113.5025455 3.3022999, 113.5048981 3.3008804, 113.5072334 3.2994713, 113.5110013 3.2971977, 113.5157713 3.2953769, 113.5198249 3.2938295, 113.5263053 3.2913557, 113.5304481 3.2897743, 113.5355679 3.2878198, 113.5399417 3.2861502, 113.5430089 3.2849794, 113.5470013 3.2834553, 113.5512851 3.28182, 113.5570899 3.2796041, 113.5601302 3.2784435, 113.5636658 3.2771061, 113.5661351 3.276172, 113.5699047 3.274746, 113.5748271 3.2728666, 113.5776856 3.2717752, 113.5808922 3.2705509, 113.5840989 3.2693265, 113.5873315 3.2680923, 113.5906497 3.2668254, 113.5935012 3.2657366, 113.5966544 3.2645461, 113.5990191 3.2620342, 113.6016343 3.2592996, 113.6042022 3.2566146, 113.6065866 3.2541213, 113.6100048 3.250446, 113.6134472 3.2469476, 113.6168137 3.243359, 113.6186302 3.2414227, 113.6203201 3.2396213, 113.6221523 3.2376879, 113.6241292 3.2356017, 113.6252643 3.2344107, 113.6279008 3.2316444, 113.6305163 3.2289, 113.6323616 3.2269638, 113.6341707 3.2259904, 113.6361907 3.2249034, 113.6391485 3.2233118, 113.6428419 3.2213244, 113.6455164 3.2198853, 113.6491383 3.2179364, 113.6509223 3.2157973, 113.6537449 3.212413, 113.6555759 3.2102176, 113.6588259 3.2063208, 113.6619759 3.202893, 113.6642692 3.2002977, 113.6665072 3.1977651, 113.669001 3.1950085, 113.6708291 3.1929878, 113.672189 3.1914846, 113.6744704 3.1889627, 113.6779076 3.1851633, 113.6790068 3.1819113, 113.6801904 3.1784095, 113.681451 3.1746798, 113.6821594 3.1725839, 113.683356 3.1690435, 113.6844658 3.16576, 113.6855572 3.1625311, 113.6866506 3.159296, 113.6875203 3.1567999, 113.6888999 3.1528406, 113.6896514 3.1494287, 113.6908112 3.1435844, 113.6917514 3.1419987, 113.694379 3.1375674, 113.6959229 3.1349636, 113.6972218 3.1328491, 113.6991078 3.1297789, 113.7002172 3.1278532, 113.7016643 3.1240454, 113.7023603 3.122214, 113.7033598 3.1196996, 113.7048461 3.1159608, 113.7059051 3.1130831, 113.7068315 3.1107846, 113.7085497 3.1063046, 113.7105205 3.1011998, 113.7115016 3.0986585, 113.712816 3.0952539, 113.7144629 3.090988, 113.7154986 3.0883053, 113.7171017 3.0841527, 113.7187415 3.0799459, 113.7197901 3.0772557, 113.7209066 3.0743914, 113.7219111 3.0718144, 113.7229395 3.0691759, 113.7244697 3.0652503, 113.7254795 3.0626034, 113.7262289 3.0606044, 113.7274045 3.0576191, 113.7283401 3.0552201, 113.7293581 3.0526097, 113.730517 3.0496379, 113.7334146 3.0484515, 113.7345317 3.0479941, 113.7401947 3.0456754, 113.74449 3.0439168, 113.7486487 3.042214, 113.7523651 3.0406923, 113.7542551 3.0399185, 113.7594189 3.0377468, 113.7624765 3.03737, 113.7658483 3.0369546, 113.7693879 3.0365184, 113.7729512 3.0360794, 113.777887 3.0354712, 113.7808164 3.0336702, 113.7834392 3.0320453, 113.7842487 3.0315845, 113.7871937 3.0297495, 113.7920928 3.0293396, 113.7944299 3.0291213, 113.7993129 3.0286974, 113.8009293 3.028557, 113.8040124 3.0267818, 113.8068231 3.0251635, 113.8092083 3.0237901, 113.8142013 3.0209152, 113.8164786 3.019604, 113.819989 3.0163371, 113.8220057 3.0144602, 113.8244875 3.0121505, 113.8269913 3.0098025, 113.8301195 3.0069091, 113.8322725 3.0049054, 113.8365043 3.0031125, 113.8390728 3.0020243, 113.8411874 3.0011284, 113.8443965 2.9997867, 113.8461207 2.9990383, 113.8538375 2.9957689, 113.8576661 2.9942057, 113.8603091 2.9930774, 113.8634938 2.9917793, 113.8686025 2.989697, 113.8722986 2.988106, 113.8742566 2.9873292, 113.8800096 2.9848365, 113.8844218 2.9829701, 113.8876381 2.9816854, 113.8904142 2.9804238, 113.89359 2.9790845, 113.895666 2.9782702, 113.8982087 2.9772363, 113.9024037 2.9754042, 113.9036107 2.9749166, 113.9069205 2.9739952, 113.9113569 2.9728006, 113.9138621 2.9721202, 113.9167803 2.9713273, 113.9208788 2.9702023, 113.9239311 2.9693612, 113.9271551 2.9684692, 113.930127 2.9676951, 113.9335173 2.9668058, 113.9378411 2.9656005, 113.9426368 2.9643094, 113.946805 2.9631683, 113.9503777 2.9621879, 113.9557958 2.9607146, 113.9593792 2.9597557, 113.9641294 2.9584311, 113.9681564 2.9573336, 113.9708161 2.9566378, 113.9739543 2.9558235, 113.9774634 2.9548702, 113.978498 2.9545699, 113.9829209 2.9533377, 113.9863635 2.952479, 113.9906552 2.9512643, 113.993543 2.9504901, 113.9970535 2.9495072, 113.9996252 2.9488368, 114.0030914 2.947895, 114.0122639 2.9454153, 114.0169769 2.9440321, 114.0195411 2.9433356, 114.0213919 2.9428534, 114.0248626 2.9419132, 114.0285963 2.9408765, 114.0316004 2.9400729, 114.0344274 2.9392854, 114.0367448 2.9386693, 114.040972 2.9375443, 114.0439063 2.9367299, 114.0484983 2.9354924, 114.0496087 2.9337298, 114.0527275 2.9288727, 114.0536508 2.9273679, 114.0556303 2.9242392, 114.0572369 2.9217131, 114.057768 2.9208292, 114.058342 2.919897, 114.0604877 2.9165646, 114.0626925 2.9130126, 114.0633627 2.9120776, 114.0644574 2.9102856, 114.0664369 2.9070444, 114.0682946 2.9042367, 114.0680188 2.9022376, 114.0676947 2.8998059, 114.0673376 2.8974536, 114.0666859 2.8927036, 114.0663917 2.8905998, 114.0662225 2.8893893, 114.0656643 2.8852074, 114.0651047 2.8807101, 114.0646058 2.8770247, 114.0640216 2.8727088, 114.0633623 2.8678382, 114.0627963 2.8636563, 114.0624867 2.8613692, 114.0619177 2.8571663, 114.0614821 2.8541489, 114.0611616 2.8519837, 114.0581123 2.8500982, 114.0550771 2.8482638, 114.052472 2.8466419, 114.0508333 2.8456345, 114.0476826 2.843753, 114.0452623 2.8422752, 114.0429248 2.8408478, 114.0409329 2.8396315, 114.0374765 2.8375209, 114.0367207 2.8340815, 114.0365497 2.8328697, 114.0358687 2.8291991, 114.0351622 2.8253913, 114.0341001 2.8196663, 114.0334778 2.8163126, 114.032743 2.8123517, 114.0322709 2.8097209, 114.031131 2.8037146, 114.0306455 2.8009606, 114.0302324 2.7988281, 114.0298006 2.7968323, 114.0309219 2.7958066, 114.0326384 2.7942363, 114.0346178 2.7924494, 114.0397596 2.7879031, 114.0414441 2.7863975, 114.0440994 2.7838845, 114.0468889 2.7813662, 114.0485326154353 2.7798490583860143, 114.05122498836995 2.77316920677839)"
way/316035698-275,MY11-275,275.0,1843.3350719551768,116630.72,Al/St 240/40 3-bundle 300.0,"LINESTRING (100.54116964773503 5.288590726646262, 100.5392516795935 5.285486497338727, 100.5385406 5.2834999, 100.5371531 5.2794979, 100.5374889 5.2768348, 100.5380964 5.2727988, 100.5386481 5.2687697, 100.5394346 5.2635533, 100.5398098 5.2611437, 100.5403431 5.2573912, 100.5408467 5.2537077, 100.5414195 5.2499848, 100.5417158 5.2455607, 100.5418244 5.243403, 100.5421453 5.2399022, 100.5424252 5.2358569, 100.5434113 5.2327708, 100.5443843 5.2294778, 100.5451899 5.2267923, 100.5463653 5.2228918, 100.5475232 5.2191013, 100.548703 5.2152051, 100.5497552 5.2117492, 100.5509395 5.2078751, 100.5516659 5.2063519, 100.5535589 5.2026979, 100.5546727 5.2004262, 100.5562532 5.1973886, 100.5588339 5.1922506, 100.5604037 5.1891966, 100.5617597 5.186503, 100.5631936 5.1836869, 100.5654222 5.1817261, 100.5665878 5.1778101, 100.567259 5.1756109, 100.5685234 5.1731421, 100.5706986 5.1689774, 100.5718851 5.165352, 100.5739105 5.1593656, 100.5750011 5.1561657, 100.5768527 5.1508026, 100.5786445 5.1454993, 100.5799088 5.1417242, 100.5812332 5.1380029, 100.5824256 5.1344015, 100.5834264 5.1314173, 100.584481 5.1284151, 100.5859671 5.1240647, 100.5866982 5.1218895, 100.5866682 5.1193427, 100.5866862 5.1153997, 100.5877746 5.1079122, 100.5843007 5.1092035, 100.5821196 5.106658, 100.5800209 5.1040772, 100.5777963 5.1014981, 100.5756776 5.099111, 100.5747595 5.0981152, 100.5719769 5.0949866, 100.5732976 5.0921193, 100.5743146 5.0899511, 100.5730857 5.0853323, 100.5721676 5.0815469, 100.5740462 5.0786584, 100.576059 5.0756499, 100.5782907 5.072274, 100.5805083 5.0688912, 100.5826559 5.0657322, 100.5848453 5.0624134, 100.5869932 5.0591985, 100.5891687 5.0558728, 100.5912265 5.052748, 100.5932982 5.0496371, 100.5955015 5.0463044, 100.5975108 5.0433113, 100.5996517 5.0401033, 100.6000813 5.0367637, 100.600639 5.0324161, 100.6010651 5.0291839, 100.6015294 5.0254701, 100.6020144 5.0219539, 100.6024232 5.0186725, 100.602899 5.0150917, 100.6016878 5.0113426, 100.6005831 5.0078118, 100.5993575 5.0041205, 100.5983144 5.0005781, 100.5969639 4.9964017, 100.5958173 4.9928479, 100.5945486 4.9888479, 100.5938619 4.9866661, 100.5926295 4.9828104, 100.5916652 4.9797642, 100.5908807 4.9772845, 100.5897662 4.97378, 100.5891775 4.9699482, 100.5884995 4.9657723, 100.5879168 4.9619745, 100.5876554 4.9603888, 100.5874407 4.9590859, 100.5869526 4.9560156, 100.5863826 4.9522478, 100.5857576 4.9484199, 100.5882749 4.9459013, 100.5913796 4.9427922, 100.5938968 4.9402496, 100.5965461 4.93748, 100.5993672 4.9345309, 100.6018053 4.9319869, 100.6049998 4.9286746, 100.608142 4.9254091, 100.610261 4.9231764, 100.6127608 4.9205842, 100.6154148 4.9179747, 100.618062 4.9153904, 100.6207226 4.912855, 100.6227176 4.9108909, 100.6251122 4.9085209, 100.6277781 4.9059183, 100.6303724 4.9033656, 100.6330428 4.9007418, 100.6357283 4.8980574, 100.6383532 4.8954179, 100.6413708 4.8924062, 100.6433954 4.8903604, 100.6462222 4.8876146, 100.6492555 4.8845246, 100.6527019 4.8812401, 100.6555387 4.878549, 100.6585112 4.8755995, 100.6608098 4.8724357, 100.6631627 4.8692566, 100.6655319 4.8659802, 100.6678525 4.8628294, 100.6701771 4.85963, 100.6725787 4.8564266, 100.6748871 4.8531827, 100.6768634 4.8504166, 100.6780014 4.8489506, 100.6792083 4.8472294, 100.6814843 4.8441312, 100.6825616 4.8426652, 100.6839142 4.840867, 100.6835741 4.8383521, 100.6826831 4.8328564, 100.6821308 4.8296362, 100.6815534 4.8257471, 100.6820405 4.8214914, 100.6825099 4.8173899, 100.6821572 4.8144248, 100.682373 4.811281, 100.6856756 4.8084719, 100.688704 4.8059127, 100.6920431 4.8030976, 100.6948887 4.8007029, 100.6981548 4.7979426, 100.6989558 4.7943368, 100.6997128 4.7906367, 100.7004333 4.7870964, 100.7013214 4.7831089, 100.7020792 4.7791587, 100.7029685 4.7750982, 100.7036519 4.771978, 100.7045138 4.7677135, 100.7040052 4.7604938, 100.7037368 4.7563259, 100.7035955 4.7536979, 100.7050931 4.7501799, 100.7065907 4.7465913, 100.7081166 4.7432146, 100.7088624 4.7396744, 100.7096425 4.7365741, 100.7103913 4.7330279, 100.7113238 4.7291001, 100.7121291 4.7254267, 100.7129486 4.7219511, 100.7137398 4.7185037, 100.7153916 4.7110743, 100.7149036 4.7077428, 100.7143212 4.7040057, 100.712947 4.7001828, 100.7114699 4.6963249, 100.7103112 4.6932023, 100.7087583 4.68937, 100.7076076 4.6859382, 100.7092369 4.6821093, 100.7116139 4.6767773, 100.7122546 4.67534, 100.71363 4.6720709, 100.7151133 4.6688234, 100.715154 4.6646447, 100.7152124 4.6610124, 100.7152418 4.6581179, 100.7153229 4.6544246, 100.7153382 4.651, 100.7153483 4.6473041, 100.7154073 4.6440587, 100.7154688 4.6393134, 100.7143459 4.6365218, 100.7116219 4.6291548, 100.710186 4.6254154, 100.7087424 4.6218066, 100.7072451 4.617783, 100.7058707 4.6142126, 100.7045423 4.6107496, 100.7030681 4.6068796, 100.7015898 4.6031334, 100.699774 4.5983642, 100.6998157 4.5972043, 100.6999967 4.5890503, 100.7001626 4.5833424, 100.7002535 4.5784203, 100.7002535 4.5753814, 100.6995003 4.5719788, 100.6983834 4.5680697, 100.6974623 4.5645115, 100.6967325 4.5613723, 100.6962733 4.5536033, 100.6958693 4.5457241, 100.6956213 4.5418029, 100.6959519 4.5381388, 100.6962733 4.5349798, 100.6965232 4.5312163, 100.6967876 4.5280006, 100.697085 4.5246573, 100.6973477 4.5213061, 100.6985416 4.5186521, 100.7002037 4.5150982, 100.7019944 4.5110025, 100.7035452 4.5074444, 100.7051351 4.5039131, 100.7089461 4.5030867, 100.7132454 4.5022775, 100.717594 4.5013243, 100.7211284 4.5005566, 100.7250203 4.499716, 100.7287798 4.4989482, 100.7325327 4.4981142, 100.7360605 4.4973861, 100.7402304 4.4964926, 100.7434736 4.4958042, 100.7477295 4.4949041, 100.7505359 4.4942819, 100.7543947 4.4934545, 100.7572209 4.4928853, 100.759842 4.4899201, 100.7625094 4.4869085, 100.7647929 4.4842941, 100.767889 4.4808123, 100.7705844 4.4777811, 100.7733425 4.474432, 100.7756127 4.4717911, 100.7781875 4.4687464, 100.7807556 4.4657349, 100.7842371 4.4619092, 100.7872089 4.4585137, 100.7895586 4.4558199, 100.7917362 4.4533775, 100.7942446 4.4505595, 100.7966667 4.4478203, 100.799082 4.4451824, 100.8013623 4.442504, 100.8037844 4.4397986, 100.8059433 4.4374305, 100.8060108 4.4336929, 100.8060782 4.4297866, 100.8061389 4.4258466, 100.8062064 4.4219605, 100.8062536 4.4181757, 100.8063481 4.4141277, 100.8063683 4.4101809, 100.8064493 4.4063353, 100.8064898 4.4030093, 100.806537 4.3993324, 100.8066112 4.395561, 100.8066584 4.3916614, 100.8067394 4.3878159, 100.806429 4.3839568, 100.8061052 4.3802057, 100.8064763 4.3764141, 100.8068406 4.3725955, 100.8069295 4.3687791, 100.80707 4.3646952, 100.8072521 4.360654, 100.8073756 4.3564965, 100.8076148 4.3527249, 100.8033136 4.3462344, 100.8011717 4.342892, 100.7991593 4.3398346, 100.7973197 4.3370708, 100.7952642 4.3341343, 100.7931309 4.3310337, 100.79268858122833 4.330361361809994, 100.78849054897425 4.327021554907294)"
way/551727678-275,MY21-275,275.0,1843.3350719551768,39403.14,Al/St 240/40 3-bundle 300.0,"LINESTRING (100.64738861076476 5.014020676718407, 100.65319006483722 5.010870078048129, 100.6537427 5.0104694, 100.6531584 5.0062322, 100.6545795 5.0033615, 100.6567281 4.9988231, 100.658355 4.9953489, 100.6595056 4.9928928, 100.6616353 4.988373, 100.6634604 4.98457, 100.6653671 4.9808855, 100.6669007 4.9776299, 100.6696183 4.9767446, 100.6725638 4.9765804, 100.6756221 4.9763857, 100.6785364 4.9762091, 100.6815857 4.9760228, 100.6844632 4.9758468, 100.6877103 4.9756486, 100.6908466 4.9754311, 100.6939258 4.9752102, 100.6968943 4.9750525, 100.6996498 4.9749275, 100.7020076 4.972907, 100.7044585 4.9708446, 100.7064292 4.9690767, 100.7087179 4.9671512, 100.7110125 4.9652433, 100.7138782 4.9627913, 100.7161213 4.961018, 100.7182518 4.9591367, 100.7201569 4.9576175, 100.7220668 4.9560039, 100.7254243 4.9564323, 100.7283447 4.9568428, 100.7313246 4.9571994, 100.7341751 4.9576008, 100.7372443 4.9556189, 100.7400607 4.9537947, 100.7433573 4.9515778, 100.7447118 4.9507353, 100.7491 4.9478581, 100.7502659 4.9470975, 100.7527025 4.9455196, 100.7562642 4.9431889, 100.7602453 4.9405931, 100.7618577 4.9382037, 100.7636579 4.9355297, 100.7667088 4.930894, 100.7700707 4.9260239, 100.7758106 4.9245978, 100.7820783 4.9230393, 100.7886188 4.9213599, 100.7921545 4.9189106, 100.7962894 4.9160596, 100.7996696 4.9156675, 100.8050212 4.9150467, 100.811402 4.9143265, 100.8173645 4.9136199, 100.8193908 4.9133798, 100.8255095 4.9125088, 100.8302849 4.9087985, 100.8319051 4.9074762, 100.834205 4.9056232, 100.8376961 4.9029232, 100.8429089 4.9013793, 100.8488776 4.8995513, 100.8522494 4.8986857, 100.8544973 4.8979946, 100.8551562 4.8978266, 100.8578369 4.8959792, 100.8612605 4.8936537, 100.864613 4.8917805, 100.8665056 4.8906759, 100.8692315 4.8891644, 100.8713682 4.8879643, 100.8732549 4.8868955, 100.8749684 4.885935, 100.8812267 4.882427, 100.8815497 4.8819361, 100.8825917 4.879057, 100.8842129 4.8748347, 100.8843469 4.8743196, 100.8854943 4.8696262, 100.8862738 4.8665274, 100.8874272 4.8619899, 100.891052 4.8594677, 100.894829 4.8569012, 100.8970724 4.855431, 100.8969759 4.8535231, 100.8967809 4.8496705, 100.8966796 4.8471004, 100.8966035 4.8456999, 100.8964007 4.8422398, 100.8961574 4.840933, 100.8954628 4.8372017, 100.894623 4.8327685, 100.8939863 4.829407, 100.893458 4.8264036, 100.8928062 4.8229384, 100.8922818 4.8199957, 100.8916059 4.8164223, 100.8920243 4.8126591, 100.8923046 4.809866, 100.892542 4.8076463, 100.8928773 4.8044563, 100.8933011 4.8006463, 100.89342391694649 4.79947350224326, 100.89358957528808 4.794662589968874)"
MY11-275,MY19-275,275.0,1843.3350719551768,35323.68,Al/St 240/40 3-bundle 300.0,"LINESTRING (100.54116964773503 5.288590726646262, 100.53905598305218 5.285669474047793, 100.5387159 5.2847417, 100.5377753 5.2821025, 100.5368742 5.2794387, 100.5363878 5.2781697, 100.5355138 5.2758219, 100.5344399 5.2731161, 100.532802 5.2688772, 100.5317934 5.2666207, 100.5309145 5.2647444, 100.530001 5.2629126, 100.5293098 5.2604734, 100.5286037 5.2580811, 100.5279099 5.2549926, 100.5272088 5.2519782, 100.5268336 5.2500723, 100.5244462 5.2488824, 100.5223675 5.2477986, 100.5209558 5.2480629, 100.5192829 5.2484209, 100.5180704 5.2486509, 100.5164511 5.2489411, 100.5149806 5.2491743, 100.5136756 5.2502158, 100.5118058 5.2514415, 100.5101984 5.2509853, 100.5092278 5.2494342, 100.5104638 5.2484845, 100.5112533 5.2448645, 100.5119027 5.2417781, 100.513039 5.2366147, 100.5136249 5.2337807, 100.5140491 5.2315101, 100.5145037 5.2293833, 100.5151095 5.2265495, 100.5155951 5.2241187, 100.5163156 5.2206979, 100.5165901 5.217455, 100.516752 5.2149288, 100.516941 5.2124133, 100.5171313 5.2098796, 100.5173449 5.2071891, 100.5175685 5.2046446, 100.517727 5.202132, 100.5179282 5.1996066, 100.5181361 5.1967217, 100.5183699 5.1940977, 100.5185869 5.1911185, 100.5187742 5.1894808, 100.5201508 5.1868617, 100.5217811 5.1838418, 100.5229509 5.1816104, 100.5243781 5.1790149, 100.5257482 5.1764688, 100.5282358 5.1718711, 100.5304691 5.1676898, 100.5326691 5.1670073, 100.5348503 5.1662839, 100.5377455 5.1653451, 100.5444607 5.1623932, 100.5466175 5.1614552, 100.5487525 5.1605149, 100.5490124 5.1582268, 100.5492407 5.1562167, 100.5493949 5.1550173, 100.5496618 5.1524281, 100.5500325 5.1491033, 100.5502647 5.1471324, 100.5504808 5.1451588, 100.5507092 5.1432619, 100.5508601 5.141673, 100.5515917 5.1410913, 100.5536234 5.1394751, 100.5549511 5.1384193, 100.5556217 5.1378883, 100.5578586 5.1361105, 100.5613287 5.1333838, 100.564635 5.130738, 100.5675014 5.1284471, 100.5690068 5.1272439, 100.5712253 5.1255066, 100.5714713 5.1229952, 100.571773 5.1201212, 100.5720571 5.1171887, 100.5724135 5.1140935, 100.5727258 5.1109974, 100.5730605 5.1076944, 100.5734187 5.1045434, 100.5737563 5.1014752, 100.5748416 5.0993153, 100.5759762 5.0971695, 100.5777046 5.0939538, 100.579239 5.0911084, 100.5805018 5.0886662, 100.5818089 5.0861442, 100.5834063 5.0831087, 100.584671 5.0807182, 100.5860862 5.0780909, 100.5875395 5.0752542, 100.5904333 5.0744165, 100.5929757 5.0736585, 100.5954914 5.0729449, 100.5982862 5.0721033, 100.6008854 5.071345, 100.6033794 5.0706406, 100.6035888 5.0677404, 100.6038412 5.0644656, 100.6040516 5.061401, 100.6042254 5.058341, 100.6044678 5.0552581, 100.6046279 5.0522027, 100.6048566 5.0491289, 100.6049344 5.0462473, 100.6049984 5.0432467, 100.6050945 5.0405618, 100.6051585 5.0375749, 100.6052226 5.0348442, 100.6052957 5.0321364, 100.6054009 5.029392, 100.6054696 5.0265241, 100.6055473 5.0237339, 100.60555326427443 5.023412825202679, 100.60573879999998 5.018890289089613)"
MY11-275,MY2-275,275.0,1843.3350719551768,68240.73,Al/St 240/40 3-bundle 300.0,"LINESTRING (100.53282709993954 5.8101637877043935, 100.53391137928772 5.805161909639779, 100.5341498 5.8032884, 100.5374006 5.8001042, 100.5400117 5.7974968, 100.5433049 5.7941948, 100.5451128 5.7924624, 100.5464045 5.7911604, 100.5498508 5.7877402, 100.5539926 5.783653, 100.5594714 5.7782124, 100.5648512 5.7728625, 100.5677048 5.7700923, 100.5705808 5.7672547, 100.5735729 5.7642874, 100.5768088 5.7611413, 100.5805006 5.7574717, 100.5836635 5.7543428, 100.5861366 5.7521154, 100.589429 5.7486715, 100.5932639 5.7448547, 100.5953682 5.7427607, 100.5984309 5.7397709, 100.601605 5.7365816, 100.6051161 5.7331257, 100.6070102 5.7312843, 100.6091663 5.7291177, 100.6092642 5.7253651, 100.6093724 5.7214769, 100.609599 5.7153692, 100.6096152 5.7114301, 100.6096617 5.7092863, 100.6097756 5.7063031, 100.6095189 5.7022004, 100.6091704 5.6960381, 100.6091927 5.6924508, 100.6091272 5.6854395, 100.609129 5.6839902, 100.6090889 5.6801437, 100.6090524 5.6761098, 100.6109033 5.6730305, 100.612557 5.670224, 100.6118282 5.666467, 100.6112573 5.6634565, 100.610759 5.660872, 100.6101882 5.6579336, 100.6094571 5.6539023, 100.6088076 5.6505769, 100.6081093 5.6467936, 100.6071345 5.6415923, 100.6062822 5.6371847, 100.6056386 5.6337656, 100.6049778 5.6302604, 100.6042003 5.6261792, 100.6032788 5.6213309, 100.6026142 5.6177848, 100.6018665 5.6137502, 100.6010892 5.6098041, 100.6004286 5.6063237, 100.5996997 5.6023515, 100.5989242 5.5983452, 100.5981816 5.5943726, 100.5974248 5.5903788, 100.5966503 5.5863736, 100.5959551 5.5826243, 100.5952693 5.5789185, 100.594496 5.5749834, 100.5948295 5.571658, 100.595253 5.5675062, 100.5935488 5.5634253, 100.5920484 5.5597402, 100.5904998 5.5560609, 100.589008 5.5524047, 100.5899831 5.5486217, 100.5927563 5.5454746, 100.5947657 5.5432461, 100.5952785 5.5398484, 100.5957954 5.5365394, 100.5960542 5.5329485, 100.5955711 5.5304684, 100.5963009 5.5275993, 100.5970175 5.5247317, 100.5978423 5.5214076, 100.5988426 5.5175866, 100.5997181 5.5141598, 100.6017677 5.5117599, 100.6042787 5.5086841, 100.6037897 5.5055809, 100.6033658 5.5024333, 100.6049614 5.5001498, 100.6055375 5.4955964, 100.6054993 5.4934421, 100.6054607 5.4914412, 100.6062115 5.4876562, 100.6070027 5.4835649, 100.607726 5.4796985, 100.6085094 5.475593, 100.608962 5.4731566, 100.6097238 5.4692348, 100.610376 5.4656791, 100.6112011 5.4617073, 100.6121871 5.456486, 100.6126952 5.4537146, 100.613434 5.4498976, 100.6142895 5.4453117, 100.6152614 5.4401104, 100.6160374 5.4362549, 100.6167333 5.4326633, 100.6175666 5.4282897, 100.6186317 5.4260384, 100.6193757 5.4222359, 100.6200989 5.4184168, 100.6178024 5.4151372, 100.6212876 5.4122929, 100.6210174 5.4106709, 100.6207015 5.4088007, 100.6201485 5.4052078, 100.6193256 5.4000758, 100.6187025 5.3962721, 100.6182793 5.3934633, 100.6174043 5.3880701, 100.6170094 5.385608, 100.6162571 5.380957, 100.6155215 5.3763638, 100.6149105 5.3726479, 100.6143426 5.3674241, 100.613395 5.361724, 100.6127107 5.3574414, 100.6122456 5.3544376, 100.6111016 5.3475484, 100.6085775 5.3455293, 100.6069329 5.3442183, 100.6044736 5.3422213, 100.6013843 5.3397928, 100.5972788 5.3368952, 100.5935572 5.3334482, 100.5913198 5.3316239, 100.5877591 5.3287669, 100.5844668 5.3263298, 100.5825154 5.3249091, 100.5788959 5.3222643, 100.5772002 5.3210357, 100.5729813 5.3179269, 100.5694135 5.3152979, 100.5663398 5.3130832, 100.5628395 5.310514, 100.5589396 5.3075896, 100.5547982 5.3045529, 100.551724 5.302383, 100.5505125 5.3014892, 100.5475378 5.2979036, 100.5469652 5.2961229, 100.5455338 5.2928271, 100.5432434 5.2930086, 100.54317662485599 5.292815284454316, 100.54116964773503 5.288590726646262)"
way/273399306-275,MY36-275,275.0,1843.3350719551768,6892.89,Al/St 240/40 3-bundle 300.0,"LINESTRING (101.72746745380091 3.1226440167733487, 101.7299333620013 3.125712292133332, 101.7303381 3.1259596, 101.7331108 3.1272672, 101.7348172 3.1281232, 101.7355755 3.1300263, 101.7362813 3.1315155, 101.7357905 3.1339427, 101.7357376 3.1342043, 101.7353949 3.136766, 101.7361357 3.1386814, 101.7362625 3.1390036, 101.7368322 3.1404516, 101.7374891 3.1425303, 101.7383519 3.144314, 101.7400856 3.1465839, 101.7402745 3.1467963, 101.740483 3.147283, 101.7405491 3.1492547, 101.7406818 3.1508684, 101.7406914 3.1509855, 101.7407213 3.1511446, 101.7412528 3.153972, 101.7421783 3.1595021, 101.7423803 3.1625205, 101.7418099 3.1648131, 101.74162868364724 3.1656401375404237, 101.74114654975543 3.1704836931420286)"
MY36-275,MY32-275,275.0,1843.3350719551768,5866.14,Al/St 240/40 3-bundle 300.0,"LINESTRING (101.69362662933533 3.2136227843272978, 101.69870815265799 3.2103900487640264, 101.7008173 3.2099335, 101.7019674 3.2069551, 101.7038691 3.2049063, 101.7059988 3.2039269, 101.708732 3.2026959, 101.7107346 3.2022376, 101.7127304 3.2018239, 101.7140624 3.2005822, 101.7150805 3.1996208, 101.7175152 3.1991995, 101.7189637 3.1975717, 101.720844 3.1956405, 101.7216435 3.1945696, 101.7227124 3.1931924, 101.7238055 3.1913792, 101.7247655 3.1899368, 101.7265094 3.1879741, 101.7279969 3.1868326, 101.7301871 3.184085, 101.7318661 3.1819622, 101.7330443 3.1804908, 101.7346683 3.1786814, 101.7367891 3.1763894, 101.7369267 3.1761849, 101.7369622 3.1761461, 101.73740722814175 3.17566932870127, 101.74114654975543 3.1704836931420286)"
way/398265255-275,relation/16871608-275,275.0,1843.3350719551768,6769.52,Al/St 240/40 3-bundle 300.0,"LINESTRING (101.5147675996849 3.050557011687339, 101.51791332882537 3.0533441494799756, 101.5185589 3.0539216, 101.5215424 3.0548864, 101.524712 3.0558792, 101.5277293 3.056871, 101.5309088 3.0578594, 101.5339326 3.0587894, 101.5366934 3.0596826, 101.5388888 3.0603542, 101.5405839 3.060651, 101.5428389 3.0609692, 101.5441959 3.0616745, 101.5458147 3.0628532, 101.54775554817775 3.064216694615875, 101.56000643924716 3.0590703600492035)"
MY61-275,MY62-275,275.0,1843.3350719551768,3894.61,Al/St 240/40 3-bundle 300.0,"LINESTRING (101.79214090449062 2.5307397930242717, 101.79563099774413 2.531738426025884, 101.7967038 2.5314605, 101.7993538 2.5308067, 101.8017034 2.5331004, 101.8030762 2.5344187, 101.8029053 2.5379448, 101.8027473 2.5414687, 101.8026459 2.543439, 101.8020714 2.5471012, 101.80192003425346 2.548177840655306, 101.80052852735432 2.5544394617119495)"
way/554497441-275,MY61-275,275.0,1843.3350719551768,35988.52,Al/St 240/40 3-bundle 300.0,"LINESTRING (101.80052852735432 2.5544394617119495, 101.80352539707334 2.5594170236491363, 101.8035914 2.559542, 101.8048145 2.5620447, 101.8061392 2.5645302, 101.8081083 2.5661495, 101.8095891 2.5673502, 101.8117831 2.5691026, 101.8140147 2.5709032, 101.8161444 2.5725109, 101.8181561 2.5740704, 101.8202536 2.5758013, 101.8225332 2.5775859, 101.8266799 2.5773501, 101.8283379 2.5772537, 101.8288153 2.5772349, 101.8319522 2.577105, 101.8341677 2.5785465, 101.8375365 2.580745, 101.8395254 2.5820352, 101.8424597 2.5839524, 101.8445988 2.5853457, 101.8473507 2.5871343, 101.8490419 2.5882516, 101.8509851 2.5895016, 101.8537344 2.5913008, 101.8558949 2.5926942, 101.8576571 2.593845, 101.8601945 2.5955009, 101.8621713 2.5968004, 101.8638638 2.5978963, 101.8659532 2.5992655, 101.8673962 2.6002462, 101.8707061 2.6023496, 101.8716046 2.6029417, 101.8722336 2.6030623, 101.8743338 2.6036853, 101.8767786 2.6044168, 101.8797424 2.6052956, 101.8833822 2.6063647, 101.8860336 2.607131, 101.889035 2.6080286, 101.8923086 2.6089973, 101.8944973 2.609635, 101.8973753 2.6104964, 101.8971916 2.6136514, 101.8987928 2.6172954, 101.9012202 2.6229048, 101.9020839 2.6249116, 101.9038367 2.6248996, 101.9095847 2.6248929, 101.9139647 2.6248754, 101.9191293 2.6248955, 101.9203913 2.6248848, 101.920445 2.6286815, 101.9215876 2.6291075, 101.9234678 2.6299033, 101.928973 2.6298672, 101.9325203 2.6298698, 101.934603 2.6298685, 101.9398601 2.6304606, 101.9412173 2.6306268, 101.9428562 2.6332177, 101.9451495 2.6332847, 101.9478464 2.6333182, 101.9526771 2.6339947, 101.9547544 2.6342962, 101.9570102 2.635175, 101.9587187 2.6363311, 101.958531 2.6377914, 101.9603334 2.6379649, 101.9634059 2.6382945, 101.9652928 2.6385182, 101.9653197 2.6381404, 101.9655275 2.6356298, 101.965844 2.6340517, 101.9636782 2.6315083, 101.9636567 2.6294599, 101.9636486 2.6269453, 101.9636567 2.6242605, 101.9636406 2.6210774, 101.963658 2.6201785, 101.9603978 2.6196868, 101.9606392 2.6177871, 101.9610496 2.6141471, 101.961405 2.6099016, 101.9617537 2.6070225, 101.9596092 2.6060083, 101.9574796 2.6053814, 101.956353 2.6051335, 101.9537057 2.6051134, 101.9536856 2.6030904, 101.9557133 2.5997733, 101.9554505 2.5983545, 101.95629426472392 2.598135993311371, 101.9622983287266 2.595573748097281)"
way/554456729-275,MY62-275,275.0,1843.3350719551768,41002.42,Al/St 240/40 3-bundle 300.0,"LINESTRING (101.79214090449062 2.5307397930242717, 101.79577074724722 2.5314962699687373, 101.7962532 2.5313855, 101.7994074 2.5305709, 101.8016283 2.5326877, 101.803441 2.5345133, 101.8056192 2.5367068, 101.8077062 2.5387755, 101.809599 2.5405695, 101.8120237 2.540966, 101.8147389 2.5413747, 101.8174364 2.5418181, 101.8199255 2.5422308, 101.822833 2.5426917, 101.8264648 2.5426381, 101.8287133 2.5425912, 101.8324256 2.5425765, 101.8327388 2.5425727, 101.8332337 2.5425666, 101.8351547 2.542543, 101.8375178 2.5425108, 101.8395844 2.5424894, 101.8421955 2.5424516, 101.8461505 2.5423943, 101.8475082 2.5402143, 101.8476149 2.540043, 101.8484712 2.5386375, 101.848716 2.5382356, 101.8489068 2.5379319, 101.8497201 2.5366374, 101.8506807 2.5351085, 101.8520817 2.5328113, 101.8531363 2.531124, 101.8542306 2.529472, 101.8558413 2.526838, 101.8569919 2.5250091, 101.8584618 2.522639, 101.8592396 2.5214071, 101.860688 2.5191542, 101.863043 2.5191287, 101.8662053 2.5190885, 101.8694213 2.5190028, 101.8726346 2.5189706, 101.8749949 2.5189197, 101.8776342 2.5187857, 101.8807617 2.5187482, 101.8836907 2.5179818, 101.8871762 2.5171029, 101.890136 2.5163191, 101.8935142 2.5154375, 101.8964506 2.5146357, 101.8994433 2.5138311, 101.902792 2.5130058, 101.9055212 2.5122984, 101.9091279 2.511412, 101.9118619 2.5107402, 101.9141404 2.5101935, 101.9172122 2.5093816, 101.9193969 2.507136, 101.9217747 2.504648, 101.9236636 2.5027374, 101.9265088 2.4997871, 101.9298186 2.4983923, 101.9336582 2.4967403, 101.9384513 2.4947239, 101.9409565 2.4936359, 101.9441953 2.4922773, 101.9469928 2.4910835, 101.9499338 2.4896553, 101.9527287 2.4882766, 101.9550542 2.487123, 101.9576063 2.4858555, 101.9608451 2.4842932, 101.9630083 2.4832281, 101.9662846 2.4816015, 101.9708718 2.4794577, 101.9737069 2.4764511, 101.9753699 2.4748017, 101.9778858 2.4722091, 101.9799283 2.4700694, 101.9823879 2.4675062, 101.984527 2.4653001, 101.9861899 2.4635858, 101.9881466 2.4615787, 101.9902749 2.4593773, 101.9926715 2.4568931, 101.9942567 2.4548874, 101.9960202 2.4526578, 101.9981351 2.449974, 101.9999577 2.4476922, 102.0013739 2.4459571, 102.0034446 2.4433242, 102.0051961 2.4411469, 102.0071836 2.4386681, 102.0082216 2.4373456, 102.0097008 2.4354832, 102.01162 2.4330981, 102.0135002 2.4307158, 102.0148882 2.4290208, 102.0168529 2.427563, 102.0191033 2.4258788, 102.0215991 2.4240431, 102.0242706 2.4221217, 102.0268643 2.4201319, 102.0284401 2.418985, 102.030665 2.4173302, 102.0337509 2.4150818, 102.0360187 2.4134364, 102.0389637 2.4112202, 102.0409083 2.4097931, 102.043089 2.408141, 102.0455425 2.4063589, 102.0479451 2.4051825, 102.0507272 2.4038285, 102.0524311 2.4029951, 102.0559119 2.4013, 102.0581201 2.4002187, 102.06064 2.398992, 102.0628649 2.3979161, 102.0636468 2.3956918, 102.0645869 2.3929355, 102.065531 2.3901739, 102.0666663 2.3869386, 102.0676915 2.3839352, 102.068692 2.3809913, 102.0697179 2.3780608, 102.0707694 2.3750741, 102.071684 2.3723674, 102.0726965 2.3694463, 102.0735763 2.3666002, 102.070469 2.3657218, 102.0668279 2.364818, 102.064615 2.3624383, 102.0616592 2.3591527, 102.0601921 2.3575192, 102.05885232639457 2.3560197977589388, 102.0528626824267 2.3490186761617506)"
way/552780098-275,MY18-275,275.0,1843.3350719551768,75019.25,Al/St 240/40 3-bundle 300.0,"LINESTRING (102.91053949941212 5.0255775904440165, 102.91261894111791 5.028548978044472, 102.9127468 5.028654, 102.9158708 5.0307501, 102.9169842 5.0310106, 102.9193768 5.0316336, 102.9230714 5.0323561, 102.9243206 5.0326237, 102.9267308 5.0330837, 102.9308108 5.0339887, 102.9333274 5.0345228, 102.9391524 5.0358214, 102.9424376 5.0365987, 102.9483252 5.0377852, 102.9492563 5.0379947, 102.9518457 5.0385771, 102.9523448 5.037235, 102.9530588 5.0349419, 102.9540245 5.0321636, 102.9544502 5.0309232, 102.9556265 5.0274813, 102.9562353 5.0257328, 102.9573338 5.0225518, 102.9583115 5.0196964, 102.9593675 5.0166339, 102.9601939 5.0140742, 102.960788 5.0123201, 102.9614881 5.0103842, 102.9629593 5.006073, 102.9634742 5.0046074, 102.9647067 5.0009187, 102.9648395 4.9981599, 102.9649508 4.994884, 102.9650487 4.9926382, 102.9651479 4.9895413, 102.96527 4.9868746, 102.9653759 4.9842399, 102.9654698 4.9817228, 102.9655838 4.9789599, 102.965683 4.9765376, 102.9657742 4.9738468, 102.9681963 4.9726524, 102.970684 4.9713938, 102.9741146 4.969705, 102.9755717 4.9689542, 102.9781875 4.9676849, 102.9810575 4.9686549, 102.9859257 4.9705428, 102.9882498 4.9714393, 102.9896271 4.9717559, 102.991628 4.9693777, 102.9939294 4.9665987, 102.9958177 4.9643274, 102.9977958 4.9619665, 102.9995419 4.9598769, 103.001402 4.957643, 103.003694 4.9548612, 103.0054441 4.9528437, 103.0068979 4.9514435, 103.0095653 4.9496531, 103.0116709 4.9482502, 103.0151953 4.9459441, 103.0177568 4.9442552, 103.0213281 4.9420119, 103.0237904 4.9404379, 103.0266321 4.9385729, 103.0297852 4.936618, 103.0310136 4.9358003, 103.0344602 4.9335288, 103.0381469 4.931085, 103.0418417 4.9286933, 103.0451488 4.9265635, 103.047937 4.9247597, 103.0506232 4.9230508, 103.0522138 4.9220179, 103.0543944 4.9205949, 103.05742 4.9187189, 103.0589569 4.9177542, 103.0612917 4.9162363, 103.0629882 4.9151099, 103.0650482 4.9135586, 103.0674326 4.9117601, 103.0703482 4.9094579, 103.0729567 4.9075244, 103.0758534 4.9053117, 103.0788334 4.9029921, 103.0815967 4.9008876, 103.0829707 4.8998106, 103.0854296 4.8980308, 103.0876847 4.8963471, 103.0897701 4.8947798, 103.092003 4.8931188, 103.0938537 4.891669, 103.096379 4.8898237, 103.0981104 4.8884808, 103.1006867 4.8865446, 103.1033756 4.8844922, 103.1051606 4.883037, 103.1080601 4.8808763, 103.1111446 4.8784657, 103.1137584 4.8764306, 103.1161201 4.8738463, 103.1185167 4.871254, 103.120696 4.8683108, 103.1228098 4.8654561, 103.1241888 4.8635937, 103.1261998 4.8608778, 103.1275356 4.8590297, 103.1292307 4.8567367, 103.1306094 4.8548645, 103.1330341 4.8516441, 103.1371741 4.8460369, 103.1394915 4.8428886, 103.1407274 4.8412001, 103.1419297 4.8396146, 103.14326 4.8375446, 103.1454259 4.8341076, 103.1476562 4.8305997, 103.1498542 4.8271974, 103.1513724 4.8248801, 103.1530367 4.8222488, 103.1540036 4.8207575, 103.1554035 4.8185375, 103.1567959 4.8163636, 103.1579537 4.8145753, 103.1595735 4.8120148, 103.1607134 4.8102593, 103.1617751 4.8085501, 103.1631203 4.8065025, 103.1646624 4.8047277, 103.1663733 4.8027509, 103.1682232 4.8006588, 103.1700931 4.7984991, 103.1718938 4.7964508, 103.173683 4.7943665, 103.1755967 4.7921454, 103.1781127 4.7892895, 103.179132 4.7881186, 103.1802021 4.7868906, 103.1830377 4.7836431, 103.1836588 4.7829194, 103.1854834 4.7808486, 103.1869063 4.7792041, 103.1901903 4.7773015, 103.1934131 4.7754152, 103.1967328 4.773528, 103.1983622 4.7725638, 103.2021375 4.7703758, 103.2053465 4.7685358, 103.2103501 4.7656397, 103.213326 4.7638796, 103.2153417 4.7627797, 103.2179314 4.7612628, 103.219201 4.760509, 103.2214464 4.7592367, 103.2244706 4.7574338, 103.2279602 4.7554645, 103.2310863 4.7536742, 103.2345369 4.7516575, 103.2364125 4.7505442, 103.2383403 4.7501853, 103.2426714 4.7492645, 103.246102 4.7485782, 103.249218 4.7479006, 103.2514992 4.7474375, 103.2540259 4.7468955, 103.2577287 4.7461043, 103.2594734 4.7457247, 103.2625499 4.7450779, 103.2659765 4.7443508, 103.268774 4.7437721, 103.2715762 4.7432007, 103.2742377 4.7426294, 103.2757035 4.742342, 103.2784554 4.7417927, 103.281945 4.7410443, 103.2836432 4.7406767, 103.284821 4.7404509, 103.2879786 4.7397732, 103.2923801 4.7388885, 103.2943395 4.7384661, 103.2957999 4.7381741, 103.2969479 4.7362288, 103.2984674 4.733668, 103.301383 4.728809, 103.3027194 4.7265329, 103.304263 4.723946, 103.3057395 4.7214734, 103.3076513 4.7182777, 103.3090065 4.7161084, 103.3113628 4.7120807, 103.31204 4.7109827, 103.3134502 4.708647, 103.3179818 4.7053945, 103.3205916 4.7035259, 103.3239061 4.7012049, 103.3258273 4.6998276, 103.3287992 4.6978628, 103.3307223 4.6965021, 103.3323182 4.6953099, 103.3343272 4.6939071, 103.3370758 4.691703, 103.3385906 4.690488, 103.3414679 4.6881657, 103.3438236 4.6863038, 103.3466244 4.6840642, 103.3487079 4.6824209, 103.3507899 4.6807661, 103.3528405 4.6791241, 103.3551063 4.6773009, 103.357594 4.6753247, 103.3596781 4.6736659, 103.3610299 4.6725952, 103.36115 4.6714277, 103.3615214 4.6680874, 103.3617994 4.6655952, 103.3620974 4.6628871, 103.3624005 4.6600387, 103.3628646 4.6557934, 103.3632454 4.652314, 103.3636216 4.6485886, 103.3638811 4.646462, 103.3641802 4.6436175, 103.3645543 4.6402677, 103.3647367 4.6387305, 103.3671326 4.6369867, 103.3699764 4.6349228, 103.3726023 4.6330227, 103.3756641 4.630799, 103.3780217 4.6291001, 103.3800924 4.6275989, 103.3816802 4.6264366, 103.3841546 4.6265035, 103.3866289 4.6265783, 103.3891904 4.626638, 103.3927685 4.6267213, 103.3952972 4.6269185, 103.4005161 4.6273322, 103.406714 4.6278201, 103.4078157 4.6279003, 103.4096731 4.6280541, 103.4119195 4.6246334, 103.4133477 4.6224665, 103.4144153 4.620837, 103.4159066 4.6185552, 103.4173285 4.6163897, 103.4187061 4.6142916, 103.4201391 4.6121214, 103.4215017 4.6100334, 103.422942 4.6078277, 103.4243435 4.6056848, 103.425706 4.6036235, 103.4272939 4.6015462, 103.4288898 4.5995009, 103.4305273 4.5973747, 103.4321916 4.5952252, 103.4340115 4.5928664, 103.4350857 4.5913973, 103.4375909 4.5917127, 103.4400035 4.5919935, 103.4424081 4.592305, 103.4443863 4.592972, 103.44573667921114 4.593442766539126, 103.44903982401718 4.596487364923539)"
MY20-275,way/552589219-275,275.0,1843.3350719551768,116396.54,Al/St 240/40 3-bundle 300.0,"LINESTRING (100.59077157467573 4.390986907438285, 100.59589227581958 4.391547337292122, 100.6002322 4.3928311, 100.6036976 4.3938339, 100.6088158 4.3953097, 100.6122941 4.396297, 100.6163764 4.3974897, 100.6175137 4.3978401, 100.6188628 4.3982466, 100.6232831 4.3995115, 100.6258902 4.4003753, 100.6268772 4.4006213, 100.628162 4.4009423, 100.6299054 4.4004633, 100.6330093 4.3996106, 100.63667 4.3986049, 100.6397867 4.3977839, 100.6422409 4.3970886, 100.6450304 4.3963371, 100.6483644 4.3963478, 100.6596217 4.3963291, 100.6633231 4.3963826, 100.6671318 4.3963772, 100.6689799 4.3963933, 100.673604 4.3963745, 100.6754601 4.3963799, 100.6803659 4.3963933, 100.681192 4.3963879, 100.6829274 4.3963745, 100.6863606 4.3963933, 100.6897455 4.3963799, 100.6935087 4.3963799, 100.6971377 4.3963745, 100.7003832 4.3963826, 100.7036313 4.3963852, 100.7068661 4.3963772, 100.7102805 4.3963719, 100.7163209 4.3963638, 100.7189199 4.3941548, 100.7216611 4.3918255, 100.7245553 4.3893638, 100.7270886 4.3872083, 100.7293564 4.3852573, 100.7320762 4.3829039, 100.7346283 4.3807497, 100.7369806 4.3787827, 100.7392082 4.3768839, 100.7418729 4.374612, 100.7444639 4.3723681, 100.7470818 4.3701564, 100.7499598 4.3677, 100.7525803 4.3654521, 100.755123 4.3632818, 100.7579353 4.3608895, 100.7607247 4.3585391, 100.7630414 4.3565556, 100.7645177 4.3537392, 100.7662348 4.3505538, 100.7680079 4.3472055, 100.769777 4.3438852, 100.7724112 4.3419419, 100.7745791 4.3403441, 100.7762719 4.3391177, 100.7786384 4.3374854, 100.7811085 4.3358876, 100.7830604 4.3343675, 100.7856341 4.3326229, 100.7899238 4.3295728, 100.7904249 4.32942, 100.7916252 4.3293639, 100.7934411 4.3319675, 100.7952339 4.3345647, 100.7970259 4.3371606, 100.7986078 4.3395995, 100.8001123 4.3418567, 100.8016156 4.3441087, 100.8030854 4.3463736, 100.804973 4.3492139, 100.8060971 4.3508951, 100.8073683 4.3527962, 100.8071002 4.3583956, 100.8069889 4.3611021, 100.8068682 4.3638127, 100.8067743 4.3665219, 100.8066577 4.3696844, 100.8065276 4.372534, 100.8063076 4.3752752, 100.8060797 4.3777116, 100.8058329 4.3802268, 100.8059938 4.3823864, 100.8062017 4.3850969, 100.8064391 4.3877993, 100.8063868 4.3911556, 100.8063693 4.3942792, 100.806309 4.397344, 100.8062607 4.4004087, 100.8062097 4.4035082, 100.8061695 4.4065863, 100.8060582 4.4096551, 100.80603 4.4127318, 100.8059697 4.4157978, 100.8059388 4.4187957, 100.8058959 4.4219513, 100.8058543 4.4250881, 100.8058007 4.4280953, 100.8057471 4.4311572, 100.8056988 4.4342352, 100.8056357 4.4373132, 100.8046755 4.438423, 100.8030461 4.4402427, 100.8013013 4.4422163, 100.7990402 4.4447774, 100.7973464 4.4466567, 100.7956727 4.4485446, 100.7939333 4.4505154, 100.7915461 4.4532417, 100.7895854 4.4554385, 100.7871473 4.4581888, 100.7838535 4.4618643, 100.7805423 4.4655599, 100.7784985 4.4680147, 100.7763514 4.470543, 100.7743692 4.4728908, 100.772424 4.4751891, 100.7703727 4.4776198, 100.768058 4.4802257, 100.7657929 4.4827499, 100.7635559 4.4852889, 100.7613641 4.4877102, 100.7591158 4.490276, 100.757018 4.4926798, 100.7548964 4.4931196, 100.7519728 4.4937413, 100.7492262 4.4943443, 100.7462624 4.4949567, 100.7430786 4.4956198, 100.7404688 4.4961599, 100.7385457 4.4965824, 100.7352385 4.497299, 100.732111 4.4979542, 100.7288951 4.4986414, 100.7256778 4.4993165, 100.7232369 4.499838, 100.7205051 4.5004195, 100.7172905 4.5011174, 100.7142529 4.5017512, 100.7109538 4.5024999, 100.707778 4.5031376, 100.7049108 4.5037432, 100.7034677 4.5069199, 100.7022473 4.5097128, 100.7009532 4.5125912, 100.6996027 4.5156074, 100.6982106 4.5187304, 100.6970881 4.5212706, 100.6968467 4.5241998, 100.6965999 4.5271437, 100.6963572 4.5300689, 100.6960903 4.5330074, 100.6958181 4.5359513, 100.6955834 4.5388845, 100.6953514 4.5418203, 100.6955351 4.5451331, 100.6957175 4.5484352, 100.6959012 4.5516143, 100.6960715 4.5549177, 100.696262 4.5581977, 100.6964403 4.5614844, 100.6971404 4.564237, 100.6978016 4.5668732, 100.6985177 4.5696699, 100.699207 4.5723837, 100.6999876 4.5754464, 100.6998508 4.5805504, 100.6997797 4.5833577, 100.6996563 4.5892504, 100.6994645 4.5969717, 100.6994042 4.5984315, 100.7005227 4.6012975, 100.7016465 4.6042211, 100.7026805 4.6067583, 100.7037 4.6094209, 100.7048491 4.6124222, 100.7060198 4.6155101, 100.7072027 4.618602, 100.7083842 4.6216765, 100.7106668 4.6276236, 100.7118309 4.6307088, 100.712948 4.6336055, 100.7140893 4.6366118, 100.7152198 4.6393988, 100.7151756 4.6419185, 100.7150897 4.6452643, 100.7150857 4.6480593, 100.7150368 4.6516557, 100.7149824 4.654843, 100.7149543 4.6581205, 100.7149315 4.6610425, 100.7148913 4.6625623, 100.7148416 4.6655524, 100.714792 4.6687697, 100.7139002 4.6708001, 100.71272 4.6735149, 100.7115506 4.6762135, 100.7105548 4.6784932, 100.7094571 4.6810228, 100.7083681 4.6835222, 100.7072912 4.6860191, 100.7084593 4.6891107, 100.7096824 4.6923493, 100.7107747 4.6952196, 100.7118785 4.6981829, 100.7129842 4.7011067, 100.714092 4.7040646, 100.7145573 4.7076733, 100.7151152 4.7111324, 100.7143092 4.7147024, 100.7134657 4.7184287, 100.712665 4.721849, 100.7122593 4.7236145, 100.7116988 4.7260751, 100.71099 4.7291639, 100.7103959 4.7318196, 100.7098447 4.7342026, 100.7091808 4.7370842, 100.7084975 4.7400192, 100.7077988 4.7430911, 100.7066884 4.7457194, 100.7056363 4.7481979, 100.7043817 4.7511082, 100.7033055 4.7536127, 100.703512 4.7566934, 100.7037158 4.7596296, 100.7039163 4.7623393, 100.704088 4.7650423, 100.7042885 4.7677353, 100.7036374 4.770759, 100.7029695 4.7738229, 100.7024324 4.7764784, 100.7017887 4.7793451, 100.6990863 4.7807944, 100.6964283 4.7822117, 100.6937736 4.783631, 100.6911403 4.785041, 100.6882642 4.7865802, 100.6855968 4.7879971, 100.6829381 4.7894204, 100.6801473 4.7909326, 100.677634 4.7922977, 100.6749552 4.7936883, 100.6731735 4.7962041, 100.6713275 4.7988294, 100.6694318 4.8015096, 100.6675248 4.8042145, 100.6656325 4.8069046, 100.6637295 4.8095934, 100.6620611 4.8119535, 100.6601474 4.814657, 100.661235 4.8175555, 100.662277 4.8203699, 100.6633218 4.8232598, 100.666069 4.8241585, 100.6688042 4.8250786, 100.6715897 4.826006, 100.6742115 4.8268726, 100.6742075 4.830156, 100.6742028 4.8332911, 100.6742142 4.8363192, 100.6742377 4.8392384, 100.674233 4.8425438, 100.6738494 4.8452071, 100.6734605 4.8479772, 100.6730635 4.8507541, 100.6726746 4.8535242, 100.672294 4.8563102, 100.670493 4.8587715, 100.66895 4.860869, 100.6672708 4.8631653, 100.6655901 4.8654734, 100.6643534 4.8671344, 100.6618668 4.87057, 100.6599906 4.8731345, 100.6582923 4.8754591, 100.6562512 4.8774572, 100.6542854 4.8793906, 100.652086 4.8815538, 100.6499335 4.8836731, 100.6476215 4.8859473, 100.6431851 4.8903101, 100.641498 4.8919724, 100.6394045 4.8940341, 100.6371863 4.8961734, 100.6352062 4.8981463, 100.6335761 4.8997525, 100.6318018 4.9015022, 100.629876 4.9033943, 100.6275116 4.9057072, 100.6251311 4.9080643, 100.623088 4.9100739, 100.6207202 4.9123788, 100.6177349 4.9124429, 100.6152257 4.9124763, 100.6122874 4.9120768, 100.6093061 4.9116773, 100.6065327 4.9113219, 100.6036869 4.9109277, 100.6027266 4.9136455, 100.6022022 4.9151197, 100.6018174 4.9162016, 100.6009148 4.9187644, 100.5999733 4.921446, 100.5989769 4.92426, 100.597953 4.9271568, 100.5969394 4.9300579, 100.5959158 4.9329523, 100.5940779 4.9344294, 100.593866 4.9372994, 100.5936715 4.9400946, 100.5916679 4.9421148, 100.5895677 4.9442325, 100.5875359 4.9462688, 100.5854747 4.948321, 100.5859856 4.951521, 100.5864054 4.9542039, 100.5868238 4.9568934, 100.5872476 4.9595709, 100.5876888 4.9623233, 100.5880979 4.9649086, 100.5884144 4.9668986, 100.588991 4.9705668, 100.5895074 4.9738281, 100.5877532 4.9762477, 100.5860031 4.9786513, 100.5858971 4.9808157, 100.5857818 4.9833194, 100.5856557 4.9862293, 100.5861975 4.9871685, 100.5876955 4.9897484, 100.5893545 4.9926128, 100.5909108 4.9952968, 100.5925731 4.9981412, 100.5940483 5.0006863, 100.5956274 5.0034664, 100.5971718 5.0061477, 100.5986494 5.0056009, 100.5995004 5.0052781, 100.6001235 5.0050407, 100.6007839 5.0048027, 100.6028862 5.0040073, 100.60413627228385 5.006225233290846, 100.605935 5.0091561891095475)"
MY1-275,way/326097227-275,275.0,1843.3350719551768,40314.03,Al/St 240/40 3-bundle 300.0,"LINESTRING (100.28679302615997 6.409194494821051, 100.2929529828613 6.40305670065018, 100.2947398 6.4011479, 100.2969791 6.3988688, 100.2976755 6.3957736, 100.2983764 6.3927016, 100.2990098 6.3899179, 100.3004422 6.3877074, 100.3018446 6.3855354, 100.3033054 6.3833238, 100.3051493 6.380489, 100.3070392 6.377695, 100.308735 6.3750798, 100.3101651 6.3728631, 100.3116464 6.3706208, 100.313332 6.3680669, 100.3153291 6.3650788, 100.3169942 6.3625045, 100.3184193 6.3603439, 100.3205135 6.3585766, 100.3226792 6.3567889, 100.3246354 6.3551187, 100.3269084 6.3532544, 100.3294973 6.3510512, 100.3322514 6.3487539, 100.3350074 6.3464655, 100.3373951 6.344453, 100.3396328 6.3425783, 100.3412712 6.3411906, 100.3432794 6.3395187, 100.3438867 6.3373774, 100.344792 6.334334, 100.3457119 6.3313554, 100.3466972 6.3281462, 100.3476749 6.3249091, 100.3485513 6.3220072, 100.3493487 6.3193205, 100.3502571 6.316283, 100.351038 6.3137635, 100.3518149 6.3111781, 100.3525917 6.3084612, 100.3534759 6.3053675, 100.3542991 6.3027858, 100.3550099 6.3004264, 100.3562866 6.2990148, 100.3581467 6.2969353, 100.3603053 6.2945193, 100.3625603 6.2919884, 100.3633529 6.2886945, 100.3641597 6.2854318, 100.3649931 6.2819373, 100.3656368 6.2793032, 100.3663556 6.2763385, 100.3671201 6.2732298, 100.3678223 6.2703639, 100.3685086 6.2675628, 100.3692488 6.2644955, 100.370001 6.261409, 100.3706874 6.2585551, 100.3713472 6.2557582, 100.3720902 6.2527267, 100.3726937 6.2502804, 100.3738403 6.2474808, 100.3750031 6.2446852, 100.3761537 6.2419229, 100.3770348 6.2397619, 100.3781158 6.2371369, 100.3791685 6.2345665, 100.3801945 6.2320895, 100.3811594 6.2297464, 100.3822236 6.22721, 100.3832978 6.2245676, 100.3849983 6.2219239, 100.3866774 6.2192868, 100.388398 6.2166617, 100.389943 6.2142112, 100.3916395 6.2115608, 100.3930597 6.2093463, 100.3912023 6.2077237, 100.3889211 6.2056839, 100.3864762 6.20353, 100.3840904 6.2014241, 100.3817274 6.1993256, 100.3794475 6.1973483, 100.3775498 6.1956218, 100.3751707 6.1943378, 100.3725341 6.1929165, 100.3700189 6.1915306, 100.3673179 6.190018, 100.3647329 6.1885874, 100.3623256 6.1872514, 100.359752 6.1860368, 100.357275 6.1848715, 100.354743 6.1837022, 100.3532973 6.1808849, 100.3521815 6.1787209, 100.3529797 6.1763503, 100.3540627 6.1732616, 100.3552944 6.1696873, 100.3561972 6.1670673, 100.35708 6.1644208, 100.3579678 6.1618292, 100.3588576 6.1592315, 100.3597393 6.1566575, 100.3606097 6.1541021, 100.3582902 6.151874, 100.3563577 6.1499579, 100.3543628 6.1480032, 100.3520836 6.1457751, 100.3496629 6.1434063, 100.3469834 6.1429002, 100.3456161 6.1412755, 100.3438184 6.1391374, 100.3444138 6.1371773, 100.344957 6.1353838, 100.3455511 6.1334863, 100.3440061 6.1309541, 100.3437122 6.1279913, 100.3434053 6.1248977, 100.3431331 6.1220921, 100.3441148 6.1198174, 100.3453378 6.1169836, 100.3464657 6.1143486, 100.3464121 6.1108616, 100.3477585 6.1091214, 100.3472529 6.1069211, 100.3467661 6.1047815, 100.3462578 6.1025459, 100.346396 6.0998909, 100.3465462 6.0973826, 100.3467138 6.0945702, 100.3496991 6.0928793, 100.35034266451562 6.092520279201872, 100.35647532264908 6.088248207179622)"
way/313430364-275,way/755036990-275,275.0,1843.3350719551768,37241.48,Al/St 240/40 3-bundle 300.0,"LINESTRING (101.06914857559588 4.463380062261521, 101.07393989293287 4.457271174920928, 101.0757044 4.4561323, 101.0776315 4.4549279, 101.0802813 4.4532787, 101.0830238 4.4515801, 101.0868801 4.4491032, 101.090633 4.446723, 101.0937688 4.4448088, 101.0966738 4.4442351, 101.0988756 4.4438076, 101.101036 4.4433946, 101.1042216 4.4428127, 101.1072785 4.443484, 101.1107073 4.4442169, 101.1138935 4.4422586, 101.1170231 4.4403632, 101.1199047 4.4397565, 101.1226586 4.4392172, 101.1253236 4.4386855, 101.1269531 4.4360076, 101.1284537 4.4336195, 101.1304123 4.4304103, 101.1321735 4.4276573, 101.1340391 4.4264635, 101.1370853 4.4244591, 101.139631 4.4228801, 101.1414306 4.4216549, 101.144138 4.4198955, 101.1463069 4.4184814, 101.1469849 4.4164191, 101.1477376 4.4140032, 101.1485662 4.4114738, 101.1494007 4.4089588, 101.1502763 4.4062211, 101.1510661 4.4036729, 101.1527315 4.4020454, 101.1544785 4.4003786, 101.1562255 4.3986186, 101.1584529 4.3978768, 101.1614502 4.3969002, 101.1644371 4.3959413, 101.1672324 4.3950391, 101.1728612 4.3931173, 101.1791091 4.3910598, 101.1817073 4.3902898, 101.1835282 4.390144, 101.1864259 4.3899084, 101.1897734 4.3896233, 101.1927065 4.389367, 101.1965916 4.3890275, 101.2002231 4.3887162, 101.2033217 4.3884589, 101.2050161 4.3883205, 101.2061188 4.3860039, 101.2074102 4.3832601, 101.2089931 4.3820875, 101.2103363 4.3810473, 101.2128373 4.3791715, 101.2168057 4.3761459, 101.2188374 4.3746038, 101.2200579 4.3736683, 101.2216996 4.3712405, 101.2232696 4.3689667, 101.2262055 4.3646384, 101.2285626 4.3615346, 101.2305527 4.3587155, 101.2319833 4.3567057, 101.2343255 4.3533535, 101.2345812 4.3504716, 101.234966 4.3469476, 101.2351715 4.3450663, 101.2372008 4.3413826, 101.2387339 4.3386841, 101.2395991 4.337098, 101.2414191 4.3339368, 101.2425818 4.3297017, 101.2433566 4.3267711, 101.2438178 4.3251567, 101.2450723 4.3206959, 101.2454581 4.3192886, 101.2461995 4.3165897, 101.2474876 4.3120322, 101.2483693 4.3089065, 101.2489644 4.3066555, 101.2496884 4.304003, 101.2505558 4.3005835, 101.251072 4.2986622, 101.2508391 4.2954074, 101.250563 4.2916009, 101.2502261 4.2871777, 101.2500469 4.2850701, 101.2498676 4.2827832, 101.2496024 4.2796934, 101.249459 4.2774209, 101.2491854 4.2744227, 101.248876 4.27097, 101.2487142 4.2685369, 101.2506059 4.2666593, 101.2526162 4.2646744, 101.2546145 4.2627031, 101.2557771 4.2615405, 101.2593184 4.2579992, 101.2612027 4.2561044, 101.2654466 4.2518899, 101.2676195 4.2497099, 101.2686111 4.2487395, 101.2677397 4.2459254, 101.26672 4.2427469, 101.265882 4.2400587, 101.2653488 4.2383026, 101.2647348 4.2363269, 101.264083 4.2341959, 101.2659113 4.2329442, 101.2685202 4.2311932, 101.2705103 4.2298782, 101.2725988 4.2284789, 101.2738505 4.2276139, 101.2765227 4.2258418, 101.2798559 4.2236549, 101.2820732 4.2221731, 101.2843916 4.220603, 101.2856191713691 4.21978984120795, 101.29096067362497 4.213436134578407)"
way/313430364-275,way/317190502-275,275.0,1843.3350719551768,7342.89,Al/St 240/40 3-bundle 300.0,"LINESTRING (101.03169661691824 4.516747102439967, 101.03397111906953 4.5102337985285565, 101.0348649 4.5095896, 101.0366775 4.5082362, 101.0381896 4.5070843, 101.0389816 4.5041456, 101.0397146 4.5014396, 101.040352 4.4991923, 101.0410553 4.4965793, 101.0412403 4.4939662, 101.0411145 4.4912865, 101.0411151 4.4893005, 101.040885 4.486586, 101.040911 4.4846704, 101.0420284 4.4836118, 101.0427283 4.4834118, 101.0446681 4.482052, 101.0470334 4.4806358, 101.0497338 4.4789373, 101.0521458 4.4783347, 101.0550957 4.4776229, 101.0583171 4.476868, 101.0615682 4.4761132, 101.0646569 4.4753391, 101.0655829 4.4730241, 101.0662280386864 4.470184144551131, 101.06914857559588 4.463380062261521)"
way/553040556-275,MY23-275,275.0,1843.3350719551768,79509.52,Al/St 240/40 3-bundle 300.0,"LINESTRING (101.94756459999996 3.4780425923271916, 101.9521288118829 3.475787921612124, 101.9551932 3.4742055, 101.9586918 3.472515, 101.9625993 3.4705436, 101.9654243 3.4683203, 101.9680607 3.4662458, 101.9713035 3.4636493, 101.9750434 3.4607785, 101.9770431 3.4592551, 101.9799303 3.4569673, 101.9823189 3.4550035, 101.9848196 3.4530128, 101.988619 3.4499688, 101.9902733 3.4486319, 101.9920034 3.4472366, 101.9935836 3.4459701, 101.9964959 3.443622, 101.9982599 3.4422887, 102.000354 3.440545, 102.0030168 3.4384025, 102.0048206 3.4369031, 102.0060007 3.4349647, 102.0076114 3.4323877, 102.0085113 3.4308576, 102.0097759 3.428879, 102.0112579 3.4264787, 102.0126244 3.4242183, 102.0165807 3.4241413, 102.0190242 3.4241119, 102.0217922 3.4240476, 102.0250592 3.423978, 102.0279667 3.4239726, 102.0313436 3.4239057, 102.0346695 3.4238977, 102.0377889 3.4238388, 102.0409325 3.4237745, 102.0435007 3.4237515, 102.0466254 3.4236593, 102.0493667 3.4236555, 102.0518906 3.423652, 102.0541008 3.4253662, 102.0568568 3.4275845, 102.0584433 3.4288308, 102.0605569 3.4305216, 102.0635395 3.4329085, 102.0660192 3.4348918, 102.0681965 3.4366374, 102.0708096 3.4387023, 102.0723492 3.4399634, 102.074394 3.4415929, 102.0786081 3.4449513, 102.0808299 3.4467121, 102.0831286 3.4485338, 102.0854679 3.4503877, 102.0883667 3.4526996, 102.0906633 3.4545001, 102.0925134 3.4559974, 102.0941334 3.4573461, 102.0966446 3.4594685, 102.09907 3.4614846, 102.101073 3.4631237, 102.1055402 3.4665627, 102.108563 3.4688927, 102.1111594 3.4698665, 102.1136405 3.4707929, 102.1172628 3.4721516, 102.1209156 3.4735358, 102.1229377 3.4743238, 102.1253827 3.4752585, 102.1277881 3.4761332, 102.1299392 3.4769564, 102.1323224 3.4778545, 102.1347907 3.4787834, 102.1375216 3.4798012, 102.1395012 3.4812864, 102.1416676 3.4828668, 102.1436306 3.4842785, 102.1457256 3.4858142, 102.1481532 3.4875961, 102.1509491 3.4896615, 102.1528977 3.4910462, 102.1544833 3.4922388, 102.1559777 3.4933138, 102.1588365 3.495391, 102.1618824 3.4956174, 102.1655352 3.4958535, 102.1684137 3.4960187, 102.1713669 3.4962178, 102.1741707 3.4964577, 102.1769837 3.4966116, 102.1794299 3.4967315, 102.1824352 3.4969805, 102.1859066 3.4972, 102.1885521 3.4973561, 102.1918787 3.4975779, 102.1943091 3.4977386, 102.1963571 3.4979083, 102.1991067 3.4968696, 102.2020124 3.4957539, 102.2046397 3.4947401, 102.2096242 3.495298, 102.2129084 3.4957228, 102.2160214 3.4960843, 102.2192216 3.4964744, 102.221936 3.4968174, 102.2244227 3.4971331, 102.2264664 3.4973927, 102.2292546 3.4977282, 102.2327776 3.4981636, 102.2349715 3.4984422, 102.2369536 3.4987244, 102.2404418 3.4991836, 102.2434673 3.4995451, 102.2461862 3.4991375, 102.2496589 3.4987827, 102.2517594 3.4991767, 102.2536165 3.4995759, 102.2565307 3.5000676, 102.2588798 3.5005202, 102.2625093 3.5012194, 102.2649335 3.5017259, 102.2673901 3.5021899, 102.2697331 3.5026533, 102.2731144 3.5032943, 102.2764992 3.5039545, 102.2788169 3.5044226, 102.2807404 3.5047861, 102.2839265 3.5054062, 102.2880415 3.5062072, 102.2913242 3.5068462, 102.2939757 3.5073496, 102.2968184 3.5078893, 102.3004197 3.5086299, 102.3031498 3.5091817, 102.3058653 3.5097335, 102.3083049 3.5082451, 102.3113616 3.5064372, 102.3143966 3.5046365, 102.3169378 3.5031263, 102.3201979 3.5017903, 102.3226665 3.5007883, 102.3261209 3.4993369, 102.3288585 3.4982548, 102.3319312 3.496991, 102.3338044 3.4955752, 102.3355034 3.49429, 102.3377034 3.493455, 102.339947 3.4925838, 102.3425536 3.4916326, 102.3438024 3.4911607, 102.345712 3.4904055, 102.348349 3.4893609, 102.3494951 3.4893249, 102.3533648 3.4902603, 102.3558479 3.4888808, 102.3588902 3.4873488, 102.3608796 3.4863105, 102.3627383 3.4870511, 102.3659766 3.4882782, 102.3672327 3.4888372, 102.3699119 3.4899118, 102.371492 3.4905433, 102.3739986 3.4915741, 102.3767472 3.4926369, 102.3788789 3.4935164, 102.3809129 3.494286, 102.3827758 3.4933637, 102.3861107 3.4917268, 102.3886166 3.4904264, 102.390881 3.4892653, 102.3930066 3.4881903, 102.3953154 3.4870542, 102.3975937 3.4859059, 102.4003301 3.4844644, 102.4036406 3.4827908, 102.4055524 3.4818563, 102.4079467 3.4806103, 102.409969 3.4796026, 102.4118653 3.4786576, 102.4152396 3.4769761, 102.4176095 3.4757545, 102.4207123 3.4741969, 102.4233693 3.4728349, 102.4262522 3.4713506, 102.4283415 3.4702659, 102.430595 3.4690724, 102.4327511 3.4680523, 102.4351195 3.4668316, 102.4376713 3.4655811, 102.4412833 3.463683, 102.4441639 3.4622214, 102.4469659 3.4607706, 102.4495872 3.4594645, 102.4523957 3.458037, 102.4551542 3.4566858, 102.4578792 3.4551252, 102.460674 3.4537076, 102.4625784 3.4527384, 102.4653853 3.4513274, 102.4677014 3.4501307, 102.470621 3.4486461, 102.4735486 3.4502726, 102.4763891 3.4518549, 102.4792939 3.4534345, 102.4823946 3.4552042, 102.4855784 3.4569124, 102.4881063 3.4583032, 102.4917367 3.460828, 102.4951243 3.4630756, 102.4982089 3.4651317, 102.5001883 3.4664757, 102.5035693 3.4687688, 102.5049707 3.4696872, 102.50625938361556 3.4705571609122785, 102.50869320526797 3.4758832155581336)"
MY3-275,way/552820941-275,275.0,1843.3350719551768,57191.8,Al/St 240/40 3-bundle 300.0,"LINESTRING (102.16342160847037 5.723330843625896, 102.16657263121964 5.7249041757858725, 102.1685031 5.7253516, 102.1716619 5.7261392, 102.1743806 5.7268201, 102.1771055 5.7275007, 102.1802458 5.7283063, 102.1827222 5.7288806, 102.1853479 5.7295445, 102.188529 5.7295782, 102.1917714 5.7296481, 102.1949815 5.7296857, 102.1984013 5.7297771, 102.2012726 5.7301643, 102.2038267 5.7305729, 102.2066067 5.7309386, 102.2093759 5.7313849, 102.2121504 5.731772, 102.2149304 5.7321538, 102.2171242 5.7317398, 102.2197751 5.7311967, 102.2222137 5.7307727, 102.2249481 5.7302289, 102.2275628 5.7301741, 102.2304133 5.7300535, 102.2328855 5.7299548, 102.2357195 5.7297903, 102.2381424 5.7297026, 102.2410422 5.7295875, 102.2435199 5.7294889, 102.2460799 5.7294011, 102.2489742 5.7292586, 102.2512162 5.7291874, 102.2540173 5.7290558, 102.2568513 5.7289626, 102.2590495 5.728853, 102.263702 5.7286191, 102.2676026 5.7285185, 102.2697653 5.7284067, 102.2716044 5.729081, 102.2753368 5.7304017, 102.2781422 5.7314076, 102.2806402 5.73314, 102.2826575 5.7344253, 102.2847867 5.7358615, 102.2863626 5.7369512, 102.2918615 5.7406451, 102.2943384 5.7422993, 102.2976398 5.7445458, 102.3007692 5.7466134, 102.3034278 5.7484224, 102.3051027 5.7495447, 102.309753 5.7527528, 102.3141211 5.7556006, 102.3162119 5.7553044, 102.319237 5.7549284, 102.3222375 5.7545984, 102.325441 5.7541365, 102.3278851 5.7538174, 102.3312577 5.7534244, 102.3327275 5.7553613, 102.3342582 5.757351, 102.3357868 5.7593379, 102.3371427 5.7610641, 102.3392107 5.7624484, 102.3418086 5.7641917, 102.3440988 5.7657584, 102.3462295 5.7671941, 102.3485197 5.7687379, 102.350901 5.7703331, 102.3526614 5.7716947, 102.3549003 5.7733924, 102.3572931 5.7752269, 102.3596552 5.7769702, 102.3611304 5.7800658, 102.3626114 5.7831904, 102.3640844 5.7863499, 102.3655616 5.7895065, 102.3677234 5.7913198, 102.3700838 5.7932958, 102.3722912 5.795077, 102.3736169 5.7968783, 102.3744819 5.7980264, 102.3773915 5.7989403, 102.3802601 5.7998336, 102.3828679 5.8006382, 102.3854461 5.801446, 102.388013 5.8022539, 102.3908696 5.8031345, 102.3934384 5.8039491, 102.3955849 5.8046115, 102.395483 5.8049718, 102.3990691 5.8060872, 102.4019967 5.8069998, 102.4048834 5.8071759, 102.4074228 5.807348, 102.410675 5.8075435, 102.4123829 5.8081525, 102.4148042 5.8089998, 102.4171525 5.8097936, 102.4197221 5.8106435, 102.4194418 5.8129997, 102.4191253 5.815436, 102.4187645 5.8182151, 102.4183984 5.8210836, 102.4179947 5.8241376, 102.4176621 5.8267446, 102.4173295 5.8294183, 102.418094 5.8308445, 102.4193741 5.8332667, 102.4183434 5.8354787, 102.417587 5.8371127, 102.4182408 5.8390182, 102.4169688 5.8411962, 102.4155673 5.843619, 102.4141444 5.8460391, 102.4128228 5.8483111, 102.4114113 5.8507239, 102.4103625 5.8532007, 102.4113073 5.8550244, 102.4123145 5.8569455, 102.4134759 5.8576339, 102.4162057 5.8592108, 102.4173886 5.8598919, 102.4169326 5.8622018, 102.4164122 5.8648674, 102.4158812 5.8676249, 102.4153219 5.8705465, 102.4147466 5.8734801, 102.414186 5.8764251, 102.4136831 5.8790859, 102.4157779 5.8797635, 102.4178405 5.8804319, 102.4200547 5.8809068, 102.4209871 5.8813543, 102.4219725 5.8818273, 102.4241209 5.8828132, 102.4264075 5.8839004, 102.4289422 5.885089, 102.4294947 5.8878785, 102.4300472 5.890712, 102.4306595 5.8937242, 102.4312569 5.8967644, 102.4318349 5.8996805, 102.4337822 5.9022512, 102.4358167 5.9049098, 102.4377787 5.9075044, 102.4395356 5.9097948, 102.4409102 5.9115964, 102.4425182 5.9137527, 102.4433322 5.9158764, 102.444035 5.9177266, 102.4460895 5.9187411, 102.44727785355799 5.919332461583919, 102.45115818038785 5.921222905888038)"
way/1281913246-275,way/316035698-275,275.0,1843.3350719551768,18834.18,Al/St 240/40 3-bundle 300.0,"LINESTRING (100.63647901864167 4.396662496985535, 100.64123207140987 4.397166361726175, 100.6421739 4.3969067, 100.6450063 4.3961633, 100.6484449 4.3961472, 100.6595519 4.3961552, 100.6632748 4.396182, 100.6670701 4.3962007, 100.6689236 4.39619, 100.6736603 4.3961766, 100.6755835 4.3961954, 100.6794459 4.3961659, 100.6808782 4.3962167, 100.682871 4.3961927, 100.6862989 4.3962194, 100.6896973 4.3962061, 100.6934658 4.39619, 100.6971779 4.3961927, 100.7003725 4.3962087, 100.703575 4.3962114, 100.7068929 4.396182, 100.7103181 4.3961873, 100.716235 4.396182, 100.7187805 4.3940425, 100.7205181 4.3925699, 100.7217121 4.3915581, 100.7245539 4.3891204, 100.7267949 4.387227, 100.7289407 4.3853736, 100.7313573 4.3833238, 100.7340825 4.380981, 100.7367875 4.3787038, 100.7391411 4.376706, 100.741881 4.3743726, 100.7443285 4.3722652, 100.7468297 4.370115, 100.7496285 4.3677508, 100.7523027 4.3654481, 100.7549983 4.3631641, 100.7576564 4.3608855, 100.760384 4.3585619, 100.762837 4.3564041, 100.7644041 4.3536181, 100.7660937 4.3504424, 100.7679473 4.3468951, 100.7696302 4.3437211, 100.7723249 4.3417778, 100.7743545 4.3403096, 100.77451312964823 4.340192325128918, 100.78849054897425 4.327021554907294)"
way/316035698-275,way/552589219-275,275.0,1843.3350719551768,25225.06,Al/St 240/40 3-bundle 300.0,"LINESTRING (100.59077157467573 4.390986907438285, 100.59603898471441 4.391127831793071, 100.600259 4.3924085, 100.6039631 4.3934916, 100.6069028 4.3943474, 100.609112 4.3950001, 100.6121022 4.3958836, 100.6160054 4.3970367, 100.6174573 4.3974657, 100.6192866 4.3980005, 100.6233072 4.3991745, 100.625791 4.399934, 100.6271401 4.4002897, 100.6281888 4.4005358, 100.6302147 4.3999802, 100.6333568 4.3991186, 100.6350411 4.3986175, 100.6364393 4.3982733, 100.6393576 4.3974737, 100.6420585 4.3967543, 100.6449848 4.3959814, 100.64841 4.3959386, 100.6593829 4.3959573, 100.6631353 4.3959841, 100.6668743 4.3960135, 100.6689101 4.3960162, 100.6715575 4.3960028, 100.6745133 4.3960001, 100.6756854 4.3960108, 100.6795263 4.3959787, 100.6809828 4.3960162, 100.6831446 4.3960376, 100.6861594 4.3960215, 100.6897536 4.3960215, 100.6933504 4.3960215, 100.6966227 4.3960135, 100.6999138 4.3960269, 100.7034436 4.3960082, 100.7067695 4.3959948, 100.710066 4.3959975, 100.7161814 4.3959894, 100.7187134 4.3938393, 100.7212803 4.3916811, 100.7238646 4.3894708, 100.7268861 4.386898, 100.7293497 4.384784, 100.7318884 4.3826097, 100.7344177 4.3804568, 100.7367566 4.3784965, 100.7391384 4.3764613, 100.7418099 4.3741814, 100.7442749 4.3720646, 100.7469651 4.3698208, 100.7495548 4.3675448, 100.7518923 4.3655631, 100.7549809 4.3629114, 100.7576524 4.3606475, 100.7603916 4.3583044, 100.7626931 4.3562679, 100.7642603 4.3534742, 100.7659451 4.3503235, 100.7677959 4.3467967, 100.7694661 4.3436175, 100.7720917 4.3416915, 100.7742509 4.340085, 100.77438805035715 4.3399864694320405, 100.78849054897425 4.327021554907294)"
way/317190502-275,MY21-275,275.0,1843.3350719551768,45367.84,Al/St 240/40 3-bundle 300.0,"LINESTRING (100.89358957528808 4.794662589968874, 100.89467440511919 4.789469161789238, 100.8947957 4.7882464, 100.895184 4.7846253, 100.8954616 4.7821055, 100.8957365 4.7794065, 100.8960275 4.7765973, 100.8962082 4.7752714, 100.8968577 4.7704149, 100.897315 4.7671272, 100.89761 4.765041, 100.8980446 4.7619337, 100.8984435 4.7591993, 100.8989806 4.7554624, 100.8993749 4.7526772, 100.8997759 4.7496968, 100.9002788 4.7461671, 100.9006128 4.7440113, 100.900995 4.7412835, 100.9014872 4.7376027, 100.9002681 4.7351382, 100.898864 4.7322366, 100.8973378 4.7292213, 100.8960772 4.7267541, 100.8945713 4.7236539, 100.8931576 4.7208439, 100.8933306 4.7150365, 100.8933587 4.7132335, 100.8934405 4.7106165, 100.8935371 4.7066762, 100.8935854 4.7041849, 100.8937356 4.7005707, 100.893804 4.6981996, 100.8928934 4.6953606, 100.8921692 4.6936632, 100.8904231 4.6893726, 100.8907369 4.6852772, 100.8909702 4.6830183, 100.8919412 4.6756802, 100.8927184 4.6708395, 100.89058 4.6672045, 100.8891154 4.6646861, 100.8866665 4.6604753, 100.8847475 4.6571755, 100.88064 4.6498815, 100.8683935 4.6424246, 100.8648864 4.6403691, 100.8627577 4.6343856, 100.8597385 4.6237116, 100.8629712 4.6197958, 100.86772 4.6024848, 100.8792862 4.5895181, 100.8808729 4.5876895, 100.8829779 4.5853736, 100.8861514 4.5819379, 100.8896464 4.5781128, 100.8958071 4.5716559, 100.9003514 4.5668492, 100.9018394 4.5633297, 100.9024953 4.5617357, 100.9041889 4.5577589, 100.9050191 4.5559158, 100.905675 4.5543633, 100.9068788 4.5515489, 100.9084231 4.5512168, 100.9114344 4.5506311, 100.9166474 4.5494805, 100.9193009 4.5488582, 100.9219075 4.5482946, 100.9270501 4.5471205, 100.9450287 4.5431678, 100.9533222 4.5413479, 100.9583789 4.540219, 100.9621225 4.5394357, 100.9687343 4.5379729, 100.9745283 4.5367058, 100.9769587 4.536245, 100.9801808 4.5376214, 100.9851644 4.536627, 100.9932669 4.5387515, 101.004285 4.531779, 101.0095511 4.5276769, 101.014399 4.5239703, 101.0220544 4.5185498, 101.0255769 4.5178806, 101.02642702552808 4.517717024658445, 101.03169661691824 4.516747102439967)"
way/551727678-275,MY19-275,275.0,1843.3350719551768,5534.48,Al/St 240/40 3-bundle 300.0,"LINESTRING (100.60573879999998 5.018890289089613, 100.60964092754786 5.0187990798417355, 100.6122956 5.0187494, 100.6158765 5.0186821, 100.6237831 5.0185475, 100.624285 5.0154996, 100.6279203 5.015427, 100.6311472 5.0153181, 100.6335889 5.01525, 100.6376752 5.0151338, 100.6397227 5.0150696, 100.6418136253276 5.015022712366088, 100.64738861076476 5.014020676718407)"
MY13-275,MY11-275,275.0,1843.3350719551768,15327.52,Al/St 240/40 3-bundle 300.0,"LINESTRING (100.45699334502895 5.267922830357451, 100.46069321152767 5.261589235615974, 100.4617739 5.2599915, 100.4635754 5.2573608, 100.465341 5.25472, 100.4670967 5.2521227, 100.4695344 5.2527104, 100.4716746 5.2532473, 100.4737931 5.2524202, 100.4755415 5.2517672, 100.4778849 5.2526669, 100.4805879 5.2540287, 100.4828086 5.2551532, 100.4852713 5.2531603, 100.4863674 5.2536728, 100.4920615 5.2563205, 100.4943747 5.2551319, 100.4968018 5.2538863, 100.4991933 5.252655, 100.5015991 5.2514307, 100.5036206 5.2502791, 100.5056496 5.2490753, 100.5076916 5.2479259, 100.5090253 5.2496297, 100.5100608 5.251152, 100.5118687 5.251658, 100.5138042 5.2503628, 100.515068 5.2493864, 100.5164035 5.2491389, 100.518106 5.248798, 100.5193109 5.2485877, 100.5209939 5.2482412, 100.5223305 5.2479985, 100.5241316 5.2488991, 100.526683 5.2501908, 100.5270452 5.2519939, 100.5277198 5.2548914, 100.5284259 5.258133, 100.5291666 5.2605228, 100.5298504 5.2629866, 100.530636 5.2646649, 100.5314477 5.2664183, 100.5325307 5.2689405, 100.5337932 5.2718933, 100.5349361 5.2748689, 100.5361409 5.2779796, 100.5367063 5.2795202, 100.5375531 5.2820334, 100.5386147 5.2850256, 100.53890952050891 5.2858077969099355, 100.54116964773503 5.288590726646262)"
MY11-275,MY13-275,275.0,1843.3350719551768,15277.6,Al/St 240/40 3-bundle 300.0,"LINESTRING (100.45699334502895 5.267922830357451, 100.46087981405022 5.261647071213755, 100.4619095 5.2600819, 100.4636432 5.2575869, 100.465428 5.2549667, 100.4671837 5.2523404, 100.4694836 5.2528773, 100.4717181 5.2534359, 100.4737133 5.2526524, 100.475469 5.2519704, 100.4777978 5.252841, 100.4805594 5.2542493, 100.482837 5.2553952, 100.4852784 5.2533952, 100.4863531 5.2539148, 100.4920828 5.2565696, 100.4944459 5.2553098, 100.4969086 5.2540642, 100.4993143 5.2528329, 100.5016845 5.2516443, 100.5039628 5.250314, 100.5056133 5.2493946, 100.5076497 5.2482122, 100.5088647 5.2497065, 100.5099481 5.2513026, 100.5119175 5.2518387, 100.5138481 5.2505544, 100.5151188 5.2495408, 100.5165318 5.2492751, 100.5184159 5.2489401, 100.519639 5.2487141, 100.5210559 5.2484168, 100.5223206 5.2481738, 100.5242857 5.2491539, 100.5265052 5.2503019, 100.5269002 5.2520225, 100.5272014 5.2533139, 100.5277717 5.2559654, 100.528258 5.2581823, 100.5289863 5.2605721, 100.5296875 5.2630483, 100.5305417 5.2648432, 100.5313984 5.266675, 100.5324166 5.2690179, 100.5336055 5.2718891, 100.5348868 5.2751948, 100.5359039 5.2779475, 100.5365359 5.2795918, 100.5374444 5.2823469, 100.5379142 5.2836274, 100.5384715 5.2851466, 100.53877188680647 5.285951298710112, 100.54116964773503 5.288590726646262)"
way/755668283-275,MY63-275,275.0,1843.3350719551768,22332.7,Al/St 240/40 3-bundle 300.0,"LINESTRING (103.05018010042342 2.0775462759768613, 103.05772584655263 2.076067706752507, 103.0579882 2.0761037, 103.0617325 2.0766255, 103.0637769 2.0769056, 103.0671712 2.0773921, 103.0699426 2.0777741, 103.0728433 2.0781738, 103.0763485 2.0786706, 103.0790767 2.0790506, 103.0812536 2.0793631, 103.0831128 2.0787011, 103.0876356 2.0770659, 103.0911499 2.0757978, 103.093621 2.0749061, 103.0963405 2.0739248, 103.0994373 2.0727913, 103.1015803 2.0720287, 103.1061861 2.0703289, 103.1083519 2.0657509, 103.109736 2.0628251, 103.1108428 2.0605309, 103.1116996 2.0586744, 103.1131212 2.0576973, 103.1175624 2.0545984, 103.1192571 2.0533868, 103.122171 2.0513563, 103.1236883 2.0503771, 103.1239861 2.0487743, 103.1244338 2.0458637, 103.1249785 2.0423549, 103.1254693 2.0394551, 103.1258522 2.0369757, 103.1261273 2.0351162, 103.1264994 2.0328902, 103.1268275 2.0303558, 103.1272452 2.0277939, 103.1331293 2.0241819, 103.1354455 2.0241044, 103.1368548 2.0240573, 103.139509 2.0239685, 103.1430201 2.0238511, 103.1456351 2.0237636, 103.1489342 2.0236533, 103.1526906 2.0235277, 103.156481 2.0234009, 103.161326 2.0232681, 103.1642107 2.0231747, 103.1677245 2.0230608, 103.170781 2.0229838, 103.1737149 2.0229099, 103.1759965 2.0228125, 103.1787255 2.0227405, 103.1815606 2.0226587, 103.1831069 2.0197141, 103.1837963 2.0184476, 103.1848329 2.016535, 103.1863643 2.0136619, 103.1878853 2.0108817, 103.189567 2.007846, 103.1909993 2.0051534, 103.1920078 2.0032609, 103.1932165 2.0010176, 103.1952265 1.9972872, 103.1958622 1.9940022, 103.1981635 1.990768, 103.19831957530845 1.9905519108241907, 103.20206434610043 1.9850659994565047)"
MY54-275,MY55-275,275.0,1843.3350719551768,10270.46,Al/St 240/40 3-bundle 300.0,"LINESTRING (101.57593026145013 2.846656558511256, 101.5835818697772 2.8422445095310955, 101.5860347 2.8419503, 101.5888823 2.8416491, 101.5916918 2.841356, 101.5966451 2.8408023, 101.6007317 2.840227, 101.6034405 2.8397563, 101.6060246 2.8390693, 101.6092217 2.8382384, 101.6120287 2.8374977, 101.6120432 2.834338, 101.6120317 2.8311449, 101.612024 2.8280131, 101.6119595 2.8246856, 101.6119779 2.8221642, 101.6119724 2.8194504, 101.612005 2.8164814, 101.6119972 2.8141977, 101.61195 2.8114862, 101.6089207 2.8114737, 101.6068666 2.81148, 101.6068733 2.8094423, 101.6068797 2.8074706, 101.6081156 2.805986, 101.6072634 2.8039431, 101.6036208 2.8040258, 101.6017275 2.8024927, 101.60130538100304 2.8024578024939255, 101.59700789999998 2.803669493785393)"
way/1324718458-275,way/556802417-275,275.0,1843.3350719551768,56233.32,Al/St 240/40 3-bundle 300.0,"LINESTRING (100.37645751220352 5.373653209907054, 100.38153271160168 5.372389078593413, 100.3815886 5.3723655, 100.3840896 5.3734266, 100.387005 5.3746634, 100.3897149 5.3758131, 100.3922342 5.3769179, 100.3927695 5.3777923, 100.3937666 5.379803, 100.3951045 5.3825532, 100.3965059 5.3844371, 100.3975838 5.38643, 100.3985454 5.3881847, 100.3997988 5.3904981, 100.4002117 5.3934952, 100.400346 5.3944703, 100.4006228 5.3967786, 100.4007433 5.3974285, 100.400884 5.3986945, 100.4009844 5.3993483, 100.4029928 5.4011393, 100.4055668 5.4034226, 100.4068273 5.4045313, 100.4076899 5.405306, 100.4106189 5.4078801, 100.4098678 5.4109349, 100.4090761 5.41401, 100.4085482 5.4160404, 100.4078315 5.4188698, 100.4070998 5.4222033, 100.407034 5.4230093, 100.4060985 5.4269637, 100.405401 5.4298754, 100.40466 5.432897, 100.4038904 5.4361061, 100.4030796 5.4393925, 100.403543 5.4427737, 100.4039749 5.4459252, 100.404339 5.4485827, 100.4047614 5.4514789, 100.4055143 5.4537732, 100.4062612 5.4561151, 100.4064125 5.4563572, 100.4066522 5.4565992, 100.4066438 5.4570153, 100.4073168 5.4591983, 100.4081596 5.4620946, 100.4090091 5.4649197, 100.4098464 5.4677684, 100.4107031 5.4706483, 100.4115167 5.4733572, 100.4123731 5.4733762, 100.4138511 5.4733858, 100.416937 5.4733939, 100.4194424 5.4734159, 100.422885 5.473431, 100.4260447 5.4734559, 100.4290852 5.4734404, 100.4307432 5.4723386, 100.4317579 5.4716642, 100.4349054 5.4695365, 100.4374869 5.4707946, 100.4404494 5.4722019, 100.4432128 5.47354, 100.4458295 5.4748031, 100.4484893 5.4761025, 100.4511774 5.4773945, 100.4535612 5.4785443, 100.4560051 5.4785468, 100.458066 5.4785515, 100.4613283 5.4785854, 100.4645817 5.4786106, 100.4677314 5.4786186, 100.4708546 5.4786327, 100.474054 5.4786699, 100.4768534 5.478683, 100.478835 5.4818638, 100.4809323 5.485184, 100.4820468 5.4869286, 100.4831666 5.4895668, 100.48399 5.491444, 100.4851562 5.4941717, 100.4878637 5.4957931, 100.4900346 5.4971052, 100.4923417 5.4984949, 100.4941471 5.4995929, 100.4968052 5.4987552, 100.4996472 5.4979387, 100.5015728 5.4974783, 100.5024142 5.5006971, 100.5032414 5.5038002, 100.5040845 5.5038162, 100.5049276 5.507002, 100.5058165 5.5101747, 100.506625 5.5132188, 100.5074902 5.5163292, 100.5100005 5.5163843, 100.5120088 5.5181024, 100.5154674 5.5175966, 100.5190596 5.5189132, 100.5202223 5.5188748, 100.5227293 5.5197813, 100.5269173 5.5213313, 100.5299359 5.522285, 100.5327314 5.5231756, 100.5356197 5.5246669, 100.5386554 5.526223, 100.5414232 5.5276418, 100.5436878 5.5288115, 100.5446742 5.5291312, 100.5478068 5.5293273, 100.5511884 5.5295264, 100.554103 5.526694, 100.5559123 5.5249361, 100.5576692 5.5232347, 100.5593687 5.5215843, 100.5614179 5.5196162, 100.5645695 5.5195562, 100.5679092 5.519489, 100.5704302 5.5194573, 100.5736876 5.5193991, 100.5767577 5.5193484, 100.5798503 5.5192997, 100.5830838 5.5192349, 100.5857371 5.5191883, 100.588519 5.519128, 100.5911601 5.5190978, 100.5927785 5.5190613, 100.5949986 5.519025, 100.5971976 5.5189771, 100.5986206 5.5189695, 100.5989313 5.5189464, 100.6014234 5.5211651, 100.6035295 5.5230679, 100.6057449 5.5250733, 100.6080926 5.5271893, 100.6101675 5.5290714, 100.6121603 5.5308694, 100.6144759 5.5329636, 100.6166776 5.5349879, 100.6186856 5.5368387, 100.6211811 5.5390494, 100.6235506 5.5411605, 100.6259944 5.5434066, 100.6261785 5.5465748, 100.6263592 5.5499486, 100.6265239 5.5532067, 100.6267079 5.5565066, 100.6268693 5.5604041, 100.627021 5.5630035, 100.6271516 5.5653848, 100.6272868 5.5677637, 100.6274082 5.5704595, 100.6275634 5.5734585, 100.6277141 5.5767256, 100.6279013 5.5799745, 100.6280565 5.583246, 100.6293668 5.5857133, 100.63081142605408 5.5881517790224695, 100.63520702929891 5.591120294849229)"
MY9-275,MY11-275,275.0,1843.3350719551768,24377.96,Al/St 240/40 3-bundle 300.0,"LINESTRING (100.40898491485625 5.375377853871512, 100.41033617211885 5.369861727997236, 100.4103785 5.3697668, 100.4114447 5.3673545, 100.4125283 5.3649939, 100.4136012 5.3626011, 100.4147223 5.3601763, 100.4159508 5.3574952, 100.4177586 5.3535268, 100.4187403 5.3515293, 100.4200385 5.3486237, 100.4214594 5.3456362, 100.422785 5.34285, 100.4240309 5.3401188, 100.4254579 5.3371652, 100.4257224 5.3366041, 100.4268097 5.334297, 100.428577 5.3323525, 100.4301826 5.3309766, 100.4312125 5.3295772, 100.4317624 5.3269469, 100.4325692 5.3230966, 100.4327468 5.322249, 100.4331111 5.3215235, 100.4340503 5.3196531, 100.4352333 5.3172778, 100.4364131 5.3149087, 100.4378658 5.3119918, 100.4392444 5.3091769, 100.441015 5.3093875, 100.4426488 5.3095657, 100.4431584 5.3082196, 100.4454224 5.3011121, 100.4460727 5.2990573, 100.4492493 5.2948795, 100.4522898 5.2908495, 100.4544042 5.2880065, 100.4556515 5.2861111, 100.4569756 5.2840607, 100.4582425 5.2820347, 100.460116 5.2801126, 100.4620132 5.2781739, 100.4638998 5.2762308, 100.465126 5.2738203, 100.4663888 5.2714142, 100.4675717 5.2690688, 100.4703887 5.2643368, 100.4716977 5.2620591, 100.4730657 5.2597518, 100.4758737 5.2591331, 100.4782935 5.2586347, 100.4810059 5.2580386, 100.4826659 5.2576583, 100.4835033 5.2574919, 100.4836005 5.2574619, 100.483719 5.2574355, 100.4860758 5.2569111, 100.4885425 5.2578687, 100.4946256 5.2601537, 100.4965593 5.2587538, 100.4982932 5.2574769, 100.5002111 5.2560572, 100.502726 5.2541832, 100.5054501 5.2521505, 100.5085924 5.2498601, 100.5098622 5.2514304, 100.5119674 5.2520283, 100.5138371 5.2507639, 100.5152175 5.249722, 100.5184328 5.2491241, 100.5196346 5.2488914, 100.5210348 5.2486204, 100.5222786 5.2483763, 100.5240046 5.2492276, 100.5263398 5.2504303, 100.5267081 5.2520644, 100.5270162 5.2533632, 100.5275791 5.2558197, 100.5280729 5.2582292, 100.5288086 5.2606462, 100.5295023 5.263115, 100.5303148 5.2648324, 100.5311416 5.2665639, 100.532265 5.2690745, 100.5333854 5.2720211, 100.5346572 5.2750887, 100.5355385 5.2775525, 100.5363681 5.2796461, 100.5372247 5.2822581, 100.5378254 5.2839749, 100.5381826 5.284996, 100.53860498283466 5.286125318735625, 100.54116964773503 5.288590726646262)"
MY9-275,way/460916219-275,275.0,1843.3350719551768,53490.43,Al/St 240/40 3-bundle 300.0,"LINESTRING (100.40898491485625 5.375377853871512, 100.40952360909544 5.379958953675905, 100.409547 5.3806033, 100.4096704 5.38353, 100.409842 5.3868413, 100.4099901 5.3895443, 100.4101471 5.3920635, 100.4102509 5.3943562, 100.4103909 5.3971478, 100.4105167 5.3996557, 100.4106607 5.402514, 100.4108341 5.4052618, 100.410935 5.4079569, 100.4102999 5.4104981, 100.4094543 5.4138829, 100.4087488 5.4167497, 100.4081262 5.4193404, 100.4075032 5.4218815, 100.4069223 5.4242957, 100.4062194 5.4272164, 100.4055291 5.4300228, 100.404756 5.4331379, 100.4039628 5.436419, 100.4032082 5.4392263, 100.4049494 5.4413308, 100.4063535 5.4430279, 100.4079161 5.4448242, 100.4094636 5.4466354, 100.4111689 5.4486486, 100.4116172 5.4513404, 100.4098971 5.4530595, 100.4083244 5.4546507, 100.4063655 5.4566232, 100.4072563 5.4596608, 100.408166 5.4627105, 100.4090612 5.46576, 100.4099547 5.4687768, 100.4108651 5.4718131, 100.4117728 5.4748706, 100.4126063 5.4776766, 100.4133353 5.4801573, 100.4142294 5.4831357, 100.4149857 5.4856681, 100.4154703 5.4873286, 100.4151415 5.4904914, 100.4148365 5.4935841, 100.4145117 5.4966347, 100.4141861 5.4997823, 100.413854 5.5030145, 100.4135135 5.5062846, 100.4131864 5.5095005, 100.4128761 5.5123963, 100.4125877 5.5151293, 100.4139884 5.5177708, 100.4154568 5.5205663, 100.4170707 5.523632, 100.4185302 5.5264094, 100.4201601 5.5295055, 100.4216169 5.5322815, 100.4231089 5.5351272, 100.4244672 5.5377224, 100.425287 5.5404756, 100.426186 5.5434756, 100.4271079 5.5465244, 100.4280256 5.5495214, 100.4287827 5.5520597, 100.4295409 5.5546241, 100.4303344 5.5572257, 100.4311222 5.5598708, 100.4314195 5.5619322, 100.4316735 5.5637954, 100.4332485 5.5662021, 100.4345525 5.5676392, 100.4360351 5.5690699, 100.4375951 5.5708008, 100.4391527 5.5725119, 100.4407101 5.5742398, 100.442254 5.5759164, 100.4445389 5.5774535, 100.4468049 5.5789755, 100.4489795 5.5804403, 100.4513921 5.5820567, 100.4537789 5.5836491, 100.4580783 5.5860812, 100.459553 5.5869988, 100.4613553 5.5880506, 100.4658089 5.5907327, 100.4675123 5.5917527, 100.4721165 5.5945077, 100.4748 5.5961927, 100.4771433 5.5971243, 100.4789162 5.5978079, 100.4808453 5.5985518, 100.483456 5.5989865, 100.4850489 5.5993747, 100.488042 5.5999079, 100.4913103 5.6004347, 100.4934048 5.6007723, 100.4955787 5.6011584, 100.4986023 5.6016853, 100.5015853 5.6022073, 100.5043667 5.6027372, 100.507099 5.6032208, 100.5098265 5.6037148, 100.5127039 5.6042486, 100.5156428 5.604696, 100.5178384 5.6050981, 100.5208397 5.6056736, 100.5215635 5.6083797, 100.5223795 5.6112679, 100.5230731 5.6138703, 100.5234618 5.6153565, 100.5244445 5.6187079, 100.5251887 5.6214672, 100.5258771 5.6240182, 100.5266179 5.6265978, 100.527286 5.6294104, 100.5280745 5.6318595, 100.5288114 5.6345206, 100.5295477 5.6371744, 100.5304189 5.6402796, 100.5312445 5.6432709, 100.5323741 5.6474001, 100.5331434 5.6500749, 100.5338299 5.6526663, 100.5345362 5.655272, 100.5352228 5.6577221, 100.535914 5.6601889, 100.5365697 5.6625717, 100.5370937 5.664491, 100.5377632 5.6668704, 100.5384266 5.669256, 100.5390443 5.6714653, 100.5397421 5.6740667, 100.5378256 5.6770837, 100.53621 5.6796408, 100.5345445 5.6821681, 100.5327391 5.6850938, 100.5314678 5.6870694, 100.5303105 5.6889386, 100.528573 5.691597, 100.5271067 5.6939239, 100.5257616 5.6960196, 100.523981 5.6988178, 100.5227384 5.7008102, 100.5217475 5.7022891, 100.5205746 5.7042767, 100.5192804 5.7063464, 100.5150466 5.7078797, 100.5140743 5.7101443, 100.5130497 5.7124769, 100.5123992 5.7131161, 100.5114819 5.7138581, 100.5096406 5.7154073, 100.5079079 5.7169686, 100.50741676044767 5.717392262168843, 100.5013683411133 5.721194227118738)"
way/396464338-275,way/755700381-275,275.0,1843.3350719551768,50165.46,Al/St 240/40 3-bundle 300.0,"LINESTRING (103.36163346965982 3.9753708172023354, 103.36064249896862 3.9695069178131446, 103.3606216 3.9694358, 103.3597511 3.9667499, 103.3590047 3.9641008, 103.358122 3.9610599, 103.3556079 3.9604112, 103.3537917 3.9599328, 103.3534412 3.9598509, 103.3525745 3.9626909, 103.3517045 3.9659574, 103.3507136 3.9696751, 103.3499286 3.9725768, 103.3492727 3.9749492, 103.348323 3.9784495, 103.3476246 3.9809884, 103.3464833 3.9852405, 103.3455921 3.9884942, 103.3445467 3.9922977, 103.3444028 3.9928215, 103.3439544 3.9944531, 103.3434044 3.9965615, 103.3422493 4.0008401, 103.3412121 4.0045868, 103.3404135 4.0076654, 103.3403181 4.0097785, 103.3400969 4.013285, 103.3398679 4.0169325, 103.3397715 4.0185734, 103.3396211 4.0214471, 103.3393441 4.0252822, 103.3391843 4.0281763, 103.3390154 4.030911, 103.3388256 4.034108, 103.3391176 4.0368446, 103.3394314 4.0392125, 103.339876 4.0430084, 103.3402321 4.045389, 103.3392088 4.0501353, 103.3386777 4.0530061, 103.3377163 4.0577105, 103.3373601 4.0594501, 103.3367036 4.0625402, 103.3364519 4.0639506, 103.3359744 4.0663847, 103.3356523 4.0680341, 103.3351448 4.070406, 103.3345029 4.0736447, 103.3338457 4.0768525, 103.3333831 4.0791373, 103.3327455 4.0822862, 103.331822 4.0868465, 103.3316446 4.0909974, 103.3314228 4.0961877, 103.3312355 4.1005685, 103.3311655 4.1024419, 103.3328291 4.104633, 103.3344269 4.1067374, 103.3356762 4.1083829, 103.338015 4.1114632, 103.339835 4.1139398, 103.3417571 4.1164888, 103.3435808 4.1189074, 103.3450044 4.1207563, 103.3474774 4.1241158, 103.3476838 4.1278278, 103.3478816 4.131765, 103.3480334 4.1341112, 103.3481423 4.1360694, 103.3482706 4.1386391, 103.3484309 4.1421763, 103.3479126 4.1457337, 103.3475096 4.1482503, 103.3468436 4.1522789, 103.3464272 4.1550714, 103.3458218 4.158949, 103.347761 4.1610062, 103.3501697 4.1634773, 103.352644 4.1660575, 103.3546154 4.1680926, 103.3559015 4.1694455, 103.3579132 4.1715227, 103.3594179 4.1731004, 103.3605444 4.1742861, 103.3608207 4.1772173, 103.3611251 4.1806669, 103.3614577 4.1842876, 103.3617729 4.1877932, 103.362084 4.1909257, 103.3622517 4.1931286, 103.3626916 4.1979483, 103.3647408 4.2014693, 103.3664594 4.2044432, 103.3683101 4.207585, 103.3691134 4.2089733, 103.3700958 4.2106405, 103.3724742 4.2115593, 103.3753187 4.2126273, 103.3783335 4.2137592, 103.3786185 4.2166277, 103.3790376 4.2208461, 103.3793588 4.224157, 103.3796699 4.2272773, 103.3799878 4.2303862, 103.3802973 4.2335129, 103.380594 4.236511, 103.3809896 4.2396954, 103.3813068 4.2426451, 103.3840936 4.2437853, 103.3906368 4.2464568, 103.3935376 4.2476424, 103.3971888 4.2491276, 103.3980203 4.2494587, 103.3992306 4.2526658, 103.4003578 4.2556281, 103.4015071 4.2586634, 103.4024452 4.2611182, 103.4035188 4.2639775, 103.4064719 4.2645506, 103.4091172 4.2650675, 103.4117834 4.2655844, 103.4144273 4.266102, 103.4174415 4.2666924, 103.4203919 4.2672682, 103.4233799 4.2678506, 103.4263987 4.2684451, 103.4292197 4.2689927, 103.4319093 4.2695143, 103.4349697 4.26963, 103.4382125 4.2697504, 103.4413648 4.2698707, 103.4443239 4.2699897, 103.44448744136838 4.269996592722553, 103.44927056742367 4.272239875227257)"
way/460916219-275,MY2-275,275.0,1843.3350719551768,13644.56,Al/St 240/40 3-bundle 300.0,"LINESTRING (100.5013683411133 5.721194227118738, 100.49852868156735 5.727822752255804, 100.4978107 5.7288883, 100.4963891 5.7309053, 100.4972514 5.7339477, 100.4980957 5.7369521, 100.498848 5.7395802, 100.4991464 5.7406317, 100.5002005 5.7443412, 100.5014344 5.7486352, 100.5040026 5.7499389, 100.5064756 5.7512359, 100.5088118 5.7524715, 100.5116844 5.7538912, 100.5144283 5.755359, 100.5169362 5.7566293, 100.5195697 5.7579436, 100.5223028 5.759332, 100.5232047 5.7620004, 100.5241417 5.7648451, 100.5250202 5.7674967, 100.5259145 5.7702102, 100.5271995 5.7728792, 100.5284727 5.7754795, 100.5298149 5.7782642, 100.5311188 5.7810519, 100.5292274 5.7829954, 100.5296413 5.7860491, 100.5299484 5.7887325, 100.5303121 5.7919789, 100.5306563 5.7949268, 100.5309986 5.7978128, 100.5313 5.8005024, 100.5316348 5.8034661, 100.5320218 5.806105, 100.53203688124792 5.8062025646621604, 100.53282709993954 5.8101637877043935)"
MY20-275,way/551727678-275,275.0,1843.3350719551768,5881.02,Al/St 240/40 3-bundle 300.0,"LINESTRING (100.605935 5.0091561891095475, 100.60979700086268 5.009149233396326, 100.6111314 5.0091467, 100.6142247 5.0091232, 100.6171072 5.0090862, 100.6200013 5.0090708, 100.6228964 5.0090383, 100.6257775 5.0090336, 100.6286728 5.0089392, 100.6315822 5.0088591, 100.6344392 5.0088025, 100.6372713 5.0087128, 100.6402136 5.0086619, 100.6431024 5.0086108, 100.6457921 5.0085425, 100.64611879677761 5.0087536208296575, 100.64738861076476 5.014020676718407)"
MY9-275,MY7-275,275.0,1843.3350719551768,120498.12,Al/St 240/40 3-bundle 300.0,"LINESTRING (100.40898491485625 5.375377853871512, 100.41303447221377 5.376122531783214, 100.4134043 5.3761829, 100.4159765 5.3765714, 100.4176891 5.3779053, 100.4195599 5.3793006, 100.4222663 5.3796758, 100.425548 5.3801524, 100.4287451 5.3806077, 100.4319276 5.3810377, 100.4351301 5.3814903, 100.4383072 5.3819456, 100.4415017 5.3824076, 100.4447673 5.3828535, 100.4477607 5.3832821, 100.4495524 5.3857322, 100.4514943 5.3884092, 100.4532471 5.3908419, 100.4551998 5.3935403, 100.4569995 5.3960157, 100.4587604 5.3984537, 100.4605602 5.4009638, 100.4628924 5.4012121, 100.4650462 5.4014738, 100.4678249 5.4017876, 100.4717664 5.4012789, 100.4743347 5.4012402, 100.4768144 5.4011867, 100.4789789 5.4011574, 100.4820433 5.4010973, 100.4852204 5.4010412, 100.4872911 5.4010052, 100.4907082 5.4009437, 100.492335 5.4014912, 100.4949957 5.4024324, 100.4976471 5.4015779, 100.5007598 5.4005859, 100.5037169 5.3996286, 100.5070616 5.3995672, 100.5093844 5.3995111, 100.511836 5.3994791, 100.5159585 5.3993643, 100.5191356 5.3993002, 100.5217575 5.3992481, 100.5242472 5.399204, 100.5283101 5.3991052, 100.5291007 5.3965992, 100.5301501 5.3932052, 100.5310536 5.3902902, 100.5321225 5.387152, 100.5329321 5.3844199, 100.5361033 5.3832037, 100.5371924 5.3827861, 100.5388859 5.3821366, 100.5412881 5.381243, 100.5444826 5.3800166, 100.5478053 5.3787617, 100.5503266 5.3784177, 100.5544367 5.3780282, 100.5567299 5.3778334, 100.5597013 5.3776903, 100.5613254 5.3776556, 100.564355 5.3775688, 100.5670464 5.3774143, 100.5695044 5.3773573, 100.5723281 5.377272, 100.5754662 5.3771605, 100.5779445 5.3770593, 100.5801959 5.3769952, 100.5841151 5.3768909, 100.5874333 5.3767606, 100.589775 5.3766705, 100.5919597 5.376621, 100.5941736 5.376537, 100.5984663 5.3764068, 100.6021555 5.3762852, 100.6059991 5.376127, 100.6078211 5.376094, 100.6106107 5.3759826, 100.6137569 5.3758942, 100.6173353 5.3742574, 100.6197264 5.3731672, 100.621838 5.3721182, 100.6234165 5.371432, 100.6267152 5.3698492, 100.6307231 5.3679441, 100.6349521 5.365937, 100.640622 5.3633635, 100.646215 5.3609518, 100.6479595 5.3600876, 100.6516146 5.3583056, 100.6544044 5.3569521, 100.6574005 5.3555223, 100.6602417 5.3541545, 100.6622439 5.3531907, 100.6669696 5.3508883, 100.6699095 5.3494237, 100.6753596 5.3467621, 100.6776539 5.3456948, 100.6804353 5.3444333, 100.6822646 5.3429795, 100.6847511 5.3409789, 100.6871573 5.3390962, 100.6898636 5.336945, 100.6955195 5.3324493, 100.6975823 5.3307774, 100.7006484 5.328459, 100.7019752 5.3272912, 100.705227 5.3247106, 100.7071467 5.3231871, 100.7101787 5.3207809, 100.7121858 5.3191881, 100.7141424 5.3176353, 100.7159863 5.316172, 100.7181849 5.3144271, 100.7209449 5.312209, 100.722729 5.3108209, 100.7255931 5.3109269, 100.7281306 5.311004, 100.7314055 5.3111271, 100.7336703 5.3112122, 100.7362459 5.311359, 100.7380468 5.3114225, 100.7410434 5.3115174, 100.7450928 5.3116626, 100.7495402 5.3118222, 100.7525979 5.3119319, 100.7576266 5.3121123, 100.7606812 5.3122355, 100.7636442 5.3123399, 100.7667379 5.3124352, 100.768937 5.3125302, 100.7750793 5.3127811, 100.7765925 5.312833, 100.7783335 5.3129162, 100.7824567 5.3131223, 100.7848876 5.3132355, 100.7875003 5.313324, 100.7911156 5.3135055, 100.794317 5.3136619, 100.7962442 5.3137114, 100.7992934 5.3139139, 100.8030409 5.3140937, 100.8050326 5.3141892, 100.8068238 5.3142751, 100.80943 5.3144002, 100.811805 5.3172297, 100.8127488 5.3184151, 100.814447 5.3205437, 100.8171828 5.3238782, 100.8192029 5.3263169, 100.8214709 5.3262496, 100.8235086 5.3261716, 100.8244121 5.3266741, 100.8257412 5.3274132, 100.8274014 5.3295419, 100.8297393 5.3324362, 100.8326087 5.3359957, 100.8334678 5.337071, 100.8355116 5.339629, 100.8374743 5.3421053, 100.839853 5.3450422, 100.8421211 5.3466885, 100.8446085 5.3484577, 100.8471374 5.3502245, 100.849901 5.3521738, 100.8535144 5.3542095, 100.8551203 5.3554586, 100.8580925 5.3577576, 100.8622591 5.3610115, 100.8645244 5.3641508, 100.8662765 5.3666659, 100.8677686 5.3688403, 100.8692326 5.3709737, 100.8718313 5.3747605, 100.8743339 5.3784073, 100.8751689 5.379624, 100.8786738 5.3847654, 100.8805676 5.3874909, 100.8842585 5.3889332, 100.8854674 5.3897505, 100.8908596 5.3935206, 100.8917642 5.3941137, 100.8969752 5.3975307, 100.9012177 5.3996717, 100.9070997 5.4028889, 100.9088989 5.4037646, 100.9123346 5.4055234, 100.9134414 5.4060955, 100.9175738 5.4083444, 100.9199419 5.4094178, 100.9230435 5.4150367, 100.9252384 5.4190131, 100.9265263 5.4213023, 100.9281477 5.4242123, 100.9301997 5.4277999, 100.9367802 5.4290136, 100.9403212 5.4292844, 100.9443482 5.4292519, 100.945846 5.427963, 100.9470711 5.4268504, 100.9485893 5.4256201, 100.9499835 5.4243932, 100.9512213 5.4213541, 100.9537594 5.4150277, 100.9547871 5.410279, 100.9563561 5.4058671, 100.9570578 5.4055327, 100.9626874 5.4028772, 100.9673101 5.400745, 100.972372 5.3985538, 100.9755281 5.3969915, 100.9791321 5.3952207, 100.9812075 5.3942207, 100.9854463 5.3921022, 100.9897751 5.3899386, 100.9917274 5.3884052, 100.9940046 5.3866228, 100.99772 5.383172, 100.9989358 5.3821185, 101.0002107 5.3813691, 101.0049134 5.378657, 101.0064156 5.3774323, 101.0115807 5.3731305, 101.0160613 5.3723886, 101.0192222 5.3718051, 101.0220311 5.3712749, 101.0242743 5.3708508, 101.0290963 5.3724528, 101.0321601 5.3746658, 101.0352202 5.3768763, 101.037323 5.3782397, 101.040904 5.3814405, 101.0422153 5.3826201, 101.0455168 5.3855359, 101.0481019 5.38794, 101.0521495 5.3894059, 101.0535487 5.389904, 101.0582223 5.3915679, 101.0595408 5.3920769, 101.0640794 5.3936878, 101.0663257 5.394485, 101.0693595 5.3955874, 101.0712017 5.3962394, 101.0728174 5.3968237, 101.0752508 5.3976837, 101.0786219 5.398888, 101.081285 5.3998465, 101.0842022 5.400895, 101.086199 5.4016161, 101.0888829 5.402598, 101.0906175 5.4032131, 101.0957432 5.4050318, 101.0997838 5.4064821, 101.1016076 5.4071367, 101.1036167 5.4078578, 101.1068702 5.407237, 101.1095632 5.4067232, 101.112482 5.4061663, 101.1159355 5.4055074, 101.1178361 5.4051447, 101.1193605 5.4048539, 101.1208394 5.4067296, 101.1221103 5.4082851, 101.123365 5.4098329, 101.1257801 5.4128048, 101.1280124 5.4156493, 101.1305076 5.4177625, 101.1330758 5.4200007, 101.1353037 5.4215346, 101.1378633 5.4232863, 101.1391313 5.4245591, 101.1415576 5.4264242, 101.1454804 5.4294397, 101.1481688 5.431541, 101.1505139 5.4333567, 101.153165 5.4353599, 101.1555596 5.4372252, 101.1585819 5.4396034, 101.1645164 5.4429836, 101.1673944 5.4446608, 101.1698003 5.4460627, 101.1723031 5.4474983, 101.1750368 5.4490975, 101.1773002 5.4504216, 101.179307 5.4515769, 101.1824162 5.4534144, 101.1850947 5.4527016, 101.1881874 5.4518785, 101.1903662 5.4512986, 101.1927591 5.4506493, 101.1952232 5.4500055, 101.1976157 5.4493687, 101.1999293 5.4487529, 101.2029047 5.4479541, 101.2051447 5.4473527, 101.2074253 5.446723, 101.2089917 5.444663, 101.21002852450415 5.443425823768311, 101.21461699837732 5.4365235969222425)"
MY38-275,MY33-275,275.0,921.6675359775888,23232.35,Al/St 240/40 3-bundle 300.0,"LINESTRING (101.74047379999999 3.1462013930420967, 101.74491038941049 3.144531201406653, 101.7456052 3.1445735, 101.7469457 3.1445477, 101.7484778 3.1444289, 101.7497973 3.1443743, 101.7509117 3.1443202, 101.7524107 3.1442384, 101.7530267 3.1448924, 101.754173 3.144964, 101.7555355 3.1445453, 101.7562013 3.1442375, 101.7572541 3.1432541, 101.75826 3.142295, 101.7574499 3.1413239, 101.7578307 3.1407614, 101.7587963 3.1399955, 101.759837 3.139117, 101.7607973 3.1383377, 101.7615134 3.1377378, 101.7622618 3.1371271, 101.7632783 3.1362835, 101.7645389 3.1359434, 101.7659122 3.1355658, 101.7671702 3.134623, 101.7687017 3.1338356, 101.7705632 3.1338035, 101.7720277 3.1337821, 101.7727572 3.1337633, 101.7740447 3.1334018, 101.775646 3.1328956, 101.7768959 3.1324028, 101.7783443 3.1318698, 101.7793823 3.1314333, 101.7807089 3.1309114, 101.7811922 3.1308368, 101.7824321 3.1309067, 101.7835366 3.1309603, 101.7855213 3.1310699, 101.7861728 3.1310866, 101.7875294 3.1311449, 101.7886923 3.1311962, 101.7897561 3.1312436, 101.7914149 3.1313174, 101.7926973 3.1313948, 101.7940646 3.1314692, 101.7946051 3.1314866, 101.7958122 3.1332175, 101.7971903 3.1353764, 101.7977599 3.1359536, 101.7987816 3.1369893, 101.8016417 3.1398225, 101.8057018 3.143899, 101.8080389 3.1462099, 101.8092835 3.1474579, 101.8110108 3.1492041, 101.8132263 3.151443, 101.8143475 3.1525464, 101.8180436 3.1561351, 101.820007 3.1579991, 101.8224424 3.1603291, 101.8232578 3.1611165, 101.8304676 3.1637035, 101.8318301 3.1641695, 101.8347537 3.1663549, 101.8372804 3.1685241, 101.8388092 3.1698043, 101.8440243 3.1741799, 101.845504 3.177153, 101.8467271 3.1794829, 101.8469943 3.1837067, 101.8406202 3.1882669, 101.8406148 3.1952088, 101.8430349 3.1980743, 101.8456542 3.2019143, 101.8465233 3.2031247, 101.8488622 3.2042763, 101.8497741 3.2047048, 101.8506002 3.2050583, 101.85409804270911 3.2067753526402005, 101.85703749999998 3.2082182929080996)"
MY59-275,way/513610290-275,275.0,1843.3350719551768,69233.41,Al/St 240/40 3-bundle 300.0,"LINESTRING (114.05122498836995 2.77316920677839, 114.05283093550732 2.7777163763128607, 114.0528542 2.7777977, 114.0504643 2.7804339, 114.0474415 2.7836434, 114.0444159 2.7871208, 114.0437749 2.7878951, 114.0385741 2.793521, 114.0371552 2.7951954, 114.0354332 2.7971163, 114.0348217 2.7978851, 114.0353152 2.8024153, 114.0357685 2.8070125, 114.0362218 2.8121535, 114.0363017 2.8149106, 114.0369017 2.8207245, 114.0371111 2.8230886, 114.0373982 2.8259466, 114.0376793 2.8289626, 114.0381267 2.8337969, 114.0385318 2.8373861, 114.043165 2.8402152, 114.0469536 2.8425757, 114.051215 2.8451046, 114.0546763 2.847276, 114.05766 2.8490707, 114.0599547 2.8505334, 114.0617253 2.851671, 114.0627566 2.8543108, 114.063862 2.8574923, 114.0649017 2.860222, 114.0658467 2.8629038, 114.0684018 2.8700711, 114.0695691 2.8731252, 114.0704128 2.8754678, 114.0709708 2.8770593, 114.0710002 2.880062, 114.071015 2.8852403, 114.0710334 2.8896246, 114.0710332 2.8924276, 114.0710955 2.89843, 114.0711176 2.9005227, 114.0711737 2.9046174, 114.0703985 2.905812, 114.0671557 2.9102321, 114.0657999 2.9123157, 114.0651221 2.9132609, 114.0628159 2.9164307, 114.0613729 2.9184987, 114.0590286 2.9218096, 114.0579303 2.923382, 114.0583983 2.9236927, 114.0602893 2.9250642, 114.0625799 2.9267384, 114.0630895 2.9306225, 114.0619147 2.9326637, 114.062494 2.9339066, 114.0641516 2.9324387, 114.0663296 2.9304511, 114.0692398 2.9278501, 114.0706855 2.9265938, 114.0726864 2.9247401, 114.0726542 2.9216274, 114.0726167 2.9190987, 114.0725952 2.9168593, 114.0725362 2.9140091, 114.0724772 2.9096856, 114.0724128 2.9064497, 114.0724021 2.9049281, 114.0727713 2.9011657, 114.0728979 2.8996919, 114.0732147 2.896829, 114.0733597 2.8954603, 114.0738358 2.8927354, 114.0743649 2.8894005, 114.0747194 2.8874736, 114.0753973 2.883634, 114.0774078 2.8830521, 114.0810175 2.8820072, 114.0845914 2.8809128, 114.0866374 2.880325, 114.0876338 2.8800388, 114.0900779 2.8795091, 114.0948656 2.8787027, 114.0977195 2.8783357, 114.1012573 2.8777464, 114.1044679 2.8771624, 114.1064474 2.8769401, 114.108679 2.8765222, 114.1112995 2.8760962, 114.1139147 2.8756944, 114.1160819 2.8753622, 114.1194642 2.8746711, 114.1216636 2.8742746, 114.1256252 2.8731576, 114.1303968 2.8718637, 114.1322395 2.871352, 114.1343799 2.8706796, 114.138017 2.8695465, 114.1411096 2.8687026, 114.1446984 2.8687616, 114.1475174 2.8688741, 114.1499072 2.8688071, 114.1551322 2.8688393, 114.1562694 2.8688339, 114.1581631 2.8688125, 114.1617465 2.8679981, 114.1652709 2.867232, 114.1686934 2.8664497, 114.1706836 2.8659997, 114.1730547 2.8654693, 114.1764504 2.8646978, 114.179948 2.8639048, 114.1825873 2.8633048, 114.187088 2.8622814, 114.1904193 2.8615313, 114.1913366 2.8613385, 114.1919964 2.8611617, 114.195376 2.8602294, 114.1986591 2.8593347, 114.2016953 2.8584828, 114.2038411 2.8578827, 114.2058903 2.8573309, 114.2086101 2.8565754, 114.2113835 2.8558039, 114.2159164 2.8545556, 114.2183465 2.8538805, 114.2204976 2.8532858, 114.2233139 2.852525, 114.2262375 2.8517213, 114.2306954 2.8504944, 114.2335868 2.8496853, 114.2356601 2.8491147, 114.2405632 2.8477807, 114.2413169 2.846843, 114.2442298 2.8432667, 114.2468852 2.8399288, 114.249267 2.8369552, 114.2503399 2.8356586, 114.2532313 2.8320849, 114.2531937 2.8268288, 114.253183 2.8233194, 114.2531294 2.8180686, 114.2520377 2.8163112, 114.247655 2.8091101, 114.2468932 2.8080332, 114.2460617 2.8066669, 114.2425024 2.8009713, 114.2420572 2.800098, 114.2412606 2.7932424, 114.2409977 2.7914876, 114.2405954 2.7872708, 114.2400536 2.782395, 114.2412928 2.7793087, 114.2425105 2.7765279, 114.2427076 2.7758393, 114.2439079 2.7720806, 114.2454287 2.7672047, 114.2460805 2.7651204, 114.2466813 2.7632021, 114.2480868 2.7588138, 114.2484516 2.7574849, 114.2489773 2.7559525, 114.2501092 2.7523143, 114.250887 2.749887, 114.2512304 2.7487564, 114.2558786 2.7435267, 114.2573243 2.7418925, 114.2590034 2.7400117, 114.2603391 2.7384123, 114.2619538 2.7366199, 114.2656231 2.7325422, 114.2661864 2.7280305, 114.2666155 2.7249709, 114.2670822 2.7214558, 114.2673987 2.7192803, 114.2680103 2.7144846, 114.2687586 2.7114115, 114.2697751 2.707023, 114.2700058 2.7058522, 114.2713925 2.7000597, 114.2716259 2.6990791, 114.2722374 2.6961051, 114.2727202 2.6942082, 114.2730904 2.6928579, 114.2767489 2.6881585, 114.2791951 2.6850559, 114.2812228 2.6824516, 114.2860132 2.6798152, 114.2888725 2.676718, 114.29092398700152 2.675512954256257, 114.29569979705522 2.6708031956313887)"
way/691450925-275,way/513083092-275,275.0,1843.3350719551768,4660.44,Al/St 240/40 3-bundle 300.0,"LINESTRING (113.31510319481505 3.52753095983218, 113.32344559333562 3.541196071150866, 113.3237493 3.5408911, 113.3260131 3.5385754, 113.3285612 3.5359732, 113.3304602 3.5340457, 113.3326596 3.5317702, 113.33321864441213 3.531547430496178, 113.34194121562304 3.5297847172803785)"
way/691450925-275,way/513083092-275,275.0,1843.3350719551768,4646.18,Al/St 240/40 3-bundle 300.0,"LINESTRING (113.31510319481505 3.52753095983218, 113.32372432505422 3.5413842947619028, 113.3241248 3.5409767, 113.326174 3.5389073, 113.3308464 3.5341742, 113.3325577 3.5324234, 113.33337470359038 3.532249340710114, 113.34194121562304 3.5297847172803785)"
way/513270613-275,way/755036990-275,275.0,1843.3350719551768,77534.75,Al/St 240/40 3-bundle 300.0,"LINESTRING (101.29096067362497 4.213436134578407, 101.29623050342164 4.21216411776622, 101.2977454 4.2110632, 101.2995816 4.209764, 101.3014226 4.20841, 101.3045185 4.2064608, 101.3070818 4.2047583, 101.3101713 4.2026637, 101.3123586 4.2011818, 101.3148487 4.1991765, 101.3164819 4.1978567, 101.3167582 4.1952846, 101.3171182 4.1919847, 101.3174943 4.1886447, 101.317854 4.1849854, 101.3183477 4.1797386, 101.3186726 4.1767848, 101.3188758 4.1747389, 101.3191589 4.1720536, 101.3194064 4.1697889, 101.3198469 4.1654456, 101.3200651 4.1632937, 101.3201964 4.1619988, 101.3204753 4.159295, 101.3208123 4.1560131, 101.3211327 4.1527753, 101.3214597 4.1498261, 101.3217734 4.1465893, 101.322212 4.142181, 101.3225038 4.1390929, 101.3227608 4.1367681, 101.3232971 4.1311579, 101.3235185 4.1287416, 101.32378 4.1258881, 101.3240543 4.1233267, 101.324515 4.1186813, 101.3247141 4.1166736, 101.3250371 4.1135384, 101.3253536 4.1103067, 101.3255676 4.1083203, 101.3260101 4.1037994, 101.326446 4.0993732, 101.3266306 4.0972142, 101.3258684 4.0934992, 101.3253273 4.0908801, 101.3249375 4.0889836, 101.3244979 4.0869231, 101.3232815 4.0809394, 101.3228533 4.0789266, 101.3240398 4.07611, 101.3248981 4.0738984, 101.3263317 4.0703706, 101.3270485 4.0686462, 101.3287158 4.0644711, 101.3294066 4.062748, 101.3300906 4.0609999, 101.3314304 4.0577088, 101.3323987 4.0552711, 101.3336866 4.0520806, 101.3348537 4.049173, 101.3359518 4.0463952, 101.3369643 4.0438198, 101.3381623 4.0408114, 101.3393174 4.0379126, 101.3403432 4.0353382, 101.3415241 4.0323744, 101.3428399 4.0292385, 101.3435187 4.0275195, 101.3445872 4.0248518, 101.3459115 4.0214822, 101.3467389 4.01944, 101.3482191 4.0155972, 101.3488581 4.0139382, 101.3499294 4.0111571, 101.3510852 4.0081565, 101.3522531 4.0051242, 101.3531407 4.003024, 101.3553626 3.9974856, 101.3561255 3.9953698, 101.3577888 3.9912314, 101.3584874 3.9895502, 101.3598455 3.9860253, 101.3608871 3.9833958, 101.362275 3.9798679, 101.3629249 3.9781434, 101.363329 3.9765551, 101.3627007 3.9749961, 101.361476 3.9717221, 101.3604546 3.969084, 101.3595266 3.9666846, 101.3586287 3.9643355, 101.3575283 3.9614567, 101.3566907 3.9592654, 101.3556395 3.9564866, 101.3546238 3.953833, 101.3535458 3.9509433, 101.3522906 3.9477376, 101.3507662 3.9437551, 101.3499094 3.9415165, 101.3487409 3.9384638, 101.3479556 3.9362242, 101.3496846 3.9328428, 101.3506866 3.930953, 101.3512611 3.9297913, 101.3524582 3.9274776, 101.353936 3.9245863, 101.3553207 3.921918, 101.3568297 3.9190101, 101.3587057 3.9152229, 101.3600316 3.9127484, 101.3623014 3.9104831, 101.3640094 3.9093092, 101.3663126 3.9076596, 101.3674388 3.9068626, 101.3700648 3.9049708, 101.3756693 3.9010197, 101.3808059 3.8973588, 101.3836273 3.8953838, 101.3847434 3.8945597, 101.3858292 3.8919872, 101.3876844 3.8876508, 101.3892441 3.8836851, 101.390566 3.8802762, 101.3916359 3.8774099, 101.3934304 3.8728575, 101.395129 3.8684293, 101.394746 3.8627329, 101.3945788 3.8598566, 101.3944638 3.8580647, 101.3967678 3.8550942, 101.3985308 3.8527956, 101.4003012 3.8504873, 101.4030894 3.8468519, 101.4045417 3.8450138, 101.4058907 3.8432746, 101.4085306 3.8397558, 101.4105556 3.8371465, 101.4112383 3.8357803, 101.4123769 3.8322419, 101.4131991 3.8296318, 101.4142078 3.8264297, 101.4151182 3.824124, 101.4170039 3.8215797, 101.4179616 3.8202056, 101.4196303 3.8180203, 101.4216639 3.8153572, 101.4235775 3.8128146, 101.4256391 3.8100751, 101.4274979 3.8076102, 101.4294934 3.804978, 101.4311309 3.8027674, 101.4328394 3.800894, 101.4347626 3.7987409, 101.4367998 3.7965062, 101.4391601 3.7938218, 101.4406541 3.792208, 101.4430426 3.7895464, 101.4450261 3.7873277, 101.4468218 3.7853405, 101.4483896 3.783641, 101.4506963 3.7810744, 101.4514111 3.7790872, 101.4521681 3.7766356, 101.4532181 3.7734807, 101.4539055 3.7714153, 101.4550321 3.7680122, 101.4551364 3.7659353, 101.4553028 3.7623624, 101.4554417 3.7594638, 101.4555752 3.75571, 101.4569176 3.7529566, 101.458222 3.7502264, 101.4596877 3.7473078, 101.4611161 3.744291, 101.4621707 3.7420637, 101.4635928 3.7390601, 101.4650149 3.7360778, 101.4664307 3.7330758, 101.4675951 3.7306069, 101.4688005 3.7281612, 101.4697704 3.7261407, 101.4706023 3.724466, 101.4700311 3.7218198, 101.4694973 3.7193471, 101.4698645 3.7174775, 101.4704883 3.7143017, 101.4711134 3.7110721, 101.4717576 3.7077442, 101.4725512 3.7036444, 101.4730736 3.7014066, 101.4735369 3.6989013, 101.4745626 3.6950743, 101.4764285 3.6934503, 101.478854 3.6912922, 101.4802764 3.6897319, 101.4815457 3.688273, 101.484134 3.6854371, 101.4855704 3.6838618, 101.488274 3.6809322, 101.490112 3.6788805, 101.4915732 3.6772304, 101.4944458 3.6740906, 101.4954315 3.6729423, 101.4982988 3.6698012, 101.4999282 3.6679328, 101.5012787 3.6666882, 101.5019399 3.6645508, 101.5025756 3.6625399, 101.5031871 3.6606361, 101.5043579 3.6571985, 101.5050338 3.655221, 101.5055233 3.6535922, 101.506438 3.6505902, 101.506961 3.6488785, 101.5082793 3.6441218, 101.5088801 3.6418613, 101.5094689 3.6397694, 101.5100576 3.6376239, 101.5107905 3.6351057, 101.5112606 3.6334454, 101.5125983 3.6287429, 101.5135559 3.6253386, 101.5141654 3.6232708, 101.5152141 3.6195533, 101.5159839 3.6169641, 101.5170756 3.6131027, 101.5161408 3.6104365, 101.5179728 3.607061, 101.5195949 3.6040374, 101.5209755 3.6014462, 101.5218835 3.5997838, 101.5235558 3.5966371, 101.5249827 3.5940251, 101.5265733 3.5910409, 101.5270011 3.5890814, 101.5280445 3.5848097, 101.5285568 3.5843967, 101.5288324 3.5837824, 101.5284736 3.5826781, 101.5293279 3.5798338, 101.5301085 3.5771729, 101.5309694 3.5747101, 101.5317835 3.5721549, 101.5329449 3.5684821, 101.5337898 3.565876, 101.5347024 3.5629728, 101.5351912 3.5614254, 101.5360871 3.5586453, 101.5369608 3.5558927, 101.5374228 3.5544236, 101.5376776 3.5516087, 101.537746 3.5498238, 101.5378855 3.5458169, 101.5380813 3.5403342, 101.538202 3.5369129, 101.5382771 3.5346534, 101.5387653 3.531908, 101.539185 3.5296044, 101.5396209 3.5270571, 101.5404899 3.5222463, 101.5410103 3.5193925, 101.5413979 3.5172829, 101.5420577 3.5136098, 101.5425405 3.5108135, 101.5430769 3.5079074, 101.5433787 3.5061472, 101.54339894547692 3.504083759680636, 101.53513282592057 3.501713346185613)"
way/553040556-275,way/755668283-275,275.0,1843.3350719551768,182517.28,Al/St 240/40 3-bundle 300.0,"LINESTRING (102.50869320526797 3.4758832155581336, 102.51238846922998 3.4680747671113834, 102.5130884 3.4665855, 102.5145763 3.4634206, 102.5160375 3.4603126, 102.516118 3.4568963, 102.5161985 3.4545269, 102.5162816 3.4519031, 102.5163674 3.4495577, 102.51692 3.446875, 102.5173384 3.4447867, 102.5172231 3.4429982, 102.5170863 3.4410089, 102.5167617 3.4369848, 102.5169495 3.4334614, 102.517392 3.4218414, 102.5175101 3.4184411, 102.5175959 3.4152522, 102.5170836 3.4127756, 102.5164157 3.4097581, 102.515654 3.4062399, 102.5150371 3.4034232, 102.5144362 3.4008475, 102.5137925 3.3979959, 102.5132132 3.3954282, 102.5132373 3.392159, 102.5132373 3.3878964, 102.5132051 3.3845896, 102.5132427 3.3811142, 102.5132051 3.3792587, 102.5131997 3.3768355, 102.5165606 3.3755369, 102.5200742 3.3742463, 102.5219679 3.3735287, 102.5241619 3.3726879, 102.5278097 3.3712742, 102.5291938 3.3683021, 102.5306033 3.3652057, 102.531817 3.3625399, 102.5329703 3.3598931, 102.5344093 3.3567175, 102.53648 3.3535566, 102.5380678 3.3511601, 102.5393875 3.3491827, 102.5407138 3.347157, 102.5423634 3.3447043, 102.5441927 3.3414804, 102.5455928 3.3389501, 102.5466536 3.3370663, 102.5511302 3.3290681, 102.5542684 3.3235199, 102.555985 3.3205343, 102.5572698 3.3181766, 102.5591276 3.3148822, 102.560452 3.3125691, 102.5622708 3.3093642, 102.5636306 3.3069716, 102.5649033 3.3047103, 102.5663115 3.3021169, 102.5648001 3.2992463, 102.5635837 3.2968591, 102.5619502 3.2937803, 102.5606299 3.2912197, 102.556154 3.2825791, 102.5479089 3.2666172, 102.547241 3.2652663, 102.5491668 3.2631641, 102.5507735 3.2615581, 102.5527811 3.2593723, 102.5518665 3.2571309, 102.5512844 3.2556607, 102.5492433 3.2527057, 102.5473361 3.2502222, 102.5455016 3.2475039, 102.5452065 3.2445475, 102.5449651 3.2414036, 102.5446326 3.2380013, 102.5444542 3.2357438, 102.5434725 3.2232626, 102.545291 3.2210231, 102.5473416 3.2184549, 102.5467609 3.2154395, 102.5454855 3.2092447, 102.5450248 3.2069382, 102.5443958 3.2036617, 102.5439077 3.2012615, 102.5430923 3.1971762, 102.5426477 3.1949701, 102.5401036 3.1821945, 102.5408657 3.1784566, 102.5413828 3.1759833, 102.5425833 3.1702401, 102.5433277 3.1666856, 102.5438286 3.1640664, 102.5443207 3.1616775, 102.5449209 3.1588548, 102.5453722 3.1567846, 102.5457443 3.1549487, 102.5465691 3.1535494, 102.5477909 3.1514229, 102.5498387 3.1478985, 102.5510209 3.1459113, 102.5525974 3.1431501, 102.5543225 3.1401515, 102.5554043 3.1382711, 102.556504 3.1363596, 102.5550934 3.1346571, 102.5529277 3.1320434, 102.5514561 3.1302673, 102.5492755 3.1275958, 102.5471619 3.125008, 102.5455914 3.1230475, 102.5444126 3.1214794, 102.5444917 3.117592, 102.5448284 3.1110008, 102.5449812 3.1081297, 102.5473845 3.1029024, 102.5488248 3.099744, 102.5502907 3.0965863, 102.5535558 3.0948515, 102.555702 3.0937112, 102.5588053 3.0920828, 102.5611228 3.0908601, 102.5643924 3.0891406, 102.5752325 3.0834311, 102.5765964 3.0826979, 102.578427 3.0817458, 102.5813922 3.080189, 102.5834716 3.079107, 102.5850407 3.078268, 102.5868076 3.0763503, 102.5922807 3.0702704, 102.5930867 3.0675117, 102.593721 3.0652539, 102.5947013 3.0616769, 102.5953826 3.059332, 102.5963911 3.0556652, 102.5971086 3.0530779, 102.5979173 3.0501879, 102.5982821 3.0489371, 102.5992799 3.0480385, 102.6021954 3.04549, 102.6042594 3.0437195, 102.6063663 3.0418902, 102.6086234 3.0399362, 102.6114625 3.037448, 102.6133829 3.035786, 102.6137155 3.0335107, 102.6139931 3.0315072, 102.6144411 3.0283707, 102.6149158 3.0250092, 102.61518 3.0231705, 102.6156521 3.0198645, 102.6158975 3.0182608, 102.6164232 3.014677, 102.6168262 3.0122757, 102.6173714 3.0086021, 102.6178508 3.0056437, 102.6182458 3.0029572, 102.6188085 2.9989934, 102.6191349 2.9966941, 102.6195507 2.9934711, 102.6200026 2.9901457, 102.6203312 2.9876452, 102.6206732 2.9853363, 102.621109 2.9822948, 102.6209964 2.9765988, 102.6209649 2.9733376, 102.6209293 2.97089, 102.6208904 2.9682041, 102.6208361 2.9651116, 102.620822 2.9620232, 102.6207899 2.9603959, 102.6207443 2.9574695, 102.6193361 2.9551886, 102.61829 2.9535962, 102.6152357 2.9488998, 102.613458 2.9461696, 102.612424 2.9445316, 102.6109488 2.9423177, 102.6089452 2.9391984, 102.603727 2.9311127, 102.6043479 2.9289189, 102.6064655 2.9275259, 102.609601 2.9254365, 102.6120821 2.9237771, 102.614034 2.9224531, 102.6163515 2.9209082, 102.6196097 2.9187786, 102.6217601 2.9173468, 102.6253523 2.9149467, 102.6272788 2.9137285, 102.6295915 2.9121996, 102.6320149 2.9106165, 102.6348151 2.9087989, 102.636741 2.9074863, 102.6388398 2.906092, 102.6415743 2.9042745, 102.6441881 2.9025293, 102.6467161 2.9008537, 102.6495713 2.8989598, 102.6519021 2.8974155, 102.6596349 2.8922897, 102.6618867 2.8907989, 102.6646482 2.8889087, 102.6666905 2.8875509, 102.6696275 2.8867405, 102.6725847 2.8860293, 102.6751757 2.8854159, 102.6898541 2.8818155, 102.6927949 2.8810942, 102.6957777 2.8803502, 102.6984244 2.8796946, 102.7012038 2.8790081, 102.7039075 2.8783424, 102.7065293 2.8776901, 102.708893 2.8770874, 102.7107377 2.8741795, 102.7123471 2.8715864, 102.7144586 2.8682084, 102.7159332 2.8658363, 102.7176632 2.8630677, 102.7191719 2.8606085, 102.7209824 2.8577059, 102.7222006 2.85575, 102.7239422 2.8529536, 102.7254389 2.85056, 102.726662 2.8486044, 102.728388 2.8458398, 102.7300014 2.8431421, 102.7319419 2.8401096, 102.7332039 2.8381433, 102.7347341 2.8356412, 102.7363153 2.8331036, 102.7382854 2.8300837, 102.7400147 2.8273193, 102.7420733 2.8240287, 102.7435985 2.8215906, 102.7443337 2.8204154, 102.746501 2.8168685, 102.7476168 2.8149289, 102.7491939 2.8123892, 102.7508247 2.8096138, 102.7519512 2.8076635, 102.7534103 2.8052738, 102.7555776 2.8017911, 102.756983 2.7993693, 102.7575678 2.7960741, 102.757836 2.7938077, 102.758422 2.7903986, 102.761579 2.7726941, 102.7633224 2.7630829, 102.7638696 2.7600569, 102.7643631 2.7574113, 102.7648895 2.754189, 102.7671915 2.7415576, 102.7676971 2.7386922, 102.7683596 2.7355991, 102.76888 2.7326681, 102.7695076 2.7290017, 102.7699502 2.7266039, 102.770429 2.7240345, 102.7708688 2.7213406, 102.7714498 2.7181307, 102.7720544 2.7149427, 102.7726203 2.7115897, 102.7746481 2.7085903, 102.7763003 2.706104, 102.7779016 2.7037061, 102.7793124 2.7016029, 102.7808815 2.6992613, 102.7824104 2.697, 102.7842128 2.6942672, 102.7860206 2.6915343, 102.7874905 2.6893427, 102.789942 2.6880674, 102.7919698 2.6869501, 102.7950436 2.6853292, 102.7968903 2.6841871, 102.7993177 2.6826419, 102.8020307 2.6809687, 102.8049946 2.6807248, 102.8198943 2.679408, 102.8233919 2.679061, 102.8261049 2.6787958, 102.8284156 2.6785627, 102.8305989 2.6783389, 102.8347725 2.6779129, 102.8378999 2.6775914, 102.8405553 2.6773289, 102.8429264 2.6771092, 102.8468639 2.6766698, 102.8496373 2.6764018, 102.8525877 2.6761393, 102.8558224 2.6758499, 102.8579736 2.675657, 102.8609186 2.6753194, 102.864604 2.6749872, 102.8674364 2.6746656, 102.870757 2.6743709, 102.8737986 2.6740226, 102.8761214 2.6752283, 102.8783637 2.6766858, 102.8803807 2.678063, 102.8825962 2.6794776, 102.8856701 2.6815246, 102.8877944 2.6829285, 102.8901279 2.6847772, 102.8916353 2.6859936, 102.8933895 2.6838824, 102.8951704 2.6817282, 102.8972894 2.6791347, 102.899918 2.6759463, 102.9019403 2.6735136, 102.9034638 2.6716488, 102.9052126 2.6695053, 102.9075086 2.6667296, 102.9093003 2.6645647, 102.9114032 2.6620033, 102.9130125 2.6600099, 102.9145682 2.65807, 102.9164243 2.6559694, 102.9177868 2.6543297, 102.9190099 2.6528829, 102.9199755 2.6517575, 102.9209304 2.6506536, 102.9220354 2.6493568, 102.9238272 2.6472348, 102.9259622 2.6447377, 102.9254258 2.6427442, 102.9244709 2.6391217, 102.9238057 2.6365067, 102.9226953 2.6325197, 102.9222876 2.6310246, 102.9218209 2.629267, 102.9211825 2.6267859, 102.9203403 2.6236617, 102.9195142 2.6205482, 102.9189563 2.6184476, 102.918216 2.6156181, 102.9177225 2.6138819, 102.9179112 2.6122831, 102.918216 2.609702, 102.9201377 2.6062242, 102.9210055 2.6046539, 102.9222447 2.6025318, 102.9237333 2.5998979, 102.9249591 2.5978052, 102.9265523 2.5950025, 102.9280221 2.5924302, 102.9300821 2.5888505, 102.9305702 2.5857155, 102.9309887 2.5830199, 102.9315144 2.5795902, 102.9319382 2.5768196, 102.9322976 2.5744348, 102.9328072 2.5709783, 102.9333436 2.5675378, 102.9336226 2.5658872, 102.9340947 2.5627468, 102.9345936 2.5596707, 102.9346204 2.556407, 102.9346096 2.5531648, 102.9346257 2.549944, 102.9345077 2.5463694, 102.9344219 2.54399, 102.9342113 2.5384017, 102.9339579 2.5324571, 102.9338104 2.5289629, 102.9336649 2.5256078, 102.9333986 2.519465, 102.9332619 2.5160618, 102.9331753 2.5143712, 102.9330432 2.5106397, 102.9329017 2.5071158, 102.9327697 2.5038267, 102.9326288 2.500997, 102.9325108 2.4976635, 102.9324062 2.4952759, 102.9321957 2.4907995, 102.9321206 2.4886946, 102.9320428 2.4867103, 102.9318859 2.4834585, 102.9317383 2.4799468, 102.9316351 2.4774734, 102.9315023 2.4743221, 102.9313722 2.4714521, 102.9309203 2.4687804, 102.9306038 2.4670132, 102.9300097 2.4635978, 102.928981 2.457756, 102.9283407 2.4541069, 102.9279316 2.4516991, 102.927422 2.4486549, 102.9269271 2.4458814, 102.9265127 2.4435888, 102.9260138 2.440763, 102.9255981 2.4380993, 102.9251716 2.4351891, 102.9277848 2.4337748, 102.9302524 2.4325367, 102.9327629 2.4312625, 102.9350066 2.4301504, 102.9383365 2.4284713, 102.9409571 2.4271329, 102.9440242 2.4256188, 102.9467694 2.4242361, 102.9497427 2.422734, 102.9528822 2.4211784, 102.9544955 2.4203704, 102.9575211 2.4188242, 102.9605034 2.4162042, 102.9627809 2.4140956, 102.9649803 2.4121125, 102.9676893 2.4096739, 102.9693671 2.4081182, 102.9719151 2.4058728, 102.9737149 2.4042673, 102.9741673 2.4013926, 102.9744565 2.3994275, 102.9748991 2.3963403, 102.9753699 2.3931457, 102.9763368 2.3865856, 102.9767337 2.3837529, 102.9772836 2.3801136, 102.9776028 2.3776803, 102.976436 2.3772595, 102.972697 2.3759517, 102.9700685 2.3750325, 102.9701033 2.3722374, 102.9701623 2.3692225, 102.970165 2.3666819, 102.9719373 2.3639908, 102.9737002 2.361314, 102.9754986 2.3586046, 102.9762335 2.3560828, 102.9771253 2.3528923, 102.9778858 2.3501574, 102.9788353 2.3468182, 102.9805934 2.3405632, 102.9815588 2.3371471, 102.9824524 2.3340337, 102.985113 2.3247633, 102.9876517 2.3158134, 102.9883558 2.3133076, 102.9889914 2.311043, 102.989945 2.3077063, 102.9906893 2.3051134, 102.9907094 2.3024762, 102.9907577 2.2995671, 102.990822 2.2942686, 102.9895855 2.2901962, 102.9902923 2.2876073, 102.9909347 2.285222, 102.9909964 2.2822699, 102.9910286 2.2788139, 102.9910876 2.2763536, 102.9911305 2.2727958, 102.9911533 2.2707093, 102.9911506 2.2672989, 102.9912123 2.2644875, 102.9912354 2.2619374, 102.9912606 2.2591567, 102.9924488 2.2564337, 102.9936638 2.2535204, 102.9949647 2.250532, 102.9962522 2.2475517, 102.9974484 2.2447697, 102.9986542 2.2419926, 102.9999161 2.2390863, 103.001056 2.2365148, 103.002151 2.2339333, 103.003242 2.2313609, 103.0043015 2.2288482, 103.0053985 2.2262739, 103.0064969 2.223713, 103.0077977 2.2206803, 103.0088894 2.2181596, 103.0099194 2.215801, 103.010999 2.2132615, 103.011003 2.2103079, 103.0109882 2.2071306, 103.0109829 2.2041609, 103.0109775 2.2009071, 103.0109807 2.1984008, 103.0109843 2.1955586, 103.0109882 2.1924844, 103.0133913 2.1905916, 103.0184796 2.1865838, 103.0209459 2.1846219, 103.0232942 2.1827846, 103.0256411 2.1809526, 103.0306394 2.1770327, 103.0317794 2.1738754, 103.0330977 2.1702355, 103.0333619 2.1676397, 103.0336341 2.1648388, 103.0338996 2.1624656, 103.0341735 2.1597066, 103.0345427 2.1561945, 103.0347822 2.1533186, 103.0350387 2.1503508, 103.0352676 2.1476084, 103.0358885 2.1418283, 103.0361524 2.1392644, 103.0364757 2.1358885, 103.0367885 2.132724, 103.0370412 2.1301672, 103.0374108 2.1264279, 103.037703 2.1234719, 103.0380533 2.1201717, 103.0383861 2.1165794, 103.0386432 2.1138225, 103.0390777 2.1093168, 103.039307 2.1071725, 103.0397026 2.1030085, 103.0399628 2.1003334, 103.0402444 2.0974172, 103.0404333 2.0951251, 103.0408104 2.0916409, 103.0410397 2.0889604, 103.0413468 2.0858203, 103.0416459 2.0826601, 103.0418612956634 2.080618262119215, 103.05018010042342 2.0775462759768613)"
way/496114385-275,way/755608493-275,275.0,1843.3350719551768,11810.95,Al/St 240/40 3-bundle 300.0,"LINESTRING (103.9186246002022 1.515428230436364, 103.92050556939972 1.5077733653721626, 103.9203992 1.506261, 103.9202283 1.5036474, 103.9199781 1.5000699, 103.9197367 1.4978981, 103.9194404 1.4952516, 103.9206366 1.4940719, 103.9226872 1.4921373, 103.9236769 1.4911975, 103.9260265 1.4904226, 103.927377 1.4899574, 103.9291204 1.4899789, 103.9320682 1.4900016, 103.9333771 1.4900003, 103.9340584 1.4870455, 103.9343883 1.4855614, 103.934454 1.4839191, 103.934513 1.4812056, 103.9376163 1.480538, 103.9399579 1.4800245, 103.9430585 1.479932, 103.9459647 1.4797416, 103.9495278 1.4761331, 103.9526243 1.4748747, 103.9546028 1.4740706, 103.9563248 1.4733708, 103.9576203 1.4730624, 103.9582318 1.4739581, 103.9582318 1.4768646, 103.958268 1.4786637, 103.9582694 1.4796384, 103.9596909 1.4796277, 103.9610481 1.4796491, 103.9631791 1.4796389, 103.9655194 1.4796277, 103.9668551 1.4797832, 103.9689325 1.4797698, 103.971616 1.4797725, 103.9741158 1.4797832, 103.9763474 1.4797805, 103.97712057891844 1.479781290960891, 103.98274448549368 1.479961505224067)"
way/553339782-275,MY63-275,275.0,1843.3350719551768,36680.21,Al/St 240/40 3-bundle 300.0,"LINESTRING (103.02186181507834 1.8479654562366266, 103.02708991545295 1.847264236427521, 103.0285004 1.8473691, 103.0309466 1.847542, 103.0333672 1.8476962, 103.0358268 1.8478678, 103.0382542 1.8480206, 103.0406816 1.8481667, 103.0407286 1.8501746, 103.0408037 1.8529412, 103.0434993 1.853094, 103.045231 1.8532043, 103.0463585 1.8532763, 103.0496067 1.8534707, 103.0529273 1.853657, 103.0557168 1.8538312, 103.0580986 1.8539747, 103.0604616 1.8541355, 103.060885 1.8545747, 103.0621983 1.855937, 103.0651742 1.8591499, 103.0665421 1.8595708, 103.0703723 1.8607959, 103.0731404 1.8616458, 103.0758923 1.8625036, 103.0787784 1.8634164, 103.0818951 1.8643895, 103.0845626 1.8652166, 103.0873038 1.8660811, 103.0896306 1.8667741, 103.0932328 1.8679268, 103.0942789 1.8682325, 103.0964702 1.8689643, 103.0993047 1.8681633, 103.103393 1.86701, 103.1041118 1.8675757, 103.1058902 1.869026, 103.1087601 1.8709106, 103.1122014 1.8731865, 103.1148702 1.8758003, 103.1169784 1.8773525, 103.1191349 1.8789636, 103.1210929 1.880438, 103.1228578 1.8817516, 103.1252369 1.883537, 103.1272057 1.8849631, 103.129153 1.8864402, 103.1318486 1.8884723, 103.1345201 1.8904614, 103.1369716 1.892295, 103.1389457 1.8937212, 103.1409091 1.8952063, 103.1432801 1.8969997, 103.1456432 1.8987422, 103.1475475 1.9001871, 103.1490818 1.9013532, 103.1514984 1.9031225, 103.1538749 1.9049079, 103.1564873 1.9068541, 103.1585446 1.9083928, 103.1609935 1.910213, 103.1633639 1.9119897, 103.1651764 1.9142515, 103.1665858 1.9160372, 103.1684856 1.9184443, 103.1700486 1.9204245, 103.1714769 1.9222347, 103.1732967 1.9245602, 103.1753755 1.9272114, 103.1775293 1.9299631, 103.1794986 1.9323985, 103.1806648 1.9338407, 103.1794605 1.9367412, 103.1810785 1.9401999, 103.1824498 1.9430971, 103.1837399 1.9458434, 103.1857498 1.9501174, 103.1874691 1.9537732, 103.1887355 1.9564661, 103.1900834 1.9593619, 103.1915164 1.9623917, 103.1925215 1.9645168, 103.1937379 1.9671237, 103.1968164 1.973702, 103.1978825 1.9760073, 103.1985953 1.9775393, 103.1996528 1.9797749, 103.20051850817299 1.9816246951002194, 103.20206434610043 1.9850659994565047)"
way/445431079-275,way/755668283-275,275.0,1843.3350719551768,70276.76,Al/St 240/40 3-bundle 300.0,"LINESTRING (102.55512606356437 2.108808639478614, 102.56012511856224 2.10977760625348, 102.5627629 2.1101933, 102.5654867 2.1106262, 102.5686061 2.1111435, 102.5716062 2.111634, 102.5745821 2.1121098, 102.5777485 2.1117779, 102.5805031 2.1114893, 102.5839671 2.1110912, 102.5869659 2.1107763, 102.5898546 2.1104653, 102.5931175 2.1101263, 102.5962584 2.1097872, 102.5995441 2.1094361, 102.6026139 2.1091037, 102.605976 2.1087593, 102.6091236 2.1091077, 102.6125649 2.1095044, 102.6158465 2.1077032, 102.618978 2.107466, 102.6216991 2.1072542, 102.6241319 2.1070586, 102.6268932 2.1068495, 102.6299831 2.1065828, 102.6331066 2.106359, 102.6355661 2.1061606, 102.6387808 2.1058913, 102.6423763 2.1057157, 102.6450732 2.1055415, 102.6479499 2.1054061, 102.6507059 2.1052493, 102.6521757 2.1032738, 102.6541109 2.1006631, 102.6555111 2.0987788, 102.6574825 2.0960917, 102.6601727 2.0924959, 102.6613355 2.0909037, 102.6636355 2.0877837, 102.6657611 2.0849264, 102.6674838 2.0826031, 102.6687129 2.0810049, 102.6708908 2.0781248, 102.6725847 2.075963, 102.6742771 2.0737972, 102.6765288 2.0708112, 102.6785861 2.0680704, 102.6806085 2.0654382, 102.6825514 2.0629114, 102.6845741 2.060281, 102.6864959 2.0577358, 102.6875847 2.0563108, 102.6892801 2.0540917, 102.6905581 2.0524459, 102.692087 2.0504329, 102.6937419 2.0482925, 102.6954156 2.0469991, 102.6980777 2.0449499, 102.7004568 2.0431138, 102.7032463 2.0409707, 102.7055436 2.0392056, 102.7080676 2.0372756, 102.7106372 2.0352893, 102.7123504 2.0339792, 102.7158312 2.0312123, 102.7174446 2.0299645, 102.7192779 2.0285921, 102.7220674 2.0294418, 102.7250808 2.0303746, 102.7282754 2.0313744, 102.7312848 2.032326, 102.7343237 2.0332776, 102.7372178 2.0341944, 102.7402809 2.0351245, 102.7434111 2.0361002, 102.7464151 2.0370545, 102.7491349 2.0378533, 102.7519888 2.0387217, 102.7549875 2.0396787, 102.7572834 2.040389, 102.7597564 2.0411717, 102.7628249 2.0421153, 102.765955 2.0431017, 102.7690396 2.0440533, 102.7715662 2.0448333, 102.7749056 2.0458519, 102.7772954 2.0449191, 102.7804041 2.0436432, 102.7833331 2.0424316, 102.7862298 2.0412521, 102.7891803 2.0400191, 102.7919322 2.0388772, 102.794762 2.0377166, 102.7975139 2.0365827, 102.8004 2.0354059, 102.8029588 2.0343498, 102.8054452 2.0336529, 102.8079262 2.0329694, 102.8106755 2.0322081, 102.8134757 2.031412, 102.8163618 2.0306025, 102.8191647 2.0298117, 102.8221098 2.0289968, 102.825036 2.0281846, 102.8279918 2.0273376, 102.8309154 2.0265361, 102.8338632 2.0257024, 102.8367358 2.0249037, 102.839638 2.0240834, 102.8425187 2.0232498, 102.8456247 2.0223545, 102.8485268 2.0215369, 102.8513968 2.0207408, 102.8541863 2.0199715, 102.8563589 2.0193389, 102.8603339 2.0182197, 102.8635566 2.0187076, 102.8663447 2.0191244, 102.8695272 2.0195855, 102.8729725 2.0200814, 102.8749721 2.0203869, 102.8782873 2.0208802, 102.8878005 2.0223132, 102.8908848 2.0227634, 102.8939795 2.0231613, 102.8975254 2.023676, 102.9004115 2.0241049, 102.9033726 2.0245713, 102.9064196 2.0249948, 102.9091769 2.0254076, 102.9119906 2.0256301, 102.9147345 2.0258472, 102.9178539 2.0260884, 102.9210189 2.0263431, 102.9241007 2.0266101, 102.9270512 2.0268658, 102.9302967 2.0271003, 102.9333088 2.0273443, 102.9365998 2.027623, 102.939204 2.0278115, 102.9416947 2.0280224, 102.9442586 2.0282111, 102.9470792 2.028442, 102.9499693 2.0286953, 102.953015 2.0289151, 102.9560311 2.029151, 102.9588085 2.029356, 102.9621398 2.0296361, 102.9651654 2.029876, 102.9678825 2.0300851, 102.970401 2.0302835, 102.9732093 2.0305622, 102.9762509 2.0308491, 102.9793408 2.031156, 102.9826306 2.0314736, 102.9853678 2.0317712, 102.9885653 2.0319315, 102.9917836 2.0320928, 102.9948655 2.0322403, 102.9981512 2.0324118, 103.001335 2.0325961, 103.0046495 2.032763, 103.0075148 2.0328635, 103.0099864 2.0327777, 103.0127907 2.0326263, 103.0148962 2.0325163, 103.0178145 2.0323475, 103.0210921 2.032204, 103.0238652 2.0338034, 103.0266726 2.0354225, 103.0293571 2.0369708, 103.0320328 2.0384577, 103.035015 2.0401662, 103.0375579 2.0416655, 103.0398791 2.0430029, 103.0425926 2.0445433, 103.0447542 2.0457923, 103.0448075 2.0481732, 103.0448851 2.0516334, 103.0449442 2.0534859, 103.0450049 2.0571071, 103.0450912 2.0622537, 103.0452756 2.0678923, 103.0453785 2.0715055, 103.04541696450174 2.0728556943638647, 103.05018010042342 2.0775462759768613)"
way/492388990-275,MY54-275,275.0,1843.3350719551768,4290.31,Al/St 240/40 3-bundle 300.0,"LINESTRING (101.5500739963111 2.836034629011368, 101.5528590383959 2.838838652078856, 101.5555412 2.8388545, 101.5585077 2.8388813, 101.5617666 2.8389135, 101.5637702 2.8407244, 101.5657845 2.8425354, 101.5677962 2.8443651, 101.56857813042492 2.8450735859173504, 101.57593026145013 2.846656558511256)"
way/554295894-275,way/445431079-275,275.0,1843.3350719551768,49860.29,Al/St 240/40 3-bundle 300.0,"LINESTRING (102.1637443341996 2.226598371549263, 102.1686825696863 2.22653279931421, 102.1712744 2.2267979, 102.1737045 2.2270377, 102.176781 2.2273486, 102.1799681 2.2276629, 102.1830869 2.2279698, 102.1863102 2.2282947, 102.189087 2.2285701, 102.1914936 2.2288134, 102.1942103 2.229073, 102.1972281 2.2293595, 102.2002202 2.2296516, 102.20341 2.2299571, 102.2065166 2.2302607, 102.2095066 2.2305381, 102.2127856 2.2308677, 102.2159144 2.2311625, 102.2192672 2.2314761, 102.2222538 2.2317642, 102.2248703 2.2318165, 102.2271261 2.2318634, 102.2299719 2.2319009, 102.2321002 2.2298426, 102.2342969 2.2277252, 102.2363643 2.2257157, 102.2384302 2.2237264, 102.2405626 2.2216104, 102.2422638 2.2200284, 102.244779 2.2175512, 102.2470093 2.2154017, 102.2495587 2.2152717, 102.2522007 2.2151859, 102.2550224 2.2150827, 102.258119 2.2137748, 102.2610466 2.2125754, 102.2634177 2.2103066, 102.2655594 2.2081919, 102.2674692 2.2063171, 102.2691938 2.2046312, 102.2704008 2.2034466, 102.2715837 2.2009245, 102.2732736 2.197454, 102.2746159 2.1949368, 102.2775845 2.1936577, 102.2805127 2.192396, 102.2833291 2.1911952, 102.2861092 2.1899891, 102.2888812 2.1887964, 102.2917888 2.187542, 102.2939667 2.1866174, 102.2961554 2.1847171, 102.2982582 2.1828998, 102.3002565 2.1811684, 102.3021501 2.1795307, 102.3043603 2.1775956, 102.3051515 2.1744114, 102.3076057 2.1725727, 102.3100774 2.1706791, 102.3123707 2.1690026, 102.3147833 2.1671854, 102.316813 2.1682606, 102.3188697 2.1693296, 102.321564 2.168236, 102.3242757 2.1670822, 102.3284519 2.1653333, 102.3308766 2.1642813, 102.3333281 2.1624882, 102.3356093 2.1607701, 102.3367801 2.1605369, 102.3388991 2.1590024, 102.3410945 2.1574371, 102.3432137 2.1559271, 102.3453471 2.154407, 102.3479582 2.1524464, 102.3505466 2.1505273, 102.3531724 2.1486162, 102.3556723 2.14674, 102.3583652 2.1447686, 102.3609026 2.1429835, 102.3631871 2.1406497, 102.3656353 2.1382701, 102.3688406 2.13786, 102.3719564 2.1374951, 102.3751344 2.1370854, 102.3783772 2.1366834, 102.381577 2.13628, 102.3846804 2.1358819, 102.3877113 2.135496, 102.3891865 2.13708, 102.390486 2.1384484, 102.3930287 2.1393289, 102.3958316 2.1402817, 102.3989497 2.1413659, 102.4018063 2.1423362, 102.4044979 2.1432703, 102.4068716 2.1433145, 102.4102673 2.1434056, 102.4134833 2.143478, 102.4166912 2.1435571, 102.4199219 2.1436362, 102.4231017 2.1436938, 102.4257691 2.1436857, 102.426978 2.143756, 102.4279605 2.1438131, 102.4312448 2.1440087, 102.4344125 2.1442097, 102.4377009 2.1443947, 102.4409732 2.1446145, 102.444326 2.1448075, 102.447432 2.1450112, 102.4504387 2.1451934, 102.4534562 2.1453891, 102.4566776 2.1455848, 102.4599874 2.1457992, 102.46319 2.1459788, 102.4664301 2.1462066, 102.4701986 2.1463594, 102.4726796 2.1465684, 102.4750534 2.1459305, 102.477572 2.1452149, 102.4800825 2.1445528, 102.482518 2.143872, 102.485117 2.1424086, 102.4879253 2.1408218, 102.4906021 2.1393181, 102.4931797 2.1378573, 102.4959049 2.1363483, 102.4980533 2.1350778, 102.5005558 2.133617, 102.5028937 2.1323388, 102.5045903 2.1313107, 102.5069128 2.1299831, 102.5092489 2.1286477, 102.5112042 2.1266133, 102.5133902 2.1243939, 102.5155038 2.1222068, 102.5174309 2.1202514, 102.5190429 2.1185856, 102.5216125 2.1159789, 102.5237556 2.1137863, 102.5259939 2.1115013, 102.5283059 2.1091426, 102.5305375 2.1068843, 102.533087 2.1070425, 102.5359811 2.1072114, 102.5388449 2.1074442, 102.5418511 2.1076067, 102.5447077 2.1077515, 102.5477667 2.1079605, 102.55000236029964 2.108094780519155, 102.55512606356437 2.108808639478614)"
way/554938963-275,way/445431079-275,275.0,1843.3350719551768,76709.63,Al/St 240/40 3-bundle 300.0,"LINESTRING (102.21294914318591 2.366476123304244, 102.21925636258504 2.3638296383014414, 102.2208752 2.3643357, 102.2230317 2.3649748, 102.2250661 2.3657721, 102.2270872 2.3665962, 102.2289205 2.3666069, 102.2289687 2.3682711, 102.2317743 2.3696486, 102.2342004 2.3708184, 102.2377624 2.3726072, 102.2400235 2.3743277, 102.2442761 2.3743612, 102.2463562 2.3756824, 102.2483061 2.3770773, 102.2501917 2.3784575, 102.2508676 2.3804902, 102.2527037 2.3813851, 102.2540072 2.3820204, 102.2564532 2.3832063, 102.2574203 2.3836752, 102.2606336 2.3852349, 102.2614842 2.3856505, 102.2640038 2.3868817, 102.2672224 2.3884132, 102.2704746 2.3900332, 102.2737697 2.3916251, 102.277097 2.3932397, 102.2803411 2.3948289, 102.2835584 2.3963912, 102.2869192 2.3979911, 102.2895612 2.3982055, 102.2933096 2.3985043, 102.2968099 2.3982564, 102.2997066 2.3981666, 102.302413 2.3990845, 102.3055083 2.4013744, 102.3082454 2.4016009, 102.3156175 2.4021502, 102.3196328 2.4024598, 102.3239082 2.402788, 102.325893 2.4022909, 102.326349 2.4021141, 102.3300733 2.4009175, 102.3334274 2.3998214, 102.3364153 2.3988111, 102.3389634 2.3980742, 102.3407015 2.3974873, 102.3448147 2.3977566, 102.3494254 2.3980259, 102.3512024 2.3980367, 102.3552713 2.3980835, 102.358451 2.3981358, 102.3613398 2.3981586, 102.3637739 2.3982015, 102.3670435 2.398251, 102.370588 2.3983167, 102.375121 2.3983783, 102.3784 2.3984092, 102.3831448 2.3984895, 102.384683 2.3984842, 102.3868597 2.3983529, 102.3888619 2.4003306, 102.3909125 2.402307, 102.3931803 2.403722, 102.3954454 2.4051262, 102.3988853 2.4072647, 102.4026766 2.4096712, 102.4077782 2.4128696, 102.412287 2.415729, 102.4151154 2.4137392, 102.4181436 2.4116101, 102.420858 2.4097101, 102.4238393 2.4076024, 102.4266636 2.4055603, 102.4292305 2.4037635, 102.431784 2.4020564, 102.4336079 2.4007647, 102.4360996 2.3990389, 102.4366844 2.3967825, 102.4377676 2.3923532, 102.4394739 2.3853769, 102.4402437 2.3823406, 102.440933 2.3794571, 102.4424758 2.3734509, 102.4433684 2.3696647, 102.4441034 2.3666042, 102.4446854 2.3638948, 102.447904 2.3636402, 102.4554732 2.3630238, 102.4596012 2.3626647, 102.4624738 2.3624235, 102.4655288 2.3621663, 102.4684498 2.3619143, 102.4726206 2.3615847, 102.4761423 2.3612819, 102.4802703 2.3609388, 102.4838912 2.360636, 102.4879333 2.3603064, 102.4909937 2.3600625, 102.4944913 2.359765, 102.4950734 2.3575594, 102.4961141 2.3540568, 102.4967498 2.3518163, 102.4975115 2.3492007, 102.4975732 2.3467325, 102.4976188 2.3442508, 102.4979514 2.3417558, 102.4983135 2.3389954, 102.4983537 2.3355731, 102.4984047 2.3322258, 102.4983926 2.3290151, 102.498402 2.3256584, 102.5004405 2.3226984, 102.5021651 2.3200612, 102.5042117 2.3170757, 102.5062126 2.3141759, 102.507669 2.3119997, 102.5087915 2.3102979, 102.510193 2.308176, 102.5118586 2.305766, 102.5109467 2.3024856, 102.5102604 2.2999726, 102.509971 2.2989131, 102.5090678 2.2956837, 102.5082256 2.2937192, 102.507441 2.2917467, 102.5069569 2.2899363, 102.506454 2.2881058, 102.5049949 2.2846847, 102.5034285 2.281021, 102.5020377 2.277754, 102.5004485 2.2759838, 102.4989103 2.2742819, 102.4986514 2.2704587, 102.4983872 2.2666423, 102.498119 2.2628379, 102.4978454 2.2591031, 102.4975853 2.255292, 102.497317 2.2513455, 102.4970797 2.2478465, 102.4994789 2.2453339, 102.5023663 2.2422638, 102.5043632 2.2400808, 102.5069033 2.237402, 102.5087312 2.2354816, 102.5109346 2.2330815, 102.5128993 2.231058, 102.5149137 2.2288924, 102.5171185 2.2265567, 102.5193085 2.2242209, 102.5212893 2.2221397, 102.5212638 2.2182521, 102.5212708 2.2148536, 102.5212839 2.210844, 102.5212598 2.2067218, 102.5212866 2.2035163, 102.5213376 2.1995469, 102.5213107 2.1961564, 102.5213349 2.1927524, 102.5213557 2.1889251, 102.5213751 2.1853469, 102.5222281 2.1823048, 102.5230756 2.1794637, 102.5237355 2.1767004, 102.5231239 2.1742238, 102.5224292 2.1714899, 102.5242504 2.1679037, 102.5258061 2.1646471, 102.527571 2.1609617, 102.5286949 2.1570994, 102.5298107 2.1532264, 102.5302023 2.1502887, 102.5305939 2.1473645, 102.5309707 2.1444295, 102.5292085 2.1413337, 102.5276153 2.1385006, 102.5259443 2.1355228, 102.5242773 2.1325503, 102.5226358 2.1295483, 102.5209379 2.1265811, 102.519342 2.1237158, 102.5175825 2.1206347, 102.5198436 2.1183149, 102.5220028 2.1161277, 102.5242035 2.1138654, 102.5263788 2.1116581, 102.5285393 2.1094535, 102.5306784 2.1072703, 102.5341143 2.1074781, 102.537569 2.1076938, 102.5410102 2.1079069, 102.5444421 2.1081254, 102.5479478 2.1083612, 102.54983209875643 2.108466496098683, 102.55512606356437 2.108808639478614)"
way/554295894-275,way/554938963-275,275.0,1843.3350719551768,22148.22,Al/St 240/40 3-bundle 300.0,"LINESTRING (102.1637443341996 2.226598371549263, 102.16696135400217 2.229339993435338, 102.169295 2.2318647, 102.1720308 2.2344525, 102.1743134 2.2366046, 102.1765289 2.2386871, 102.1804154 2.2390999, 102.1845379 2.2395072, 102.1885827 2.2399602, 102.1926007 2.2404038, 102.1968989 2.2408795, 102.2009329 2.2413204, 102.2018033 2.2446719, 102.2028145 2.2485809, 102.2038499 2.2526212, 102.2047296 2.2561322, 102.2042441 2.2590254, 102.2036098 2.2625792, 102.2039907 2.2627347, 102.2032718 2.2665806, 102.2027528 2.2696681, 102.2022016 2.2726913, 102.2041704 2.2743998, 102.2043246 2.2747764, 102.2066823 2.2768943, 102.2093685 2.2793325, 102.2120433 2.2817259, 102.2135876 2.2831289, 102.2136506 2.2834974, 102.2166386 2.2861761, 102.2224054 2.2913688, 102.2219494 2.2947349, 102.2213352 2.29948, 102.2208939 2.3029841, 102.2203226 2.3076889, 102.2199002 2.3113271, 102.2193396 2.315524, 102.2188488 2.319335, 102.2183458 2.3233483, 102.2178161 2.3276483, 102.2173682 2.3309742, 102.2167781 2.3356508, 102.2163369 2.339329, 102.2157682 2.3439051, 102.2152224 2.3475606, 102.2146873 2.3519584, 102.2142662 2.3558697, 102.2137164 2.3602246, 102.21368720380511 2.360451790509719, 102.21294914318591 2.366476123304244)"
way/554456729-275,way/554295894-275,275.0,1843.3350719551768,21453.82,Al/St 240/40 3-bundle 300.0,"LINESTRING (102.0528626824267 2.3490186761617506, 102.05896977433416 2.355876691114688, 102.0603275 2.357396, 102.0617518 2.3589852, 102.0646888 2.3622266, 102.0669392 2.3646358, 102.0703221 2.3655075, 102.0737238 2.3663483, 102.0758709 2.3644804, 102.0780408 2.3624222, 102.0802215 2.3604096, 102.0825523 2.358218, 102.0845043 2.356401, 102.0863999 2.3546035, 102.0888166 2.3523644, 102.0907558 2.3505192, 102.0927098 2.3487022, 102.0942628 2.3472349, 102.0961069 2.3454112, 102.098549 2.343144, 102.1006787 2.3410228, 102.1029425 2.3388868, 102.1050829 2.3367643, 102.1076477 2.3343148, 102.1096413 2.3323678, 102.1120117 2.3300583, 102.1138859 2.3282862, 102.1182552 2.3271492, 102.1213035 2.3270152, 102.1239817 2.3269448, 102.1259726 2.3268745, 102.12909 2.326041, 102.1310024 2.3255633, 102.1328209 2.3246601, 102.1331971 2.3220471, 102.133588 2.3189691, 102.1338563 2.3167179, 102.1342908 2.3131468, 102.1345979 2.3105753, 102.1348406 2.3088065, 102.1359068 2.3072025, 102.1369629 2.3056427, 102.1395238 2.3017888, 102.1405444 2.3002317, 102.1420236 2.2979925, 102.1434546 2.2958096, 102.1447822 2.2938967, 102.1468851 2.2906827, 102.1480438 2.2889165, 102.1497738 2.28629, 102.1500903 2.2834706, 102.1504739 2.280359, 102.1508454 2.2771483, 102.1511981 2.2740373, 102.1531065 2.271776, 102.1550142 2.2695167, 102.1569447 2.267258, 102.1588209 2.2650489, 102.1608125 2.2627226, 102.1627007 2.2604606, 102.1629395 2.2575888, 102.1631701 2.2546447, 102.1633686 2.2519914, 102.1636107 2.2490661, 102.163834 2.246077, 102.1642249 2.2432059, 102.1646333 2.2403153, 102.1649766 2.2376331, 102.1653358 2.2349412, 102.1657491 2.2318446, 102.16592765907879 2.2305460770526073, 102.1637443341996 2.226598371549263)"
way/554456729-275,way/554938963-275,275.0,1843.3350719551768,24330.89,Al/St 240/40 3-bundle 300.0,"LINESTRING (102.0528626824267 2.3490186761617506, 102.05873115659901 2.356160587807981, 102.0600606 2.3576398, 102.0616029 2.3593496, 102.0641457 2.3621703, 102.066742 2.3649695, 102.0704281 2.3659182, 102.072954 2.3671201, 102.0737238 2.3673733, 102.0752768 2.3653044, 102.077951 2.3627451, 102.0807753 2.3601201, 102.0836232 2.3574549, 102.0855175 2.3556781, 102.0888971 2.352631, 102.0912816 2.3535503, 102.095156 2.3552547, 102.0988776 2.3569042, 102.1040422 2.3566791, 102.1065178 2.3565786, 102.109589 2.3587359, 102.1127593 2.3609576, 102.1153155 2.3610032, 102.1184751 2.3610487, 102.1195909 2.3614882, 102.1222329 2.3627103, 102.1256246 2.3635504, 102.1288486 2.3642861, 102.1321826 2.3651048, 102.1341929 2.3652214, 102.1375631 2.3654425, 102.1393763 2.3651236, 102.1402882 2.366493, 102.1425466 2.3658284, 102.1445435 2.3667771, 102.146861 2.3668843, 102.150384 2.3670839, 102.1547185 2.3673479, 102.1573511 2.3674913, 102.1606274 2.3699367, 102.1639869 2.3724357, 102.1659797 2.3738963, 102.1697456 2.3757159, 102.1740988 2.3777942, 102.1785861 2.3763752, 102.1838942 2.374719, 102.1884674 2.376075, 102.1907298 2.3767504, 102.1932444 2.3748128, 102.1956477 2.3729208, 102.1984465 2.3741857, 102.2009853 2.3753072, 102.2037144 2.3739097, 102.206119 2.3724545, 102.20712048913919 2.3718498962784755, 102.21294914318591 2.366476123304244)"
way/554497441-275,way/554938963-275,275.0,1843.3350719551768,32423.28,Al/St 240/40 3-bundle 300.0,"LINESTRING (101.9622983287266 2.595573748097281, 101.96674217891868 2.597162751091116, 101.967908 2.5970711, 101.9697574 2.5969264, 101.9706076 2.5968982, 101.9709523 2.5940794, 101.9727078 2.5922748, 101.9751298 2.5897749, 101.9772421 2.5875978, 101.9794857 2.5853042, 101.9823986 2.5823152, 101.9840522 2.5806258, 101.9859888 2.5786162, 101.988211 2.5763842, 101.9894689 2.5750873, 101.9924422 2.5720126, 101.9953135 2.5691013, 101.9974981 2.5668183, 101.9993623 2.5649051, 102.0022993 2.5619295, 102.0057392 2.5584019, 102.0089418 2.5550954, 102.0108823 2.5530884, 102.0120585 2.5518933, 102.015021 2.5488681, 102.0172338 2.5465918, 102.0187908 2.5450243, 102.0215173 2.5422215, 102.0233171 2.5403658, 102.0256063 2.5380266, 102.027166 2.5364296, 102.028656 2.5348781, 102.0311666 2.5323083, 102.033598 2.5298311, 102.035564 2.5278173, 102.0379874 2.5253186, 102.0405945 2.5226337, 102.0431024 2.520076, 102.0453353 2.5177795, 102.0485969 2.5144206, 102.0508057 2.512151, 102.0529561 2.5099536, 102.0570908 2.5081154, 102.0609391 2.5064259, 102.0663719 2.5040277, 102.0686303 2.5030214, 102.0716062 2.5017017, 102.0752822 2.5000778, 102.0784606 2.4986737, 102.0808303 2.4976032, 102.0829317 2.4966561, 102.0842582 2.4960584, 102.0885685 2.4941679, 102.090607 2.4932836, 102.0925073 2.4924368, 102.0961015 2.4908611, 102.0989688 2.4895856, 102.1023041 2.488077, 102.1053135 2.4867639, 102.1088514 2.4851963, 102.1124589 2.4836153, 102.1144813 2.4826988, 102.117814 2.4812384, 102.120291 2.4801478, 102.1230201 2.4789138, 102.1245919 2.4782224, 102.127199 2.4771264, 102.1295339 2.4760666, 102.1319345 2.4750376, 102.1344289 2.4739509, 102.1367919 2.472863, 102.1401595 2.4713891, 102.1434116 2.4699903, 102.1470286 2.4683061, 102.1495539 2.4688689, 102.152279 2.4676375, 102.1547332 2.4665656, 102.1566752 2.4652311, 102.159474 2.4633312, 102.1617874 2.4617662, 102.1661568 2.4598449, 102.1669896 2.4580977, 102.1694881 2.4525948, 102.1713548 2.4485415, 102.1725392 2.4459697, 102.1740226 2.4427487, 102.1756464 2.4392228, 102.1777613 2.4346283, 102.1803068 2.4290597, 102.1812831 2.4269568, 102.1823975 2.4245563, 102.1835884 2.421985, 102.1848665 2.4191699, 102.1854231 2.4180122, 102.1862559 2.416084, 102.1873757 2.4135811, 102.1880972 2.4120951, 102.1889475 2.4101844, 102.190133 2.407656, 102.1909323 2.4059891, 102.192307 2.4030239, 102.1936105 2.4001095, 102.1949677 2.3972608, 102.1963504 2.3942286, 102.1976285 2.3915259, 102.1987805 2.3889948, 102.199915 2.3866016, 102.2009584 2.3842487, 102.2021534 2.3816894, 102.2028682 2.3800172, 102.2043461 2.3770049, 102.2053626 2.3747029, 102.2084177 2.3728297, 102.20852357915771 2.372759969614419, 102.21294914318591 2.366476123304244)"
MY68-275,way/561806959-275,275.0,1843.3350719551768,83818.23,Al/St 240/40 3-bundle 300.0,"LINESTRING (111.54916434520432 1.4895594509742747, 111.54901062719598 1.4946885375898975, 111.5486793 1.4964926, 111.5476286 1.5016152, 111.54672 1.5060688, 111.5458992 1.5101578, 111.5454721 1.5121875, 111.5451268 1.5138613, 111.5443717 1.5174314, 111.5439949 1.5192533, 111.5429843 1.5241835, 111.5422207 1.5275543, 111.5417245 1.53008, 111.5412202 1.5323752, 111.5407777 1.5345711, 111.5394956 1.5408613, 111.5391523 1.5426309, 111.5383852 1.5463364, 111.5379292 1.5483956, 111.5368831 1.5536615, 111.536572 1.555045, 111.5357593 1.5590347, 111.5350699 1.5624264, 111.537028 1.564322, 111.5395626 1.5667459, 111.5419659 1.5690597, 111.5443718 1.5714058, 111.5472713 1.5743149, 111.5491703 1.5760684, 111.5528959 1.5796424, 111.5543443 1.5810715, 111.5568173 1.5834417, 111.5586761 1.5852327, 111.5605858 1.5870478, 111.564011 1.5903698, 111.5655237 1.5918445, 111.5682998 1.5945417, 111.5699226 1.5960244, 111.5722963 1.5983946, 111.5755096 1.6014484, 111.5778941 1.6037998, 111.5807506 1.6065024, 111.5843287 1.6099423, 111.5866864 1.6122481, 111.5893391 1.6147952, 111.5908438 1.6162484, 111.5929198 1.6183021, 111.5961814 1.6213988, 111.5989655 1.6240666, 111.6011462 1.626123, 111.6035655 1.6284663, 111.6058508 1.6306461, 111.6081011 1.6332494, 111.6107243 1.6353863, 111.6107082 1.6413357, 111.61066 1.6432821, 111.6105983 1.6481108, 111.6106251 1.6526606, 111.610609 1.6559879, 111.6105822 1.6591676, 111.6105741 1.6618836, 111.61055 1.6665942, 111.6105071 1.6703826, 111.6104642 1.673809, 111.6104507 1.6777823, 111.6104025 1.6809004, 111.6103703 1.6860239, 111.6103998 1.6878818, 111.6092893 1.6934236, 111.6085947 1.6968553, 111.6077819 1.7011449, 111.6068271 1.7059574, 111.6061136 1.7094561, 111.6052231 1.7140219, 111.6044292 1.7180621, 111.6035333 1.722644, 111.6029486 1.7270381, 111.6017738 1.7317298, 111.6005963 1.7373733, 111.6002235 1.739376, 111.598987 1.7458318, 111.5979195 1.7511856, 111.5972033 1.7549819, 111.5967447 1.757191, 111.6006312 1.7622982, 111.6029969 1.7654644, 111.6055611 1.7689791, 111.6081306 1.7724401, 111.6120467 1.7776304, 111.614002 1.7802175, 111.6158339 1.7826625, 111.6171429 1.7843863, 111.6180736 1.7856437, 111.6204688 1.7888178, 111.6217267 1.7904639, 111.6231456 1.7924102, 111.6251063 1.795008, 111.6273674 1.7980803, 111.6297761 1.8012545, 111.6327882 1.8052785, 111.6346979 1.8077851, 111.6360846 1.8097073, 111.6605115 1.8423252, 111.6616541 1.8437433, 111.6687432 1.8531262, 111.6732037 1.8591526, 111.6797537 1.8679563, 111.6835463 1.8730123, 111.6856572 1.8758325, 111.6895531 1.88106, 111.6878244 1.8891371, 111.6856813 1.8991577, 111.6851959 1.901372, 111.6847748 1.903471, 111.6830769 1.911355, 111.6824895 1.9140411, 111.6817948 1.9173893, 111.6809714 1.9212039, 111.680553 1.9230617, 111.6771305 1.9391672, 111.6737911 1.9548705, 111.6731474 1.9578407, 111.6726056 1.9603337, 111.6720048 1.9631537, 111.6714281 1.9656896, 111.6709185 1.9686061, 111.6700923 1.972493, 111.6695693 1.9749619, 111.6688719 1.9776344, 111.6676247 1.9836604, 111.6669756 1.9874025, 111.6699743 2.000776, 111.670559 2.003545, 111.6712913 2.0065982, 111.6721067 2.0099516, 111.6735443 2.0161302, 111.6744402 2.0203601, 111.6748372 2.0221347, 111.6752931 2.0243595, 111.6758162 2.0266031, 111.6766047 2.03012, 111.6772351 2.0328997, 111.6781041 2.0363977, 111.6787371 2.0392552, 111.6797724 2.0435681, 111.6812123 2.0499422, 111.6825566 2.055893, 111.6831198 2.0583188, 111.68338544462608 2.0594880349552835, 111.68233662517976 2.065825329684043)"
way/236051516-275,way/934653890-275,275.0,1843.3350719551768,279390.79,Al/St 240/40 3-bundle 300.0,"LINESTRING (112.27101087041301 2.117148585693594, 112.27711875399764 2.123149450067144, 112.2801734 2.1280761, 112.2834498 2.137312, 112.288186 2.1496236, 112.2955367 2.1880265, 112.3442856 2.2498959, 112.3459768 2.2522286, 112.3474467 2.2541851, 112.3497051 2.260017, 112.3524463 2.2631796, 112.3555899 2.2668352, 112.3574781 2.268974, 112.3592055 2.2708554, 112.364307 2.2767034, 112.3684591 2.2828676, 112.3718011 2.2878632, 112.3753738 2.2931483, 112.3799443 2.2993768, 112.3829269 2.3043831, 112.384429 2.3066665, 112.3860168 2.3091321, 112.3882055 2.3123589, 112.3919499 2.3178583, 112.3982155 2.3243332, 112.3996425 2.3266701, 112.4035263 2.3329842, 112.4043213 2.3342485, 112.407099 2.3386658, 112.4122274 2.3427072, 112.4168622 2.3463626, 112.4191368 2.3481636, 112.4231386 2.3512616, 112.424984 2.3527409, 112.4295008 2.3562463, 112.4302143 2.3568305, 112.4336851 2.3595533, 112.4352676 2.3608236, 112.4403101 2.3652026, 112.4462324 2.3703641, 112.4484479 2.3723258, 112.4521762 2.3756382, 112.4539089 2.3771389, 112.4570578 2.3798671, 112.4587369 2.381341, 112.4600941 2.3826059, 112.4615532 2.3837636, 112.4636346 2.3856824, 112.4685913 2.3899756, 112.4697608 2.3910476, 112.4725503 2.3936363, 112.4754578 2.3960482, 112.4786389 2.398846, 112.4817395 2.4018367, 112.4859345 2.4055349, 112.4888849 2.4079682, 112.4904406 2.4092974, 112.4919641 2.4108731, 112.4939275 2.4151073, 112.4963415 2.4195986, 112.4980259 2.4226644, 112.4999142 2.4261052, 112.5015235 2.4289887, 112.503283 2.4321187, 112.5039053 2.433212, 112.5075531 2.4396435, 112.5088835 2.4421947, 112.5120056 2.44764, 112.5128853 2.4493443, 112.514441 2.4520776, 112.5167262 2.4561616, 112.5198913 2.4617676, 112.5223803 2.4683919, 112.5238609 2.4724115, 112.5254702 2.476624, 112.5273693 2.4816913, 112.5289357 2.4860243, 112.5307488 2.4911693, 112.5318432 2.4938168, 112.5328195 2.4963464, 112.535094 2.5025632, 112.5376689 2.5095303, 112.5387525 2.5119313, 112.5402868 2.5163473, 112.5429904 2.5236787, 112.5444174 2.527473, 112.5457907 2.5311923, 112.5463807 2.5327358, 112.5477219 2.5350509, 112.5527215 2.5368302, 112.5547171 2.5381271, 112.5563586 2.5393275, 112.5581181 2.5404958, 112.5619268 2.542961, 112.5672376 2.5465409, 112.5712824 2.5491883, 112.574619 2.5513963, 112.5787067 2.5541937, 112.5821292 2.5567018, 112.5841999 2.5582345, 112.5880945 2.5603459, 112.5916189 2.5626128, 112.5948697 2.5647082, 112.5973856 2.5664499, 112.6007223 2.5686417, 112.6043486 2.5709997, 112.6069343 2.5727468, 112.6084766 2.5737006, 112.6127118 2.5765624, 112.6148361 2.5778753, 112.6163596 2.5789685, 112.6195407 2.5810318, 112.6241219 2.5841935, 112.6299369 2.5879341, 112.6339066 2.5906029, 112.6363313 2.5921248, 112.6397967 2.5943112, 112.6453328 2.5981268, 112.6504075 2.60146, 112.6532936 2.6033892, 112.6561904 2.6052862, 112.6607823 2.6083622, 112.6634967 2.6101092, 112.6675522 2.6128637, 112.6700735 2.6145571, 112.673217 2.6165613, 112.6752019 2.6177831, 112.677573 2.619305, 112.6829374 2.6226274, 112.6875079 2.6254247, 112.6890957 2.6264322, 112.6923787 2.6285007, 112.6969814 2.6313944, 112.6995778 2.6329377, 112.7059615 2.6369354, 112.7100491 2.6395075, 112.7141797 2.6421226, 112.717098 2.6439124, 112.7193419 2.6452964, 112.7218938 2.6468704, 112.725091 2.6489496, 112.7267861 2.6499034, 112.7303266 2.6521273, 112.733497 2.654035, 112.7362007 2.6558087, 112.7382874 2.6583058, 112.7414203 2.6628499, 112.7456367 2.6646826, 112.750985 2.6669546, 112.7622664 2.6730795, 112.7635699 2.6737547, 112.7666169 2.6752337, 112.7694976 2.6774253, 112.7715146 2.6789471, 112.7738428 2.680769, 112.7765733 2.6827571, 112.7812993 2.6864866, 112.7841103 2.6884853, 112.7889383 2.6922095, 112.7930152 2.6952853, 112.7996081 2.7000061, 112.8042054 2.7036927, 112.8065175 2.7054931, 112.8099668 2.7081563, 112.8148645 2.7118107, 112.8172839 2.7136594, 112.8218436 2.7172441, 112.8264785 2.7207164, 112.8305018 2.723701, 112.8334361 2.7259836, 112.8370291 2.7287034, 112.8394389 2.7305275, 112.8443152 2.734139, 112.8454685 2.7350124, 112.8478503 2.7368503, 112.8520453 2.7400224, 112.8579998 2.7445662, 112.8644371 2.749394, 112.8680098 2.7520785, 112.8713411 2.7546397, 112.8745866 2.7570616, 112.8763568 2.7584012, 112.8806806 2.7617179, 112.8832555 2.7637058, 112.8867745 2.7663956, 112.889387 2.7684531, 112.8928471 2.7710411, 112.8949499 2.7726003, 112.8971708 2.7743096, 112.9004914 2.7769029, 112.9033881 2.7790033, 112.905888 2.7810715, 112.908892 2.7832362, 112.91004 2.7842596, 112.914471 2.7877584, 112.9170138 2.7896284, 112.9200876 2.7919377, 112.9225713 2.7939202, 112.9255325 2.7961866, 112.9285258 2.7985281, 112.9314923 2.8007731, 112.932474 2.8014482, 112.9366797 2.8048613, 112.9394746 2.8060882, 112.9461318 2.8098763, 112.9493263 2.8115962, 112.9528521 2.8136014, 112.9547229 2.8146047, 112.9592961 2.8171203, 112.9610825 2.8181329, 112.9642689 2.8199814, 112.967568 2.8218942, 112.9699472 2.8232358, 112.9739624 2.8255001, 112.9790318 2.8283451, 112.9808825 2.8294113, 112.9831356 2.8306168, 112.9874325 2.8329636, 112.9898465 2.8344102, 112.992872 2.8361033, 112.9969329 2.8383911, 112.9993442 2.839768, 113.004349 2.8425539, 113.0083537 2.844783, 113.0117601 2.8467171, 113.013761 2.8478423, 113.0155796 2.8488549, 113.017382 2.8500015, 113.0226713 2.8529482, 113.0256003 2.8546681, 113.0280304 2.8560825, 113.0316353 2.8581988, 113.0342263 2.8596722, 113.0379927 2.8618411, 113.0413717 2.863787, 113.0447888 2.8657961, 113.0468649 2.866948, 113.0560166 2.872295, 113.0623144 2.8760078, 113.0658495 2.8783009, 113.0697012 2.880819, 113.0715948 2.8847462, 113.0733544 2.8886733, 113.0749956 2.8921565, 113.0764872 2.895322, 113.0824685 2.8988634, 113.0881333 2.8984991, 113.0923605 2.8982366, 113.0967432 2.8980062, 113.0996615 2.8998117, 113.1023544 2.9015368, 113.1082553 2.9052817, 113.1119835 2.9076551, 113.1152558 2.9097338, 113.1187266 2.9119358, 113.1219613 2.913993, 113.1252712 2.9161199, 113.1284416 2.9180968, 113.1306839 2.9195005, 113.1333071 2.9215256, 113.136338 2.923824, 113.1399053 2.9267009, 113.1426895 2.9288171, 113.1456077 2.9310618, 113.1494701 2.934062, 113.151412 2.935487, 113.154695 2.9381229, 113.1577796 2.9404694, 113.1615508 2.9434909, 113.1638789 2.9451517, 113.1665289 2.9472571, 113.1698924 2.9499358, 113.1729394 2.9522662, 113.1757557 2.9544145, 113.1792641 2.9571039, 113.1819463 2.9592789, 113.1835341 2.9627879, 113.1851649 2.9664951, 113.1869942 2.970722, 113.1890809 2.9753667, 113.1908297 2.979106, 113.1924713 2.982931, 113.1939304 2.9862979, 113.1953627 2.989622, 113.1971651 2.9936666, 113.1988013 2.9973952, 113.2004093 3.0010795, 113.2019898 3.0046389, 113.2036427 3.0083611, 113.2052359 3.011961, 113.2063866 3.0144667, 113.2051903 3.0177305, 113.2040678 3.0215594, 113.2031921 3.0242539, 113.2022063 3.0271386, 113.2021621 3.0292934, 113.2021138 3.0313719, 113.2019904 3.0356012, 113.2019395 3.039493, 113.2018536 3.0422919, 113.2017812 3.0461408, 113.2016927 3.049679, 113.2016256 3.0532386, 113.201513 3.0570607, 113.2014795 3.0603725, 113.2030486 3.0637339, 113.2042006 3.0664323, 113.2054129 3.0691161, 113.2070746 3.0726984, 113.2085189 3.0758896, 113.2101712 3.0771243, 113.2125181 3.0788385, 113.2159942 3.081419, 113.2174681 3.083026, 113.2199652 3.0858128, 113.2223712 3.0884657, 113.224061 3.0903687, 113.2270852 3.0937112, 113.2285631 3.0953382, 113.2317646 3.0988802, 113.2350098 3.1024705, 113.2385489 3.1063995, 113.239819 3.1078043, 113.2419808 3.1101906, 113.2443573 3.112826, 113.2466881 3.1154213, 113.2484436 3.1173764, 113.2495701 3.1220901, 113.2499644 3.1239809, 113.2505317 3.1267247, 113.2517816 3.1313125, 113.2523073 3.13353, 113.2535398 3.1387057, 113.2546945 3.1435545, 113.2555796 3.1473789, 113.2563749 3.1505713, 113.2586293 3.1544171, 113.2601018 3.1563347, 113.2626405 3.1596154, 113.2652275 3.1629523, 113.2675061 3.1658688, 113.2696787 3.1686647, 113.2721972 3.1719079, 113.274744 3.1752194, 113.2765008 3.1775627, 113.2794017 3.1812317, 113.2817057 3.1841856, 113.283433 3.1864365, 113.2860589 3.1898443, 113.2887277 3.1932642, 113.291029 3.1962288, 113.2930313 3.1987703, 113.2960381 3.2026842, 113.2974341 3.204374, 113.2993533 3.2067561, 113.3013649 3.2092266, 113.303901 3.2123679, 113.3056565 3.2145826, 113.308057 3.2175739, 113.3123365 3.2227544, 113.3151072 3.2262465, 113.3167568 3.2282844, 113.3199674 3.2322451, 113.3231056 3.236116, 113.325364 3.2388998, 113.3277552 3.2413514, 113.3296528 3.2432728, 113.3321567 3.2458356, 113.3343387 3.2480542, 113.3359627 3.2497185, 113.3392994 3.2531261, 113.3429177 3.2567988, 113.3447014 3.2586144, 113.3479455 3.261927, 113.3510649 3.2651096, 113.3534333 3.2675317, 113.3553565 3.2694839, 113.3580145 3.2721644, 113.3605465 3.2747646, 113.3624348 3.2766872, 113.3648112 3.279424, 113.3672842 3.2822544, 113.3701837 3.2855856, 113.3716536 3.2872458, 113.3748561 3.2909251, 113.3772433 3.2936859, 113.3790994 3.2958228, 113.3809715 3.2979248, 113.3821517 3.2993226, 113.3861858 3.3039284, 113.3896753 3.307937, 113.3914161 3.3099586, 113.3949995 3.3140663, 113.3993071 3.3189799, 113.4025419 3.3227046, 113.4038401 3.3241773, 113.4067208 3.3275137, 113.4084079 3.3294363, 113.4117714 3.3332627, 113.4146091 3.3365241, 113.4169212 3.3391, 113.4200205 3.3425984, 113.4221649 3.3453014, 113.42317348282133 3.346419223215586, 113.42757402796822 3.3535904190689036)"
way/562298165-275,way/450080688-275,275.0,1843.3350719551768,69373.59,Al/St 240/40 3-bundle 300.0,"LINESTRING (115.8923330676744 5.648604049722001, 115.8942919001957 5.653877706274545, 115.8943167 5.6539318, 115.8953977 5.6553278, 115.8965014 5.6566998, 115.8987598 5.6577527, 115.9007031 5.6594103, 115.9026597 5.6610798, 115.9046245 5.6595571, 115.9066549 5.6579836, 115.907135 5.6585442, 115.9091896 5.6610878, 115.911456 5.6601656, 115.9127328 5.6577341, 115.9133403 5.6555173, 115.914039 5.6526733, 115.9169224 5.6521742, 115.9198822 5.6516404, 115.92283 5.6510932, 115.9256409 5.6505914, 115.9288113 5.6500148, 115.9315552 5.6494837, 115.9346612 5.6489312, 115.9368432 5.6485294, 115.9388012 5.6500802, 115.9409201 5.6517738, 115.942744 5.6531418, 115.9450279 5.6542455, 115.9477611 5.6554693, 115.9501737 5.6565196, 115.9518662 5.6563408, 115.9536539 5.6550609, 115.9541742 5.6546218, 115.9578368 5.6554319, 115.9608637 5.6561833, 115.9633327 5.6573577, 115.9660926 5.658811, 115.9679997 5.6592968, 115.9714919 5.6601243, 115.9807965 5.6622275, 115.9847112 5.6630977, 115.9885977 5.6640012, 115.992562 5.6649033, 115.9949988 5.6654625, 115.997382 5.6660017, 116.001365 5.6669238, 116.003079 5.6673015, 116.0052368 5.6677913, 116.0084608 5.6685907, 116.0109003 5.6691285, 116.0122414 5.6694421, 116.014988 5.6721005, 116.018102 5.6749111, 116.0208338 5.6772345, 116.0229689 5.6790494, 116.0251012 5.6809952, 116.0262251 5.6820708, 116.0283239 5.6837883, 116.0296167 5.6849093, 116.0325283 5.6873875, 116.0356812 5.690282, 116.0366629 5.6910987, 116.0389079 5.6930457, 116.0431927 5.6967956, 116.0452527 5.6986279, 116.048722 5.7014147, 116.0515176 5.7036603, 116.054222 5.7058327, 116.0555711 5.7082387, 116.0572851 5.7114734, 116.0584921 5.7138927, 116.0602932 5.7171688, 116.06148 5.7194226, 116.0626401 5.7213776, 116.0648248 5.7257558, 116.0659888 5.7278308, 116.0668632 5.7293294, 116.0696031 5.7346456, 116.0700577 5.7354716, 116.0714116 5.7381197, 116.0738008 5.7428034, 116.0747771 5.7447495, 116.0774231 5.7499242, 116.0787857 5.7525222, 116.0804138 5.7557406, 116.0812855 5.7574566, 116.0835774 5.7620227, 116.085235 5.7652891, 116.0864823 5.7681259, 116.08713 5.7689358, 116.0879099 5.7704249, 116.0895192 5.7735298, 116.0916978 5.7778729, 116.0934996 5.780228, 116.0950848 5.7827217, 116.0960075 5.7841554, 116.0988922 5.7886839, 116.1010359 5.7921784, 116.1027787 5.7949143, 116.1048514 5.7981471, 116.1053985 5.8004981, 116.1061844 5.8038643, 116.1069971 5.807408, 116.108062 5.8121058, 116.1087124 5.814945, 116.1094111 5.8180911, 116.1095479 5.820666, 116.1097772 5.8248741, 116.1098953 5.8265965, 116.1112256 5.8282729, 116.1122167 5.8294623, 116.112244 5.8356408, 116.1122543 5.8379636, 116.1123475 5.8418766, 116.1124259 5.8451112, 116.1124601 5.8467829, 116.1111787 5.8530579, 116.1120531 5.8542933, 116.1149244 5.8583063, 116.1162293 5.8600233, 116.1178815 5.8624006, 116.1203693 5.8657265, 116.1219397 5.867881, 116.1233801 5.8698942, 116.1249116 5.871998, 116.1264934 5.8741545, 116.1284112 5.8768106, 116.1299287 5.8788377, 116.1306549 5.8794554, 116.1348036 5.8827998, 116.1380491 5.8855359, 116.1393982 5.8866285, 116.1414535 5.8883247, 116.1455264 5.8916245, 116.147811 5.8934494, 116.1490944 5.8945873, 116.1507587 5.8976835, 116.1528026 5.9017029, 116.1549979 5.9058363, 116.156221 5.9082494, 116.1569841 5.9098122, 116.1573476 5.9118932, 116.1577485 5.9140035, 116.1581817 5.9165754, 116.1584459 5.9182242, 116.1587839 5.9200744, 116.1568755 5.9210095, 116.1570138 5.9226484, 116.1581167 5.9253228, 116.1577532 5.9281334, 116.1558214 5.9293679, 116.1534805 5.9298008, 116.1520421 5.9298048, 116.1488765 5.9298628, 116.1449464 5.9299055, 116.1424653 5.9299309, 116.1412382 5.9299509, 116.1397214 5.9304858, 116.1387706 5.9308099, 116.13821979938763 5.930586295601163, 116.13444889855441 5.928853744531992)"
way/691450925-275,way/513083092-275,275.0,1843.3350719551768,4623.07,Al/St 240/40 3-bundle 300.0,"LINESTRING (113.31510319481505 3.52753095983218, 113.32401175438345 3.5416537214085166, 113.3264047 3.5392098, 113.3287704 3.5367175, 113.3306158 3.5348649, 113.33371018675922 3.5328421260324028, 113.34194121562304 3.5297847172803785)"
way/812671277-275,way/755608493-275,275.0,1843.3350719551768,51270.96,Al/St 240/40 3-bundle 300.0,"LINESTRING (103.98274448549368 1.479961505224067, 103.97727523567383 1.4799684220515308, 103.9754409 1.4799454, 103.9725454 1.4799722, 103.9694984 1.4799521, 103.9668202 1.4799829, 103.9654885 1.4798529, 103.9633025 1.479814, 103.9608631 1.4798234, 103.9582593 1.4798616, 103.9582184 1.4811681, 103.9582318 1.4847932, 103.9582331 1.4887843, 103.9601268 1.4906157, 103.9621773 1.4926173, 103.96229 1.4951109, 103.9624295 1.4991006, 103.9625247 1.5028048, 103.9626051 1.5048788, 103.9627969 1.5094035, 103.9661255 1.5114372, 103.9677604 1.5124065, 103.9705103 1.5140575, 103.9697988 1.5158626, 103.9683987 1.5193832, 103.9676745 1.5212399, 103.966037 1.5253262, 103.9646476 1.5287595, 103.9678301 1.5306726, 103.970747 1.5324503, 103.9726125 1.5335623, 103.9754516 1.5352817, 103.9782257 1.5369568, 103.9810695 1.5386855, 103.9838415 1.5403573, 103.9862569 1.5422864, 103.9880526 1.5437544, 103.9904478 1.5456688, 103.9931501 1.5478232, 103.9957814 1.5499494, 103.9983858 1.5521011, 104.000659 1.5539444, 104.0031762 1.5559808, 104.0064432 1.5568535, 104.0099193 1.5577651, 104.0142833 1.5589073, 104.0176655 1.5598002, 104.0210612 1.560689, 104.0254118 1.5618312, 104.0285131 1.562657, 104.0295424 1.5646786, 104.0322205 1.5662954, 104.0326929 1.5660901, 104.0347834 1.5651814, 104.0378666 1.5661707, 104.0388496 1.5657243, 104.0416297 1.5644521, 104.0442342 1.563271, 104.047135 1.56198, 104.0500975 1.5606421, 104.0515941 1.558605, 104.0531813 1.5564131, 104.0550475 1.5537755, 104.0598272 1.5537701, 104.0637559 1.5537808, 104.0663885 1.5537768, 104.0703227 1.5537768, 104.0728587 1.5537822, 104.0761766 1.5537768, 104.0790133 1.5537644, 104.0820717 1.5537613, 104.0842566 1.5495881, 104.0847341 1.5462645, 104.0852232 1.5433446, 104.0856809 1.5398024, 104.0861032 1.5367836, 104.0866781 1.533493, 104.0871021 1.5302734, 104.0879238 1.5272722, 104.0888006 1.524153, 104.0896915 1.5210296, 104.0913447 1.5150521, 104.0924436 1.5111203, 104.0934535 1.5076571, 104.0942378 1.5048825, 104.0951671 1.5013939, 104.0959034 1.4989074, 104.0968026 1.4955647, 104.0972639 1.4940038, 104.098456 1.4897462, 104.1012297 1.4884527, 104.1045249 1.48697, 104.1044929 1.4830416, 104.1044842 1.4807807, 104.1044962 1.4768505, 104.1045271 1.4742481, 104.1044691 1.4725378, 104.1044622 1.4689092, 104.1044662 1.4672688, 104.1059253 1.4672643, 104.1101161 1.4672163, 104.1123136 1.4672133, 104.1154638 1.4671756, 104.1187581 1.4670953, 104.1219721 1.4671034, 104.1261388 1.4670324, 104.1285402 1.4670251, 104.1316642 1.4669726, 104.1349683 1.4669292, 104.1367957 1.4669129, 104.1367717 1.4654487, 104.1367412 1.4621437, 104.1367207 1.4588818, 104.1366919 1.455657, 104.1366279 1.4524232, 104.1331166 1.4504641, 104.1330401 1.4483666, 104.1291451 1.4477942, 104.1291016 1.4447185, 104.1318387 1.4446174, 104.1325651 1.4415478, 104.1333143 1.4383655, 104.1340508 1.4352073, 104.1347947 1.4320354, 104.1354258 1.4293214, 104.1360365 1.426731, 104.1366604 1.4240255, 104.1372775 1.4213825, 104.1382012 1.4203902, 104.1408326 1.4176158, 104.1425957 1.4158013, 104.1446498 1.4136055, 104.1470022 1.4111248, 104.1495072 1.4094301, 104.1519304 1.4078062, 104.1543653 1.4062781, 104.156695 1.4047429, 104.15804100206012 1.403867745214427, 104.15989435032292 1.3971239894936665)"
MY12-275,way/562298165-275,275.0,1843.3350719551768,75178.87,Al/St 240/40 3-bundle 300.0,"LINESTRING (115.75847439999994 5.278505588559662, 115.75860276818479 5.2827511171496395, 115.7591555 5.3010316, 115.7590667 5.3043511, 115.7591842 5.3059874, 115.7592809 5.3078562, 115.7594673 5.3109866, 115.7611359 5.314098, 115.7625955 5.3168468, 115.7633515 5.3182724, 115.7649017 5.3212181, 115.7661802 5.3236192, 115.7677338 5.3265276, 115.7671016 5.3291585, 115.7665877 5.3312517, 115.765851 5.3340612, 115.7653249 5.3360625, 115.7643931 5.3396195, 115.7636371 5.3426266, 115.7603922 5.343929, 115.7588089 5.3453927, 115.7575966 5.3465633, 115.7560987 5.3467489, 115.7538169 5.347061, 115.7508019 5.3474391, 115.7485915 5.3495669, 115.7476318 5.3506317, 115.745904 5.3521891, 115.7442324 5.3538376, 115.7422088 5.3559281, 115.7423701 5.3564818, 115.7434098 5.3562325, 115.744354 5.3578483, 115.7458958 5.360542, 115.7473604 5.3628273, 115.7486765 5.3647889, 115.7496715 5.3659419, 115.7513062 5.3677638, 115.7531497 5.3699896, 115.7545191 5.3716453, 115.7564714 5.3738676, 115.7576708 5.3753002, 115.7598735 5.3777893, 115.7611956 5.3794032, 115.7623951 5.3808076, 115.7622009 5.3838418, 115.7621309 5.3849729, 115.7620397 5.3881219, 115.7619737 5.3909225, 115.7617596 5.3936346, 115.7615625 5.3972571, 115.7614294 5.4000672, 115.7612205 5.4034267, 115.7609788 5.4066419, 115.763237 5.4090319, 115.765193 5.4111633, 115.7675584 5.4137133, 115.769572 5.4158551, 115.7716259 5.418022, 115.7730753 5.4196338, 115.7747758 5.4214554, 115.7763494 5.4231725, 115.7789803 5.4260152, 115.7803604 5.4275257, 115.7823626 5.4297105, 115.7839856 5.4314816, 115.7861972 5.4338338, 115.7889984 5.4361316, 115.7903299 5.4371628, 115.7924378 5.438939, 115.795288 5.4413143, 115.7977167 5.4434672, 115.800166 5.4456216, 115.8012971 5.4464025, 115.8037038 5.4486125, 115.8049946 5.4497413, 115.8070228 5.4513032, 115.8114104 5.454859, 115.8198686 5.4585456, 115.8250523 5.4608209, 115.831152 5.463663, 115.8412694 5.4681121, 115.8434284 5.4690749, 115.8463727 5.4703619, 115.8524767 5.4738133, 115.8543224 5.4750109, 115.8566387 5.4762796, 115.8586924 5.4775029, 115.8615225 5.4791459, 115.8644662 5.4808946, 115.8668249 5.4822073, 115.8687876 5.4833833, 115.8713461 5.4848482, 115.874342 5.4865634, 115.8772569 5.4881625, 115.879996 5.4898856, 115.8827578 5.4917466, 115.8847156 5.4931884, 115.8869193 5.4946948, 115.8898162 5.4967374, 115.8918838 5.4981889, 115.8942852 5.4999806, 115.8968371 5.5005015, 115.8979307 5.500751, 115.8990692 5.5032085, 115.9011394 5.5047331, 115.9031239 5.5060952, 115.9053231 5.5076628, 115.9081019 5.5095966, 115.9105221 5.5113219, 115.9131004 5.5129844, 115.915381 5.5146548, 115.9178163 5.516395, 115.9205033 5.5182755, 115.9228948 5.5200122, 115.9259498 5.5222233, 115.9287045 5.5235019, 115.9307321 5.525513, 115.9339204 5.5277452, 115.9356723 5.5301578, 115.9367576 5.5317737, 115.9382017 5.5337422, 115.9403532 5.5367247, 115.9417524 5.5386477, 115.9447155 5.5412462, 115.9476041 5.5439926, 115.951196 5.5471581, 115.953842 5.5499339, 115.9555216 5.5554642, 115.9573435 5.5612853, 115.9585129 5.5650695, 115.9593502 5.5675553, 115.9592114 5.569835, 115.9591027 5.5722656, 115.9588834 5.5753945, 115.9587646 5.5786014, 115.9570101 5.5849115, 115.9547321 5.5932967, 115.95384 5.5965221, 115.9525428 5.6028189, 115.9520764 5.6060258, 115.9516589 5.6091094, 115.9512145 5.6124764, 115.9507807 5.615727, 115.9503265 5.6189683, 115.9501093 5.6203914, 115.949832 5.6238587, 115.9496293 5.6268525, 115.9496324 5.6297006, 115.9496821 5.631082, 115.9476976 5.6322089, 115.9462235 5.6330678, 115.9442325 5.6342513, 115.9405142 5.6335225, 115.9379258 5.6330042, 115.9352398 5.6324584, 115.9319429 5.6330144, 115.9287696 5.6335944, 115.9266288 5.6334946, 115.9245271 5.6334322, 115.9214066 5.6341553, 115.9183502 5.6348549, 115.9158223 5.6367395, 115.9132932 5.6386707, 115.9111371 5.6387564, 115.908869 5.6388953, 115.9066368 5.6389175, 115.90411 5.6398022, 115.9012793 5.6407739, 115.8979203 5.6413531, 115.8961452 5.6417004, 115.8957618 5.6408182, 115.89438935177357 5.641435610307056, 115.8923330676744 5.648604049722001)"
MY70-275,MY69-275,275.0,1843.3350719551768,2749.39,Al/St 240/40 3-bundle 300.0,"LINESTRING (103.58523818346883 1.4854632420680494, 103.5900238812413 1.486487954618126, 103.5924531 1.4855932, 103.5950763 1.4846414, 103.5974409 1.4838069, 103.5995938 1.4830772, 103.6028394 1.4818993, 103.6031780712281 1.4822022036588895, 103.60708239999995 1.4818544966944165)"
MY47-275,way/398265255-275,275.0,1843.3350719551768,3446.41,Al/St 240/40 3-bundle 300.0,"LINESTRING (101.50407659999998 3.0297354932942895, 101.50734081947462 3.030689656016492, 101.5078995 3.030846, 101.5088958 3.0335582, 101.509855 3.0360965, 101.5108094 3.0386171, 101.5120978 3.0420493, 101.5128912 3.0441893, 101.51354521598064 3.0459456337165416, 101.5147675996849 3.050557011687339)"
